
insert into usuario (id, rol_id, email, contrasena, token) values( 22, 4, 'Dardaestudiante@gmail.com', '$2y$10$rLBxGygGRsLKk.nNNhbs1OD5PeH4ST/.LNG/93b49/lUA2/iaeM72', '');
insert into persona (usuario_id, cedula, nombre, apellido, direccion, telefono) values (22,60621, 'Darda', 'Hawse', 'PO Box 53964', 5321483304);
insert into estudiante (id, persona_id) values ('e-60621',60621);

insert into usuario (id, rol_id, email, contrasena, token) values( 23, 4, 'Ivettestudiante@gmail.com', '$2y$10$rLBxGygGRsLKk.nNNhbs1OD5PeH4ST/.LNG/93b49/lUA2/iaeM72', '');
insert into persona (usuario_id, cedula, nombre, apellido, direccion, telefono) values (23,61587, 'Ivett', 'Cristofor', '7th Floor', 1376234675);
insert into estudiante (id, persona_id) values ('e-61587',61587);

insert into usuario (id, rol_id, email, contrasena, token) values( 24, 4, 'Marlenaestudiante@gmail.com', '$2y$10$rLBxGygGRsLKk.nNNhbs1OD5PeH4ST/.LNG/93b49/lUA2/iaeM72', '');
insert into persona (usuario_id, cedula, nombre, apellido, direccion, telefono) values (24,13870, 'Marlena', 'Elleyne', 'PO Box 46998', 9441765234);
insert into estudiante (id, persona_id) values ('e-13870',13870);

insert into usuario (id, rol_id, email, contrasena, token) values( 25, 4, 'Isabelleestudiante@gmail.com', '$2y$10$rLBxGygGRsLKk.nNNhbs1OD5PeH4ST/.LNG/93b49/lUA2/iaeM72', '');
insert into persona (usuario_id, cedula, nombre, apellido, direccion, telefono) values (25,20184, 'Isabelle', 'Iskower', 'Room 1186', 1024228847);
insert into estudiante (id, persona_id) values ('e-20184',20184);

insert into usuario (id, rol_id, email, contrasena, token) values( 26, 4, 'Esteleestudiante@gmail.com', '$2y$10$rLBxGygGRsLKk.nNNhbs1OD5PeH4ST/.LNG/93b49/lUA2/iaeM72', '');
insert into persona (usuario_id, cedula, nombre, apellido, direccion, telefono) values (26,62153, 'Estele', 'Fantin', 'Room 1692', 8182714338);
insert into estudiante (id, persona_id) values ('e-62153',62153);

insert into usuario (id, rol_id, email, contrasena, token) values( 27, 4, 'Lanieestudiante@gmail.com', '$2y$10$rLBxGygGRsLKk.nNNhbs1OD5PeH4ST/.LNG/93b49/lUA2/iaeM72', '');
insert into persona (usuario_id, cedula, nombre, apellido, direccion, telefono) values (27,37236, 'Lanie', 'Kalker', 'PO Box 12000', 5921709020);
insert into estudiante (id, persona_id) values ('e-37236',37236);

insert into usuario (id, rol_id, email, contrasena, token) values( 28, 4, 'Findlayestudiante@gmail.com', '$2y$10$rLBxGygGRsLKk.nNNhbs1OD5PeH4ST/.LNG/93b49/lUA2/iaeM72', '');
insert into persona (usuario_id, cedula, nombre, apellido, direccion, telefono) values (28,68999, 'Findlay', 'Collingworth', 'Room 1873', 4917882637);
insert into estudiante (id, persona_id) values ('e-68999',68999);

insert into usuario (id, rol_id, email, contrasena, token) values( 29, 4, 'Sophieestudiante@gmail.com', '$2y$10$rLBxGygGRsLKk.nNNhbs1OD5PeH4ST/.LNG/93b49/lUA2/iaeM72', '');
insert into persona (usuario_id, cedula, nombre, apellido, direccion, telefono) values (29,48778, 'Sophie', 'Gluyus', 'Room 1563', 1802695771);
insert into estudiante (id, persona_id) values ('e-48778',48778);

insert into usuario (id, rol_id, email, contrasena, token) values( 30, 4, 'Jenifferestudiante@gmail.com', '$2y$10$rLBxGygGRsLKk.nNNhbs1OD5PeH4ST/.LNG/93b49/lUA2/iaeM72', '');
insert into persona (usuario_id, cedula, nombre, apellido, direccion, telefono) values (30,49908, 'Jeniffer', 'Brolechan', 'PO Box 35480', 6128084682);
insert into estudiante (id, persona_id) values ('e-49908',49908);

insert into usuario (id, rol_id, email, contrasena, token) values( 31, 4, 'Humfriedestudiante@gmail.com', '$2y$10$rLBxGygGRsLKk.nNNhbs1OD5PeH4ST/.LNG/93b49/lUA2/iaeM72', '');
insert into persona (usuario_id, cedula, nombre, apellido, direccion, telefono) values (31,23764, 'Humfried', 'Jozef', 'Suite 40', 8389817223);
insert into estudiante (id, persona_id) values ('e-23764',23764);

insert into usuario (id, rol_id, email, contrasena, token) values( 32, 4, 'Bartholemyestudiante@gmail.com', '$2y$10$rLBxGygGRsLKk.nNNhbs1OD5PeH4ST/.LNG/93b49/lUA2/iaeM72', '');
insert into persona (usuario_id, cedula, nombre, apellido, direccion, telefono) values (32,37616, 'Bartholemy', 'Adami', 'Apt 448', 2171245276);
insert into estudiante (id, persona_id) values ('e-37616',37616);

insert into usuario (id, rol_id, email, contrasena, token) values( 33, 4, 'Earvinestudiante@gmail.com', '$2y$10$rLBxGygGRsLKk.nNNhbs1OD5PeH4ST/.LNG/93b49/lUA2/iaeM72', '');
insert into persona (usuario_id, cedula, nombre, apellido, direccion, telefono) values (33,77765, 'Earvin', 'Roblett', 'PO Box 16438', 9196383852);
insert into estudiante (id, persona_id) values ('e-77765',77765);

insert into usuario (id, rol_id, email, contrasena, token) values( 34, 4, 'Dionneestudiante@gmail.com', '$2y$10$rLBxGygGRsLKk.nNNhbs1OD5PeH4ST/.LNG/93b49/lUA2/iaeM72', '');
insert into persona (usuario_id, cedula, nombre, apellido, direccion, telefono) values (34,14595, 'Dionne', 'Alfonso', 'Room 529', 5029447898);
insert into estudiante (id, persona_id) values ('e-14595',14595);

insert into usuario (id, rol_id, email, contrasena, token) values( 35, 4, 'Saxeestudiante@gmail.com', '$2y$10$rLBxGygGRsLKk.nNNhbs1OD5PeH4ST/.LNG/93b49/lUA2/iaeM72', '');
insert into persona (usuario_id, cedula, nombre, apellido, direccion, telefono) values (35,81438, 'Saxe', 'Bartot', 'PO Box 1398', 3104239329);
insert into estudiante (id, persona_id) values ('e-81438',81438);

insert into usuario (id, rol_id, email, contrasena, token) values( 36, 4, 'Karolaestudiante@gmail.com', '$2y$10$rLBxGygGRsLKk.nNNhbs1OD5PeH4ST/.LNG/93b49/lUA2/iaeM72', '');
insert into persona (usuario_id, cedula, nombre, apellido, direccion, telefono) values (36,52673, 'Karola', 'O''Bruen', 'Apt 1865', 5721362085);
insert into estudiante (id, persona_id) values ('e-52673',52673);

insert into usuario (id, rol_id, email, contrasena, token) values( 37, 4, 'Alessandroestudiante@gmail.com', '$2y$10$rLBxGygGRsLKk.nNNhbs1OD5PeH4ST/.LNG/93b49/lUA2/iaeM72', '');
insert into persona (usuario_id, cedula, nombre, apellido, direccion, telefono) values (37,74599, 'Alessandro', 'Brosius', 'Apt 903', 2072310319);
insert into estudiante (id, persona_id) values ('e-74599',74599);

insert into usuario (id, rol_id, email, contrasena, token) values( 38, 4, 'Terenceestudiante@gmail.com', '$2y$10$rLBxGygGRsLKk.nNNhbs1OD5PeH4ST/.LNG/93b49/lUA2/iaeM72', '');
insert into persona (usuario_id, cedula, nombre, apellido, direccion, telefono) values (38,80516, 'Terence', 'McNirlan', 'Room 958', 2689941275);
insert into estudiante (id, persona_id) values ('e-80516',80516);

insert into usuario (id, rol_id, email, contrasena, token) values( 39, 4, 'Cosimoestudiante@gmail.com', '$2y$10$rLBxGygGRsLKk.nNNhbs1OD5PeH4ST/.LNG/93b49/lUA2/iaeM72', '');
insert into persona (usuario_id, cedula, nombre, apellido, direccion, telefono) values (39,71403, 'Cosimo', 'Corbally', 'Suite 12', 7355350697);
insert into estudiante (id, persona_id) values ('e-71403',71403);

insert into usuario (id, rol_id, email, contrasena, token) values( 40, 4, 'Zebedeeestudiante@gmail.com', '$2y$10$rLBxGygGRsLKk.nNNhbs1OD5PeH4ST/.LNG/93b49/lUA2/iaeM72', '');
insert into persona (usuario_id, cedula, nombre, apellido, direccion, telefono) values (40,45059, 'Zebedee', 'Manolov', '1st Floor', 5859909971);
insert into estudiante (id, persona_id) values ('e-45059',45059);

insert into usuario (id, rol_id, email, contrasena, token) values( 41, 4, 'Sharlaestudiante@gmail.com', '$2y$10$rLBxGygGRsLKk.nNNhbs1OD5PeH4ST/.LNG/93b49/lUA2/iaeM72', '');
insert into persona (usuario_id, cedula, nombre, apellido, direccion, telefono) values (41,80292, 'Sharla', 'Torri', '10th Floor', 6648559209);
insert into estudiante (id, persona_id) values ('e-80292',80292);

insert into usuario (id, rol_id, email, contrasena, token) values( 42, 4, 'Addaestudiante@gmail.com', '$2y$10$rLBxGygGRsLKk.nNNhbs1OD5PeH4ST/.LNG/93b49/lUA2/iaeM72', '');
insert into persona (usuario_id, cedula, nombre, apellido, direccion, telefono) values (42,57692, 'Adda', 'Cammacke', 'Room 34', 3042762435);
insert into estudiante (id, persona_id) values ('e-57692',57692);

insert into usuario (id, rol_id, email, contrasena, token) values( 43, 4, 'Eileenestudiante@gmail.com', '$2y$10$rLBxGygGRsLKk.nNNhbs1OD5PeH4ST/.LNG/93b49/lUA2/iaeM72', '');
insert into persona (usuario_id, cedula, nombre, apellido, direccion, telefono) values (43,20828, 'Eileen', 'Temporal', 'PO Box 42455', 9539277299);
insert into estudiante (id, persona_id) values ('e-20828',20828);

insert into usuario (id, rol_id, email, contrasena, token) values( 44, 4, 'Roannaestudiante@gmail.com', '$2y$10$rLBxGygGRsLKk.nNNhbs1OD5PeH4ST/.LNG/93b49/lUA2/iaeM72', '');
insert into persona (usuario_id, cedula, nombre, apellido, direccion, telefono) values (44,62963, 'Roanna', 'Bavage', 'PO Box 1875', 5958629767);
insert into estudiante (id, persona_id) values ('e-62963',62963);

insert into usuario (id, rol_id, email, contrasena, token) values( 45, 4, 'Jamieestudiante@gmail.com', '$2y$10$rLBxGygGRsLKk.nNNhbs1OD5PeH4ST/.LNG/93b49/lUA2/iaeM72', '');
insert into persona (usuario_id, cedula, nombre, apellido, direccion, telefono) values (45,86463, 'Jamie', 'Meneghi', 'Apt 1350', 1643168980);
insert into estudiante (id, persona_id) values ('e-86463',86463);

insert into usuario (id, rol_id, email, contrasena, token) values( 46, 4, 'Adrienaestudiante@gmail.com', '$2y$10$rLBxGygGRsLKk.nNNhbs1OD5PeH4ST/.LNG/93b49/lUA2/iaeM72', '');
insert into persona (usuario_id, cedula, nombre, apellido, direccion, telefono) values (46,79346, 'Adriena', 'Cunniffe', 'Suite 42', 6388329604);
insert into estudiante (id, persona_id) values ('e-79346',79346);

insert into usuario (id, rol_id, email, contrasena, token) values( 47, 4, 'Baldestudiante@gmail.com', '$2y$10$rLBxGygGRsLKk.nNNhbs1OD5PeH4ST/.LNG/93b49/lUA2/iaeM72', '');
insert into persona (usuario_id, cedula, nombre, apellido, direccion, telefono) values (47,75652, 'Bald', 'Rowlstone', 'PO Box 48805', 9993137416);
insert into estudiante (id, persona_id) values ('e-75652',75652);

insert into usuario (id, rol_id, email, contrasena, token) values( 48, 4, 'Packstonestudiante@gmail.com', '$2y$10$rLBxGygGRsLKk.nNNhbs1OD5PeH4ST/.LNG/93b49/lUA2/iaeM72', '');
insert into persona (usuario_id, cedula, nombre, apellido, direccion, telefono) values (48,20796, 'Packston', 'Marlen', '15th Floor', 5778285183);
insert into estudiante (id, persona_id) values ('e-20796',20796);

insert into usuario (id, rol_id, email, contrasena, token) values( 49, 4, 'Pearlestudiante@gmail.com', '$2y$10$rLBxGygGRsLKk.nNNhbs1OD5PeH4ST/.LNG/93b49/lUA2/iaeM72', '');
insert into persona (usuario_id, cedula, nombre, apellido, direccion, telefono) values (49,64905, 'Pearl', 'Kennewell', 'Apt 1780', 5194271275);
insert into estudiante (id, persona_id) values ('e-64905',64905);

insert into usuario (id, rol_id, email, contrasena, token) values( 50, 4, 'Chickyestudiante@gmail.com', '$2y$10$rLBxGygGRsLKk.nNNhbs1OD5PeH4ST/.LNG/93b49/lUA2/iaeM72', '');
insert into persona (usuario_id, cedula, nombre, apellido, direccion, telefono) values (50,50334, 'Chicky', 'Kimbell', 'Apt 70', 6407749735);
insert into estudiante (id, persona_id) values ('e-50334',50334);

insert into usuario (id, rol_id, email, contrasena, token) values( 51, 4, 'Dorieestudiante@gmail.com', '$2y$10$rLBxGygGRsLKk.nNNhbs1OD5PeH4ST/.LNG/93b49/lUA2/iaeM72', '');
insert into persona (usuario_id, cedula, nombre, apellido, direccion, telefono) values (51,45159, 'Dorie', 'Doughty', 'PO Box 57248', 9487118110);
insert into estudiante (id, persona_id) values ('e-45159',45159);

insert into usuario (id, rol_id, email, contrasena, token) values( 52, 4, 'Skippestudiante@gmail.com', '$2y$10$rLBxGygGRsLKk.nNNhbs1OD5PeH4ST/.LNG/93b49/lUA2/iaeM72', '');
insert into persona (usuario_id, cedula, nombre, apellido, direccion, telefono) values (52,32079, 'Skipp', 'MacEllen', 'Apt 121', 7616833734);
insert into estudiante (id, persona_id) values ('e-32079',32079);

insert into usuario (id, rol_id, email, contrasena, token) values( 53, 4, 'Brynneestudiante@gmail.com', '$2y$10$rLBxGygGRsLKk.nNNhbs1OD5PeH4ST/.LNG/93b49/lUA2/iaeM72', '');
insert into persona (usuario_id, cedula, nombre, apellido, direccion, telefono) values (53,23888, 'Brynne', 'Teresi', 'Room 1248', 2752897733);
insert into estudiante (id, persona_id) values ('e-23888',23888);

insert into usuario (id, rol_id, email, contrasena, token) values( 54, 4, 'Merylestudiante@gmail.com', '$2y$10$rLBxGygGRsLKk.nNNhbs1OD5PeH4ST/.LNG/93b49/lUA2/iaeM72', '');
insert into persona (usuario_id, cedula, nombre, apellido, direccion, telefono) values (54,41657, 'Meryl', 'Handes', 'Suite 80', 8798319701);
insert into estudiante (id, persona_id) values ('e-41657',41657);

insert into usuario (id, rol_id, email, contrasena, token) values( 55, 4, 'Emmyestudiante@gmail.com', '$2y$10$rLBxGygGRsLKk.nNNhbs1OD5PeH4ST/.LNG/93b49/lUA2/iaeM72', '');
insert into persona (usuario_id, cedula, nombre, apellido, direccion, telefono) values (55,75011, 'Emmy', 'Dryburgh', 'Apt 606', 1511178117);
insert into estudiante (id, persona_id) values ('e-75011',75011);

insert into usuario (id, rol_id, email, contrasena, token) values( 56, 4, 'Aubineestudiante@gmail.com', '$2y$10$rLBxGygGRsLKk.nNNhbs1OD5PeH4ST/.LNG/93b49/lUA2/iaeM72', '');
insert into persona (usuario_id, cedula, nombre, apellido, direccion, telefono) values (56,49467, 'Aubine', 'Eddie', 'PO Box 40197', 7089997433);
insert into estudiante (id, persona_id) values ('e-49467',49467);

insert into usuario (id, rol_id, email, contrasena, token) values( 57, 4, 'Janeanestudiante@gmail.com', '$2y$10$rLBxGygGRsLKk.nNNhbs1OD5PeH4ST/.LNG/93b49/lUA2/iaeM72', '');
insert into persona (usuario_id, cedula, nombre, apellido, direccion, telefono) values (57,87722, 'Janean', 'Bloschke', 'Suite 40', 9094430342);
insert into estudiante (id, persona_id) values ('e-87722',87722);

insert into usuario (id, rol_id, email, contrasena, token) values( 58, 4, 'Jeddyestudiante@gmail.com', '$2y$10$rLBxGygGRsLKk.nNNhbs1OD5PeH4ST/.LNG/93b49/lUA2/iaeM72', '');
insert into persona (usuario_id, cedula, nombre, apellido, direccion, telefono) values (58,16082, 'Jeddy', 'Andrews', 'Suite 79', 9501297593);
insert into estudiante (id, persona_id) values ('e-16082',16082);

insert into usuario (id, rol_id, email, contrasena, token) values( 59, 4, 'Juninaestudiante@gmail.com', '$2y$10$rLBxGygGRsLKk.nNNhbs1OD5PeH4ST/.LNG/93b49/lUA2/iaeM72', '');
insert into persona (usuario_id, cedula, nombre, apellido, direccion, telefono) values (59,57345, 'Junina', 'Prescott', 'Room 191', 4421683103);
insert into estudiante (id, persona_id) values ('e-57345',57345);

insert into usuario (id, rol_id, email, contrasena, token) values( 60, 4, 'Randyestudiante@gmail.com', '$2y$10$rLBxGygGRsLKk.nNNhbs1OD5PeH4ST/.LNG/93b49/lUA2/iaeM72', '');
insert into persona (usuario_id, cedula, nombre, apellido, direccion, telefono) values (60,21796, 'Randy', 'Goskar', 'Suite 96', 9171525853);
insert into estudiante (id, persona_id) values ('e-21796',21796);

insert into usuario (id, rol_id, email, contrasena, token) values( 61, 4, 'Janayaestudiante@gmail.com', '$2y$10$rLBxGygGRsLKk.nNNhbs1OD5PeH4ST/.LNG/93b49/lUA2/iaeM72', '');
insert into persona (usuario_id, cedula, nombre, apellido, direccion, telefono) values (61,22377, 'Janaya', 'Tart', '16th Floor', 2238677288);
insert into estudiante (id, persona_id) values ('e-22377',22377);

insert into usuario (id, rol_id, email, contrasena, token) values( 62, 4, 'Nigelestudiante@gmail.com', '$2y$10$rLBxGygGRsLKk.nNNhbs1OD5PeH4ST/.LNG/93b49/lUA2/iaeM72', '');
insert into persona (usuario_id, cedula, nombre, apellido, direccion, telefono) values (62,35799, 'Nigel', 'Levesque', 'Room 1634', 6468697250);
insert into estudiante (id, persona_id) values ('e-35799',35799);

insert into usuario (id, rol_id, email, contrasena, token) values( 63, 4, 'Julieestudiante@gmail.com', '$2y$10$rLBxGygGRsLKk.nNNhbs1OD5PeH4ST/.LNG/93b49/lUA2/iaeM72', '');
insert into persona (usuario_id, cedula, nombre, apellido, direccion, telefono) values (63,19528, 'Julie', 'Kinkead', 'Suite 37', 1331286513);
insert into estudiante (id, persona_id) values ('e-19528',19528);

insert into usuario (id, rol_id, email, contrasena, token) values( 64, 4, 'Nickeyestudiante@gmail.com', '$2y$10$rLBxGygGRsLKk.nNNhbs1OD5PeH4ST/.LNG/93b49/lUA2/iaeM72', '');
insert into persona (usuario_id, cedula, nombre, apellido, direccion, telefono) values (64,53322, 'Nickey', 'Brose', 'Apt 1319', 9045575180);
insert into estudiante (id, persona_id) values ('e-53322',53322);

insert into usuario (id, rol_id, email, contrasena, token) values( 65, 4, 'Jeannineestudiante@gmail.com', '$2y$10$rLBxGygGRsLKk.nNNhbs1OD5PeH4ST/.LNG/93b49/lUA2/iaeM72', '');
insert into persona (usuario_id, cedula, nombre, apellido, direccion, telefono) values (65,11288, 'Jeannine', 'Castan', 'Apt 237', 6528481168);
insert into estudiante (id, persona_id) values ('e-11288',11288);

insert into usuario (id, rol_id, email, contrasena, token) values( 66, 4, 'Doreestudiante@gmail.com', '$2y$10$rLBxGygGRsLKk.nNNhbs1OD5PeH4ST/.LNG/93b49/lUA2/iaeM72', '');
insert into persona (usuario_id, cedula, nombre, apellido, direccion, telefono) values (66,19805, 'Dore', 'Aldie', 'Apt 1674', 9745762617);
insert into estudiante (id, persona_id) values ('e-19805',19805);

insert into usuario (id, rol_id, email, contrasena, token) values( 67, 4, 'Bernhardestudiante@gmail.com', '$2y$10$rLBxGygGRsLKk.nNNhbs1OD5PeH4ST/.LNG/93b49/lUA2/iaeM72', '');
insert into persona (usuario_id, cedula, nombre, apellido, direccion, telefono) values (67,78117, 'Bernhard', 'Withnall', '2nd Floor', 2209331499);
insert into estudiante (id, persona_id) values ('e-78117',78117);

insert into usuario (id, rol_id, email, contrasena, token) values( 68, 4, 'Stormieestudiante@gmail.com', '$2y$10$rLBxGygGRsLKk.nNNhbs1OD5PeH4ST/.LNG/93b49/lUA2/iaeM72', '');
insert into persona (usuario_id, cedula, nombre, apellido, direccion, telefono) values (68,34330, 'Stormie', 'Junkison', 'PO Box 13374', 4697983058);
insert into estudiante (id, persona_id) values ('e-34330',34330);

insert into usuario (id, rol_id, email, contrasena, token) values( 69, 4, 'Sheereeestudiante@gmail.com', '$2y$10$rLBxGygGRsLKk.nNNhbs1OD5PeH4ST/.LNG/93b49/lUA2/iaeM72', '');
insert into persona (usuario_id, cedula, nombre, apellido, direccion, telefono) values (69,53890, 'Sheeree', 'Gilding', '16th Floor', 5217095845);
insert into estudiante (id, persona_id) values ('e-53890',53890);

insert into usuario (id, rol_id, email, contrasena, token) values( 70, 4, 'Malchyestudiante@gmail.com', '$2y$10$rLBxGygGRsLKk.nNNhbs1OD5PeH4ST/.LNG/93b49/lUA2/iaeM72', '');
insert into persona (usuario_id, cedula, nombre, apellido, direccion, telefono) values (70,49746, 'Malchy', 'Dollimore', 'Apt 1915', 6978190304);
insert into estudiante (id, persona_id) values ('e-49746',49746);

insert into usuario (id, rol_id, email, contrasena, token) values( 71, 4, 'Stephanusestudiante@gmail.com', '$2y$10$rLBxGygGRsLKk.nNNhbs1OD5PeH4ST/.LNG/93b49/lUA2/iaeM72', '');
insert into persona (usuario_id, cedula, nombre, apellido, direccion, telefono) values (71,72439, 'Stephanus', 'Rippon', '6th Floor', 3014677293);
insert into estudiante (id, persona_id) values ('e-72439',72439);

insert into usuario (id, rol_id, email, contrasena, token) values( 72, 4, 'Nobleestudiante@gmail.com', '$2y$10$rLBxGygGRsLKk.nNNhbs1OD5PeH4ST/.LNG/93b49/lUA2/iaeM72', '');
insert into persona (usuario_id, cedula, nombre, apellido, direccion, telefono) values (72,35658, 'Noble', 'Jurges', 'Suite 72', 3772675562);
insert into estudiante (id, persona_id) values ('e-35658',35658);

insert into usuario (id, rol_id, email, contrasena, token) values( 73, 4, 'Hunfredoestudiante@gmail.com', '$2y$10$rLBxGygGRsLKk.nNNhbs1OD5PeH4ST/.LNG/93b49/lUA2/iaeM72', '');
insert into persona (usuario_id, cedula, nombre, apellido, direccion, telefono) values (73,52260, 'Hunfredo', 'Vaskov', 'Suite 22', 4352382927);
insert into estudiante (id, persona_id) values ('e-52260',52260);

insert into usuario (id, rol_id, email, contrasena, token) values( 74, 4, 'Heywoodestudiante@gmail.com', '$2y$10$rLBxGygGRsLKk.nNNhbs1OD5PeH4ST/.LNG/93b49/lUA2/iaeM72', '');
insert into persona (usuario_id, cedula, nombre, apellido, direccion, telefono) values (74,87958, 'Heywood', 'Impleton', '15th Floor', 5051032810);
insert into estudiante (id, persona_id) values ('e-87958',87958);

insert into usuario (id, rol_id, email, contrasena, token) values( 75, 4, 'Goldaestudiante@gmail.com', '$2y$10$rLBxGygGRsLKk.nNNhbs1OD5PeH4ST/.LNG/93b49/lUA2/iaeM72', '');
insert into persona (usuario_id, cedula, nombre, apellido, direccion, telefono) values (75,23393, 'Golda', 'Rubinfajn', 'Room 946', 2663111280);
insert into estudiante (id, persona_id) values ('e-23393',23393);

insert into usuario (id, rol_id, email, contrasena, token) values( 76, 4, 'Abbyeestudiante@gmail.com', '$2y$10$rLBxGygGRsLKk.nNNhbs1OD5PeH4ST/.LNG/93b49/lUA2/iaeM72', '');
insert into persona (usuario_id, cedula, nombre, apellido, direccion, telefono) values (76,88439, 'Abbye', 'Kissock', 'Apt 349', 7091696196);
insert into estudiante (id, persona_id) values ('e-88439',88439);

insert into usuario (id, rol_id, email, contrasena, token) values( 77, 4, 'Susanestudiante@gmail.com', '$2y$10$rLBxGygGRsLKk.nNNhbs1OD5PeH4ST/.LNG/93b49/lUA2/iaeM72', '');
insert into persona (usuario_id, cedula, nombre, apellido, direccion, telefono) values (77,20746, 'Susan', 'Fehner', 'Room 10', 8234538049);
insert into estudiante (id, persona_id) values ('e-20746',20746);

insert into usuario (id, rol_id, email, contrasena, token) values( 78, 4, 'Thorpeestudiante@gmail.com', '$2y$10$rLBxGygGRsLKk.nNNhbs1OD5PeH4ST/.LNG/93b49/lUA2/iaeM72', '');
insert into persona (usuario_id, cedula, nombre, apellido, direccion, telefono) values (78,53133, 'Thorpe', 'Burkinshaw', '7th Floor', 7203909706);
insert into estudiante (id, persona_id) values ('e-53133',53133);

insert into usuario (id, rol_id, email, contrasena, token) values( 79, 4, 'Ingridestudiante@gmail.com', '$2y$10$rLBxGygGRsLKk.nNNhbs1OD5PeH4ST/.LNG/93b49/lUA2/iaeM72', '');
insert into persona (usuario_id, cedula, nombre, apellido, direccion, telefono) values (79,48538, 'Ingrid', 'Neesam', 'Apt 1711', 7132896717);
insert into estudiante (id, persona_id) values ('e-48538',48538);

insert into usuario (id, rol_id, email, contrasena, token) values( 80, 4, 'Harrietestudiante@gmail.com', '$2y$10$rLBxGygGRsLKk.nNNhbs1OD5PeH4ST/.LNG/93b49/lUA2/iaeM72', '');
insert into persona (usuario_id, cedula, nombre, apellido, direccion, telefono) values (80,22078, 'Harriet', 'Ohlsen', 'Apt 326', 4299278559);
insert into estudiante (id, persona_id) values ('e-22078',22078);

insert into usuario (id, rol_id, email, contrasena, token) values( 81, 4, 'Colasestudiante@gmail.com', '$2y$10$rLBxGygGRsLKk.nNNhbs1OD5PeH4ST/.LNG/93b49/lUA2/iaeM72', '');
insert into persona (usuario_id, cedula, nombre, apellido, direccion, telefono) values (81,84692, 'Colas', 'Vanyukov', '19th Floor', 1146410243);
insert into estudiante (id, persona_id) values ('e-84692',84692);

insert into usuario (id, rol_id, email, contrasena, token) values( 82, 4, 'Verieeestudiante@gmail.com', '$2y$10$rLBxGygGRsLKk.nNNhbs1OD5PeH4ST/.LNG/93b49/lUA2/iaeM72', '');
insert into persona (usuario_id, cedula, nombre, apellido, direccion, telefono) values (82,42693, 'Veriee', 'Eskrigg', 'Apt 924', 1446799661);
insert into estudiante (id, persona_id) values ('e-42693',42693);

insert into usuario (id, rol_id, email, contrasena, token) values( 83, 4, 'Lynnestudiante@gmail.com', '$2y$10$rLBxGygGRsLKk.nNNhbs1OD5PeH4ST/.LNG/93b49/lUA2/iaeM72', '');
insert into persona (usuario_id, cedula, nombre, apellido, direccion, telefono) values (83,43280, 'Lynn', 'Menchenton', 'Room 1343', 5459450754);
insert into estudiante (id, persona_id) values ('e-43280',43280);

insert into usuario (id, rol_id, email, contrasena, token) values( 84, 4, 'Lorrinestudiante@gmail.com', '$2y$10$rLBxGygGRsLKk.nNNhbs1OD5PeH4ST/.LNG/93b49/lUA2/iaeM72', '');
insert into persona (usuario_id, cedula, nombre, apellido, direccion, telefono) values (84,20589, 'Lorrin', 'Durgan', 'Suite 90', 5725952836);
insert into estudiante (id, persona_id) values ('e-20589',20589);

insert into usuario (id, rol_id, email, contrasena, token) values( 85, 4, 'Renelleestudiante@gmail.com', '$2y$10$rLBxGygGRsLKk.nNNhbs1OD5PeH4ST/.LNG/93b49/lUA2/iaeM72', '');
insert into persona (usuario_id, cedula, nombre, apellido, direccion, telefono) values (85,82420, 'Renelle', 'Olanda', 'Room 34', 2323173517);
insert into estudiante (id, persona_id) values ('e-82420',82420);

insert into usuario (id, rol_id, email, contrasena, token) values( 86, 4, 'Kassandraestudiante@gmail.com', '$2y$10$rLBxGygGRsLKk.nNNhbs1OD5PeH4ST/.LNG/93b49/lUA2/iaeM72', '');
insert into persona (usuario_id, cedula, nombre, apellido, direccion, telefono) values (86,35839, 'Kassandra', 'Grassin', 'Suite 19', 1083908556);
insert into estudiante (id, persona_id) values ('e-35839',35839);

insert into usuario (id, rol_id, email, contrasena, token) values( 87, 4, 'Heddiestudiante@gmail.com', '$2y$10$rLBxGygGRsLKk.nNNhbs1OD5PeH4ST/.LNG/93b49/lUA2/iaeM72', '');
insert into persona (usuario_id, cedula, nombre, apellido, direccion, telefono) values (87,38303, 'Heddi', 'Sorbey', 'Apt 1689', 6465071618);
insert into estudiante (id, persona_id) values ('e-38303',38303);

insert into usuario (id, rol_id, email, contrasena, token) values( 88, 4, 'Martheestudiante@gmail.com', '$2y$10$rLBxGygGRsLKk.nNNhbs1OD5PeH4ST/.LNG/93b49/lUA2/iaeM72', '');
insert into persona (usuario_id, cedula, nombre, apellido, direccion, telefono) values (88,79810, 'Marthe', 'Ambrogio', 'PO Box 23891', 9496222326);
insert into estudiante (id, persona_id) values ('e-79810',79810);

insert into usuario (id, rol_id, email, contrasena, token) values( 89, 4, 'Deboraestudiante@gmail.com', '$2y$10$rLBxGygGRsLKk.nNNhbs1OD5PeH4ST/.LNG/93b49/lUA2/iaeM72', '');
insert into persona (usuario_id, cedula, nombre, apellido, direccion, telefono) values (89,58929, 'Debora', 'Geldeford', 'Apt 1532', 5612734104);
insert into estudiante (id, persona_id) values ('e-58929',58929);

insert into usuario (id, rol_id, email, contrasena, token) values( 90, 4, 'Gustavestudiante@gmail.com', '$2y$10$rLBxGygGRsLKk.nNNhbs1OD5PeH4ST/.LNG/93b49/lUA2/iaeM72', '');
insert into persona (usuario_id, cedula, nombre, apellido, direccion, telefono) values (90,35822, 'Gustav', 'Rothman', '7th Floor', 2066186687);
insert into estudiante (id, persona_id) values ('e-35822',35822);

insert into usuario (id, rol_id, email, contrasena, token) values( 91, 4, 'Idaliaestudiante@gmail.com', '$2y$10$rLBxGygGRsLKk.nNNhbs1OD5PeH4ST/.LNG/93b49/lUA2/iaeM72', '');
insert into persona (usuario_id, cedula, nombre, apellido, direccion, telefono) values (91,35336, 'Idalia', 'Carratt', 'Suite 25', 7226149062);
insert into estudiante (id, persona_id) values ('e-35336',35336);

insert into usuario (id, rol_id, email, contrasena, token) values( 92, 4, 'Alieestudiante@gmail.com', '$2y$10$rLBxGygGRsLKk.nNNhbs1OD5PeH4ST/.LNG/93b49/lUA2/iaeM72', '');
insert into persona (usuario_id, cedula, nombre, apellido, direccion, telefono) values (92,79153, 'Alie', 'Doumenc', 'Apt 1094', 7206570728);
insert into estudiante (id, persona_id) values ('e-79153',79153);

insert into usuario (id, rol_id, email, contrasena, token) values( 93, 4, 'Leonieestudiante@gmail.com', '$2y$10$rLBxGygGRsLKk.nNNhbs1OD5PeH4ST/.LNG/93b49/lUA2/iaeM72', '');
insert into persona (usuario_id, cedula, nombre, apellido, direccion, telefono) values (93,79969, 'Leonie', 'Vasse', '1st Floor', 1918440867);
insert into estudiante (id, persona_id) values ('e-79969',79969);

insert into usuario (id, rol_id, email, contrasena, token) values( 94, 4, 'Bootestudiante@gmail.com', '$2y$10$rLBxGygGRsLKk.nNNhbs1OD5PeH4ST/.LNG/93b49/lUA2/iaeM72', '');
insert into persona (usuario_id, cedula, nombre, apellido, direccion, telefono) values (94,68428, 'Boot', 'Steaning', 'Suite 8', 3848141845);
insert into estudiante (id, persona_id) values ('e-68428',68428);

insert into usuario (id, rol_id, email, contrasena, token) values( 95, 4, 'Yuriestudiante@gmail.com', '$2y$10$rLBxGygGRsLKk.nNNhbs1OD5PeH4ST/.LNG/93b49/lUA2/iaeM72', '');
insert into persona (usuario_id, cedula, nombre, apellido, direccion, telefono) values (95,52038, 'Yuri', 'Osmar', 'Apt 863', 3427224290);
insert into estudiante (id, persona_id) values ('e-52038',52038);

insert into usuario (id, rol_id, email, contrasena, token) values( 96, 4, 'Theodoricestudiante@gmail.com', '$2y$10$rLBxGygGRsLKk.nNNhbs1OD5PeH4ST/.LNG/93b49/lUA2/iaeM72', '');
insert into persona (usuario_id, cedula, nombre, apellido, direccion, telefono) values (96,23646, 'Theodoric', 'Silversmidt', 'Room 1809', 1784221325);
insert into estudiante (id, persona_id) values ('e-23646',23646);

insert into usuario (id, rol_id, email, contrasena, token) values( 97, 4, 'Levonestudiante@gmail.com', '$2y$10$rLBxGygGRsLKk.nNNhbs1OD5PeH4ST/.LNG/93b49/lUA2/iaeM72', '');
insert into persona (usuario_id, cedula, nombre, apellido, direccion, telefono) values (97,59506, 'Levon', 'Stuttard', '8th Floor', 7414852821);
insert into estudiante (id, persona_id) values ('e-59506',59506);

insert into usuario (id, rol_id, email, contrasena, token) values( 98, 4, 'Leighestudiante@gmail.com', '$2y$10$rLBxGygGRsLKk.nNNhbs1OD5PeH4ST/.LNG/93b49/lUA2/iaeM72', '');
insert into persona (usuario_id, cedula, nombre, apellido, direccion, telefono) values (98,51182, 'Leigh', 'Ruppert', 'Room 83', 8045802131);
insert into estudiante (id, persona_id) values ('e-51182',51182);

insert into usuario (id, rol_id, email, contrasena, token) values( 99, 4, 'Demetraestudiante@gmail.com', '$2y$10$rLBxGygGRsLKk.nNNhbs1OD5PeH4ST/.LNG/93b49/lUA2/iaeM72', '');
insert into persona (usuario_id, cedula, nombre, apellido, direccion, telefono) values (99,74060, 'Demetra', 'Lochran', 'Suite 41', 3706349413);
insert into estudiante (id, persona_id) values ('e-74060',74060);

insert into usuario (id, rol_id, email, contrasena, token) values( 100, 4, 'Joeannestudiante@gmail.com', '$2y$10$rLBxGygGRsLKk.nNNhbs1OD5PeH4ST/.LNG/93b49/lUA2/iaeM72', '');
insert into persona (usuario_id, cedula, nombre, apellido, direccion, telefono) values (100,51942, 'Joeann', 'Boule', 'Apt 1329', 2419868870);
insert into estudiante (id, persona_id) values ('e-51942',51942);

insert into usuario (id, rol_id, email, contrasena, token) values( 101, 4, 'Arielestudiante@gmail.com', '$2y$10$rLBxGygGRsLKk.nNNhbs1OD5PeH4ST/.LNG/93b49/lUA2/iaeM72', '');
insert into persona (usuario_id, cedula, nombre, apellido, direccion, telefono) values (101,70199, 'Ariel', 'Barlie', 'Suite 37', 7208747862);
insert into estudiante (id, persona_id) values ('e-70199',70199);

insert into usuario (id, rol_id, email, contrasena, token) values( 102, 4, 'Rawleyestudiante@gmail.com', '$2y$10$rLBxGygGRsLKk.nNNhbs1OD5PeH4ST/.LNG/93b49/lUA2/iaeM72', '');
insert into persona (usuario_id, cedula, nombre, apellido, direccion, telefono) values (102,31622, 'Rawley', 'Bauser', '17th Floor', 5441809991);
insert into estudiante (id, persona_id) values ('e-31622',31622);

insert into usuario (id, rol_id, email, contrasena, token) values( 103, 4, 'Olenolinestudiante@gmail.com', '$2y$10$rLBxGygGRsLKk.nNNhbs1OD5PeH4ST/.LNG/93b49/lUA2/iaeM72', '');
insert into persona (usuario_id, cedula, nombre, apellido, direccion, telefono) values (103,26201, 'Olenolin', 'Stanwix', 'Room 1442', 2668588091);
insert into estudiante (id, persona_id) values ('e-26201',26201);

insert into usuario (id, rol_id, email, contrasena, token) values( 104, 4, 'Vickestudiante@gmail.com', '$2y$10$rLBxGygGRsLKk.nNNhbs1OD5PeH4ST/.LNG/93b49/lUA2/iaeM72', '');
insert into persona (usuario_id, cedula, nombre, apellido, direccion, telefono) values (104,84669, 'Vick', 'Beckwith', 'Apt 1093', 3682297458);
insert into estudiante (id, persona_id) values ('e-84669',84669);

insert into usuario (id, rol_id, email, contrasena, token) values( 105, 4, 'Benedictaestudiante@gmail.com', '$2y$10$rLBxGygGRsLKk.nNNhbs1OD5PeH4ST/.LNG/93b49/lUA2/iaeM72', '');
insert into persona (usuario_id, cedula, nombre, apellido, direccion, telefono) values (105,54550, 'Benedicta', 'Rolles', 'Suite 51', 7598721412);
insert into estudiante (id, persona_id) values ('e-54550',54550);

insert into usuario (id, rol_id, email, contrasena, token) values( 106, 4, 'Lucilaestudiante@gmail.com', '$2y$10$rLBxGygGRsLKk.nNNhbs1OD5PeH4ST/.LNG/93b49/lUA2/iaeM72', '');
insert into persona (usuario_id, cedula, nombre, apellido, direccion, telefono) values (106,11663, 'Lucila', 'Canwell', 'Apt 709', 7712401143);
insert into estudiante (id, persona_id) values ('e-11663',11663);

insert into usuario (id, rol_id, email, contrasena, token) values( 107, 4, 'Bobbieestudiante@gmail.com', '$2y$10$rLBxGygGRsLKk.nNNhbs1OD5PeH4ST/.LNG/93b49/lUA2/iaeM72', '');
insert into persona (usuario_id, cedula, nombre, apellido, direccion, telefono) values (107,89609, 'Bobbie', 'Semaine', '19th Floor', 7896007919);
insert into estudiante (id, persona_id) values ('e-89609',89609);

insert into usuario (id, rol_id, email, contrasena, token) values( 108, 4, 'Hurleeestudiante@gmail.com', '$2y$10$rLBxGygGRsLKk.nNNhbs1OD5PeH4ST/.LNG/93b49/lUA2/iaeM72', '');
insert into persona (usuario_id, cedula, nombre, apellido, direccion, telefono) values (108,81233, 'Hurlee', 'Girardoni', 'PO Box 69262', 2739975417);
insert into estudiante (id, persona_id) values ('e-81233',81233);

insert into usuario (id, rol_id, email, contrasena, token) values( 109, 4, 'Hieronymusestudiante@gmail.com', '$2y$10$rLBxGygGRsLKk.nNNhbs1OD5PeH4ST/.LNG/93b49/lUA2/iaeM72', '');
insert into persona (usuario_id, cedula, nombre, apellido, direccion, telefono) values (109,85473, 'Hieronymus', 'Benet', 'Room 1888', 2824767282);
insert into estudiante (id, persona_id) values ('e-85473',85473);

insert into usuario (id, rol_id, email, contrasena, token) values( 110, 4, 'Elijahestudiante@gmail.com', '$2y$10$rLBxGygGRsLKk.nNNhbs1OD5PeH4ST/.LNG/93b49/lUA2/iaeM72', '');
insert into persona (usuario_id, cedula, nombre, apellido, direccion, telefono) values (110,73409, 'Elijah', 'Colgan', 'PO Box 11081', 3994175392);
insert into estudiante (id, persona_id) values ('e-73409',73409);

insert into usuario (id, rol_id, email, contrasena, token) values( 111, 4, 'Peirceestudiante@gmail.com', '$2y$10$rLBxGygGRsLKk.nNNhbs1OD5PeH4ST/.LNG/93b49/lUA2/iaeM72', '');
insert into persona (usuario_id, cedula, nombre, apellido, direccion, telefono) values (111,57391, 'Peirce', 'Bream', 'Room 168', 8575215209);
insert into estudiante (id, persona_id) values ('e-57391',57391);

insert into usuario (id, rol_id, email, contrasena, token) values( 112, 4, 'Casperestudiante@gmail.com', '$2y$10$rLBxGygGRsLKk.nNNhbs1OD5PeH4ST/.LNG/93b49/lUA2/iaeM72', '');
insert into persona (usuario_id, cedula, nombre, apellido, direccion, telefono) values (112,31631, 'Casper', 'Ackerman', 'PO Box 67376', 9281447962);
insert into estudiante (id, persona_id) values ('e-31631',31631);

insert into usuario (id, rol_id, email, contrasena, token) values( 113, 4, 'Ulickestudiante@gmail.com', '$2y$10$rLBxGygGRsLKk.nNNhbs1OD5PeH4ST/.LNG/93b49/lUA2/iaeM72', '');
insert into persona (usuario_id, cedula, nombre, apellido, direccion, telefono) values (113,73377, 'Ulick', 'Bartozzi', 'Apt 1294', 8063427244);
insert into estudiante (id, persona_id) values ('e-73377',73377);

insert into usuario (id, rol_id, email, contrasena, token) values( 114, 4, 'Calhounestudiante@gmail.com', '$2y$10$rLBxGygGRsLKk.nNNhbs1OD5PeH4ST/.LNG/93b49/lUA2/iaeM72', '');
insert into persona (usuario_id, cedula, nombre, apellido, direccion, telefono) values (114,45807, 'Calhoun', 'Haszard', 'PO Box 64965', 5376303812);
insert into estudiante (id, persona_id) values ('e-45807',45807);

insert into usuario (id, rol_id, email, contrasena, token) values( 115, 4, 'Monicaestudiante@gmail.com', '$2y$10$rLBxGygGRsLKk.nNNhbs1OD5PeH4ST/.LNG/93b49/lUA2/iaeM72', '');
insert into persona (usuario_id, cedula, nombre, apellido, direccion, telefono) values (115,84611, 'Monica', 'Pridden', '9th Floor', 5348325287);
insert into estudiante (id, persona_id) values ('e-84611',84611);

insert into usuario (id, rol_id, email, contrasena, token) values( 116, 4, 'Aleksandrestudiante@gmail.com', '$2y$10$rLBxGygGRsLKk.nNNhbs1OD5PeH4ST/.LNG/93b49/lUA2/iaeM72', '');
insert into persona (usuario_id, cedula, nombre, apellido, direccion, telefono) values (116,54554, 'Aleksandr', 'Dy', 'Apt 609', 2348363610);
insert into estudiante (id, persona_id) values ('e-54554',54554);

insert into usuario (id, rol_id, email, contrasena, token) values( 117, 4, 'Vivieestudiante@gmail.com', '$2y$10$rLBxGygGRsLKk.nNNhbs1OD5PeH4ST/.LNG/93b49/lUA2/iaeM72', '');
insert into persona (usuario_id, cedula, nombre, apellido, direccion, telefono) values (117,87569, 'Vivie', 'Blaase', 'PO Box 21641', 7556321009);
insert into estudiante (id, persona_id) values ('e-87569',87569);

insert into usuario (id, rol_id, email, contrasena, token) values( 118, 4, 'Loyestudiante@gmail.com', '$2y$10$rLBxGygGRsLKk.nNNhbs1OD5PeH4ST/.LNG/93b49/lUA2/iaeM72', '');
insert into persona (usuario_id, cedula, nombre, apellido, direccion, telefono) values (118,44702, 'Loy', 'Dulany', 'Apt 1803', 5626192130);
insert into estudiante (id, persona_id) values ('e-44702',44702);

insert into usuario (id, rol_id, email, contrasena, token) values( 119, 4, 'Tawnyaestudiante@gmail.com', '$2y$10$rLBxGygGRsLKk.nNNhbs1OD5PeH4ST/.LNG/93b49/lUA2/iaeM72', '');
insert into persona (usuario_id, cedula, nombre, apellido, direccion, telefono) values (119,69504, 'Tawnya', 'Castard', 'Apt 258', 9337489168);
insert into estudiante (id, persona_id) values ('e-69504',69504);

insert into usuario (id, rol_id, email, contrasena, token) values( 120, 4, 'Milkaestudiante@gmail.com', '$2y$10$rLBxGygGRsLKk.nNNhbs1OD5PeH4ST/.LNG/93b49/lUA2/iaeM72', '');
insert into persona (usuario_id, cedula, nombre, apellido, direccion, telefono) values (120,12451, 'Milka', 'Ramet', 'PO Box 70119', 5019478723);
insert into estudiante (id, persona_id) values ('e-12451',12451);

insert into usuario (id, rol_id, email, contrasena, token) values( 121, 4, 'Mariceestudiante@gmail.com', '$2y$10$rLBxGygGRsLKk.nNNhbs1OD5PeH4ST/.LNG/93b49/lUA2/iaeM72', '');
insert into persona (usuario_id, cedula, nombre, apellido, direccion, telefono) values (121,16269, 'Marice', 'Pedri', 'Room 210', 4134459762);
insert into estudiante (id, persona_id) values ('e-16269',16269);

insert into usuario (id, rol_id, email, contrasena, token) values( 122, 4, 'Minervaestudiante@gmail.com', '$2y$10$rLBxGygGRsLKk.nNNhbs1OD5PeH4ST/.LNG/93b49/lUA2/iaeM72', '');
insert into persona (usuario_id, cedula, nombre, apellido, direccion, telefono) values (122,79591, 'Minerva', 'Kiljan', 'PO Box 74614', 9921689379);
insert into estudiante (id, persona_id) values ('e-79591',79591);

insert into usuario (id, rol_id, email, contrasena, token) values( 123, 4, 'Darrenestudiante@gmail.com', '$2y$10$rLBxGygGRsLKk.nNNhbs1OD5PeH4ST/.LNG/93b49/lUA2/iaeM72', '');
insert into persona (usuario_id, cedula, nombre, apellido, direccion, telefono) values (123,62403, 'Darren', 'Marques', 'Suite 52', 6657241755);
insert into estudiante (id, persona_id) values ('e-62403',62403);

insert into usuario (id, rol_id, email, contrasena, token) values( 124, 4, 'Delilahestudiante@gmail.com', '$2y$10$rLBxGygGRsLKk.nNNhbs1OD5PeH4ST/.LNG/93b49/lUA2/iaeM72', '');
insert into persona (usuario_id, cedula, nombre, apellido, direccion, telefono) values (124,23896, 'Delilah', 'Dominelli', '7th Floor', 1829289317);
insert into estudiante (id, persona_id) values ('e-23896',23896);

insert into usuario (id, rol_id, email, contrasena, token) values( 125, 4, 'Joyannestudiante@gmail.com', '$2y$10$rLBxGygGRsLKk.nNNhbs1OD5PeH4ST/.LNG/93b49/lUA2/iaeM72', '');
insert into persona (usuario_id, cedula, nombre, apellido, direccion, telefono) values (125,40207, 'Joyann', 'Tustin', 'Room 27', 6794971974);
insert into estudiante (id, persona_id) values ('e-40207',40207);

insert into usuario (id, rol_id, email, contrasena, token) values( 126, 4, 'Astrixestudiante@gmail.com', '$2y$10$rLBxGygGRsLKk.nNNhbs1OD5PeH4ST/.LNG/93b49/lUA2/iaeM72', '');
insert into persona (usuario_id, cedula, nombre, apellido, direccion, telefono) values (126,89755, 'Astrix', 'Nuzzetti', 'Suite 100', 2152034312);
insert into estudiante (id, persona_id) values ('e-89755',89755);

insert into usuario (id, rol_id, email, contrasena, token) values( 127, 4, 'Otheliaestudiante@gmail.com', '$2y$10$rLBxGygGRsLKk.nNNhbs1OD5PeH4ST/.LNG/93b49/lUA2/iaeM72', '');
insert into persona (usuario_id, cedula, nombre, apellido, direccion, telefono) values (127,19879, 'Othelia', 'Barthel', 'Apt 424', 1918937329);
insert into estudiante (id, persona_id) values ('e-19879',19879);

insert into usuario (id, rol_id, email, contrasena, token) values( 128, 4, 'Charlotestudiante@gmail.com', '$2y$10$rLBxGygGRsLKk.nNNhbs1OD5PeH4ST/.LNG/93b49/lUA2/iaeM72', '');
insert into persona (usuario_id, cedula, nombre, apellido, direccion, telefono) values (128,26143, 'Charlot', 'Manvell', '10th Floor', 6389622640);
insert into estudiante (id, persona_id) values ('e-26143',26143);

insert into usuario (id, rol_id, email, contrasena, token) values( 129, 4, 'Natanielestudiante@gmail.com', '$2y$10$rLBxGygGRsLKk.nNNhbs1OD5PeH4ST/.LNG/93b49/lUA2/iaeM72', '');
insert into persona (usuario_id, cedula, nombre, apellido, direccion, telefono) values (129,70354, 'Nataniel', 'Puckinghorne', 'PO Box 91236', 8029807414);
insert into estudiante (id, persona_id) values ('e-70354',70354);

insert into usuario (id, rol_id, email, contrasena, token) values( 130, 4, 'Corrinneestudiante@gmail.com', '$2y$10$rLBxGygGRsLKk.nNNhbs1OD5PeH4ST/.LNG/93b49/lUA2/iaeM72', '');
insert into persona (usuario_id, cedula, nombre, apellido, direccion, telefono) values (130,14496, 'Corrinne', 'Edson', 'Apt 611', 9816599280);
insert into estudiante (id, persona_id) values ('e-14496',14496);

insert into usuario (id, rol_id, email, contrasena, token) values( 131, 4, 'Hewittestudiante@gmail.com', '$2y$10$rLBxGygGRsLKk.nNNhbs1OD5PeH4ST/.LNG/93b49/lUA2/iaeM72', '');
insert into persona (usuario_id, cedula, nombre, apellido, direccion, telefono) values (131,11277, 'Hewitt', 'Boseley', 'PO Box 38229', 8918698627);
insert into estudiante (id, persona_id) values ('e-11277',11277);

insert into usuario (id, rol_id, email, contrasena, token) values( 132, 4, 'Wilburtestudiante@gmail.com', '$2y$10$rLBxGygGRsLKk.nNNhbs1OD5PeH4ST/.LNG/93b49/lUA2/iaeM72', '');
insert into persona (usuario_id, cedula, nombre, apellido, direccion, telefono) values (132,59318, 'Wilburt', 'McGiff', '12th Floor', 6384046626);
insert into estudiante (id, persona_id) values ('e-59318',59318);

insert into usuario (id, rol_id, email, contrasena, token) values( 133, 4, 'Karlikestudiante@gmail.com', '$2y$10$rLBxGygGRsLKk.nNNhbs1OD5PeH4ST/.LNG/93b49/lUA2/iaeM72', '');
insert into persona (usuario_id, cedula, nombre, apellido, direccion, telefono) values (133,61007, 'Karlik', 'Emms', 'Suite 8', 1032090919);
insert into estudiante (id, persona_id) values ('e-61007',61007);

insert into usuario (id, rol_id, email, contrasena, token) values( 134, 4, 'Deedeeestudiante@gmail.com', '$2y$10$rLBxGygGRsLKk.nNNhbs1OD5PeH4ST/.LNG/93b49/lUA2/iaeM72', '');
insert into persona (usuario_id, cedula, nombre, apellido, direccion, telefono) values (134,32736, 'Deedee', 'Phillcox', '4th Floor', 3173105875);
insert into estudiante (id, persona_id) values ('e-32736',32736);

insert into usuario (id, rol_id, email, contrasena, token) values( 135, 4, 'Danyaestudiante@gmail.com', '$2y$10$rLBxGygGRsLKk.nNNhbs1OD5PeH4ST/.LNG/93b49/lUA2/iaeM72', '');
insert into persona (usuario_id, cedula, nombre, apellido, direccion, telefono) values (135,58303, 'Danya', 'Kidston', 'Apt 170', 4337461034);
insert into estudiante (id, persona_id) values ('e-58303',58303);

insert into usuario (id, rol_id, email, contrasena, token) values( 136, 4, 'Karleneestudiante@gmail.com', '$2y$10$rLBxGygGRsLKk.nNNhbs1OD5PeH4ST/.LNG/93b49/lUA2/iaeM72', '');
insert into persona (usuario_id, cedula, nombre, apellido, direccion, telefono) values (136,73131, 'Karlene', 'McDermott', 'Apt 1808', 8792508026);
insert into estudiante (id, persona_id) values ('e-73131',73131);

insert into usuario (id, rol_id, email, contrasena, token) values( 137, 4, 'Mollieestudiante@gmail.com', '$2y$10$rLBxGygGRsLKk.nNNhbs1OD5PeH4ST/.LNG/93b49/lUA2/iaeM72', '');
insert into persona (usuario_id, cedula, nombre, apellido, direccion, telefono) values (137,30367, 'Mollie', 'Nickolls', 'Suite 90', 4233486186);
insert into estudiante (id, persona_id) values ('e-30367',30367);

insert into usuario (id, rol_id, email, contrasena, token) values( 138, 4, 'Orbadiahestudiante@gmail.com', '$2y$10$rLBxGygGRsLKk.nNNhbs1OD5PeH4ST/.LNG/93b49/lUA2/iaeM72', '');
insert into persona (usuario_id, cedula, nombre, apellido, direccion, telefono) values (138,16737, 'Orbadiah', 'Garlic', 'Suite 69', 8083924642);
insert into estudiante (id, persona_id) values ('e-16737',16737);

insert into usuario (id, rol_id, email, contrasena, token) values( 139, 4, 'Parsifalestudiante@gmail.com', '$2y$10$rLBxGygGRsLKk.nNNhbs1OD5PeH4ST/.LNG/93b49/lUA2/iaeM72', '');
insert into persona (usuario_id, cedula, nombre, apellido, direccion, telefono) values (139,76947, 'Parsifal', 'Valadez', '3rd Floor', 1553868092);
insert into estudiante (id, persona_id) values ('e-76947',76947);

insert into usuario (id, rol_id, email, contrasena, token) values( 140, 4, 'Keenestudiante@gmail.com', '$2y$10$rLBxGygGRsLKk.nNNhbs1OD5PeH4ST/.LNG/93b49/lUA2/iaeM72', '');
insert into persona (usuario_id, cedula, nombre, apellido, direccion, telefono) values (140,55667, 'Keen', 'Merrigan', 'Room 1846', 9378709317);
insert into estudiante (id, persona_id) values ('e-55667',55667);

insert into usuario (id, rol_id, email, contrasena, token) values( 141, 4, 'Aurieestudiante@gmail.com', '$2y$10$rLBxGygGRsLKk.nNNhbs1OD5PeH4ST/.LNG/93b49/lUA2/iaeM72', '');
insert into persona (usuario_id, cedula, nombre, apellido, direccion, telefono) values (141,16677, 'Aurie', 'Cleynman', 'Apt 1010', 2198570999);
insert into estudiante (id, persona_id) values ('e-16677',16677);

insert into usuario (id, rol_id, email, contrasena, token) values( 142, 4, 'Carrolestudiante@gmail.com', '$2y$10$rLBxGygGRsLKk.nNNhbs1OD5PeH4ST/.LNG/93b49/lUA2/iaeM72', '');
insert into persona (usuario_id, cedula, nombre, apellido, direccion, telefono) values (142,74528, 'Carrol', 'Hick', 'Room 444', 4603291406);
insert into estudiante (id, persona_id) values ('e-74528',74528);

insert into usuario (id, rol_id, email, contrasena, token) values( 143, 4, 'Sandeestudiante@gmail.com', '$2y$10$rLBxGygGRsLKk.nNNhbs1OD5PeH4ST/.LNG/93b49/lUA2/iaeM72', '');
insert into persona (usuario_id, cedula, nombre, apellido, direccion, telefono) values (143,56670, 'Sande', 'Saintpierre', 'Apt 1363', 1123519995);
insert into estudiante (id, persona_id) values ('e-56670',56670);

insert into usuario (id, rol_id, email, contrasena, token) values( 144, 4, 'Randalestudiante@gmail.com', '$2y$10$rLBxGygGRsLKk.nNNhbs1OD5PeH4ST/.LNG/93b49/lUA2/iaeM72', '');
insert into persona (usuario_id, cedula, nombre, apellido, direccion, telefono) values (144,89226, 'Randal', 'Gledhall', 'Suite 88', 2586920618);
insert into estudiante (id, persona_id) values ('e-89226',89226);

insert into usuario (id, rol_id, email, contrasena, token) values( 145, 4, 'Hobardestudiante@gmail.com', '$2y$10$rLBxGygGRsLKk.nNNhbs1OD5PeH4ST/.LNG/93b49/lUA2/iaeM72', '');
insert into persona (usuario_id, cedula, nombre, apellido, direccion, telefono) values (145,31661, 'Hobard', 'Volks', 'Room 414', 4582439929);
insert into estudiante (id, persona_id) values ('e-31661',31661);

insert into usuario (id, rol_id, email, contrasena, token) values( 146, 4, 'Lenaestudiante@gmail.com', '$2y$10$rLBxGygGRsLKk.nNNhbs1OD5PeH4ST/.LNG/93b49/lUA2/iaeM72', '');
insert into persona (usuario_id, cedula, nombre, apellido, direccion, telefono) values (146,77527, 'Lena', 'Fordy', '7th Floor', 9694201103);
insert into estudiante (id, persona_id) values ('e-77527',77527);

insert into usuario (id, rol_id, email, contrasena, token) values( 147, 4, 'Emaleeestudiante@gmail.com', '$2y$10$rLBxGygGRsLKk.nNNhbs1OD5PeH4ST/.LNG/93b49/lUA2/iaeM72', '');
insert into persona (usuario_id, cedula, nombre, apellido, direccion, telefono) values (147,73677, 'Emalee', 'Younghusband', 'PO Box 68062', 7136041601);
insert into estudiante (id, persona_id) values ('e-73677',73677);

insert into usuario (id, rol_id, email, contrasena, token) values( 148, 4, 'Thayneestudiante@gmail.com', '$2y$10$rLBxGygGRsLKk.nNNhbs1OD5PeH4ST/.LNG/93b49/lUA2/iaeM72', '');
insert into persona (usuario_id, cedula, nombre, apellido, direccion, telefono) values (148,58669, 'Thayne', 'Christoffe', 'Suite 45', 8237916756);
insert into estudiante (id, persona_id) values ('e-58669',58669);

insert into usuario (id, rol_id, email, contrasena, token) values( 149, 4, 'Eliseestudiante@gmail.com', '$2y$10$rLBxGygGRsLKk.nNNhbs1OD5PeH4ST/.LNG/93b49/lUA2/iaeM72', '');
insert into persona (usuario_id, cedula, nombre, apellido, direccion, telefono) values (149,60677, 'Elise', 'Petry', 'Suite 21', 6244131153);
insert into estudiante (id, persona_id) values ('e-60677',60677);

insert into usuario (id, rol_id, email, contrasena, token) values( 150, 4, 'Evaniaestudiante@gmail.com', '$2y$10$rLBxGygGRsLKk.nNNhbs1OD5PeH4ST/.LNG/93b49/lUA2/iaeM72', '');
insert into persona (usuario_id, cedula, nombre, apellido, direccion, telefono) values (150,62117, 'Evania', 'Simper', 'PO Box 16936', 4235777329);
insert into estudiante (id, persona_id) values ('e-62117',62117);

insert into usuario (id, rol_id, email, contrasena, token) values( 151, 4, 'Boyceestudiante@gmail.com', '$2y$10$rLBxGygGRsLKk.nNNhbs1OD5PeH4ST/.LNG/93b49/lUA2/iaeM72', '');
insert into persona (usuario_id, cedula, nombre, apellido, direccion, telefono) values (151,58233, 'Boyce', 'Hunnicutt', 'Room 876', 5881465997);
insert into estudiante (id, persona_id) values ('e-58233',58233);

insert into usuario (id, rol_id, email, contrasena, token) values( 152, 4, 'Traceyestudiante@gmail.com', '$2y$10$rLBxGygGRsLKk.nNNhbs1OD5PeH4ST/.LNG/93b49/lUA2/iaeM72', '');
insert into persona (usuario_id, cedula, nombre, apellido, direccion, telefono) values (152,23820, 'Tracey', 'Linthead', 'Apt 1880', 3302327781);
insert into estudiante (id, persona_id) values ('e-23820',23820);

insert into usuario (id, rol_id, email, contrasena, token) values( 153, 4, 'Robeniaestudiante@gmail.com', '$2y$10$rLBxGygGRsLKk.nNNhbs1OD5PeH4ST/.LNG/93b49/lUA2/iaeM72', '');
insert into persona (usuario_id, cedula, nombre, apellido, direccion, telefono) values (153,26315, 'Robenia', 'Cumes', 'Room 1183', 2044435559);
insert into estudiante (id, persona_id) values ('e-26315',26315);

insert into usuario (id, rol_id, email, contrasena, token) values( 154, 4, 'Issieestudiante@gmail.com', '$2y$10$rLBxGygGRsLKk.nNNhbs1OD5PeH4ST/.LNG/93b49/lUA2/iaeM72', '');
insert into persona (usuario_id, cedula, nombre, apellido, direccion, telefono) values (154,47193, 'Issie', 'Kaspar', 'Room 1359', 9163196146);
insert into estudiante (id, persona_id) values ('e-47193',47193);

insert into usuario (id, rol_id, email, contrasena, token) values( 155, 4, 'Maiseyestudiante@gmail.com', '$2y$10$rLBxGygGRsLKk.nNNhbs1OD5PeH4ST/.LNG/93b49/lUA2/iaeM72', '');
insert into persona (usuario_id, cedula, nombre, apellido, direccion, telefono) values (155,78438, 'Maisey', 'Errichiello', 'Suite 28', 9608671279);
insert into estudiante (id, persona_id) values ('e-78438',78438);

insert into usuario (id, rol_id, email, contrasena, token) values( 156, 4, 'Nolanestudiante@gmail.com', '$2y$10$rLBxGygGRsLKk.nNNhbs1OD5PeH4ST/.LNG/93b49/lUA2/iaeM72', '');
insert into persona (usuario_id, cedula, nombre, apellido, direccion, telefono) values (156,53383, 'Nolan', 'Prince', '7th Floor', 9651629851);
insert into estudiante (id, persona_id) values ('e-53383',53383);

insert into usuario (id, rol_id, email, contrasena, token) values( 157, 4, 'Agataestudiante@gmail.com', '$2y$10$rLBxGygGRsLKk.nNNhbs1OD5PeH4ST/.LNG/93b49/lUA2/iaeM72', '');
insert into persona (usuario_id, cedula, nombre, apellido, direccion, telefono) values (157,34765, 'Agata', 'Gebhard', 'Suite 77', 9639835495);
insert into estudiante (id, persona_id) values ('e-34765',34765);

insert into usuario (id, rol_id, email, contrasena, token) values( 158, 4, 'Antoniettaestudiante@gmail.com', '$2y$10$rLBxGygGRsLKk.nNNhbs1OD5PeH4ST/.LNG/93b49/lUA2/iaeM72', '');
insert into persona (usuario_id, cedula, nombre, apellido, direccion, telefono) values (158,80325, 'Antonietta', 'MacBey', 'Apt 1383', 7934581646);
insert into estudiante (id, persona_id) values ('e-80325',80325);

insert into usuario (id, rol_id, email, contrasena, token) values( 159, 4, 'Selindaestudiante@gmail.com', '$2y$10$rLBxGygGRsLKk.nNNhbs1OD5PeH4ST/.LNG/93b49/lUA2/iaeM72', '');
insert into persona (usuario_id, cedula, nombre, apellido, direccion, telefono) values (159,50464, 'Selinda', 'Batchellor', 'Suite 77', 8907240097);
insert into estudiante (id, persona_id) values ('e-50464',50464);

insert into usuario (id, rol_id, email, contrasena, token) values( 160, 4, 'Dennaestudiante@gmail.com', '$2y$10$rLBxGygGRsLKk.nNNhbs1OD5PeH4ST/.LNG/93b49/lUA2/iaeM72', '');
insert into persona (usuario_id, cedula, nombre, apellido, direccion, telefono) values (160,77922, 'Denna', 'Forrington', '1st Floor', 5159439431);
insert into estudiante (id, persona_id) values ('e-77922',77922);

insert into usuario (id, rol_id, email, contrasena, token) values( 161, 4, 'Natalestudiante@gmail.com', '$2y$10$rLBxGygGRsLKk.nNNhbs1OD5PeH4ST/.LNG/93b49/lUA2/iaeM72', '');
insert into persona (usuario_id, cedula, nombre, apellido, direccion, telefono) values (161,49506, 'Natal', 'Davidov', 'Room 1507', 7793402590);
insert into estudiante (id, persona_id) values ('e-49506',49506);

insert into usuario (id, rol_id, email, contrasena, token) values( 162, 4, 'Burgestudiante@gmail.com', '$2y$10$rLBxGygGRsLKk.nNNhbs1OD5PeH4ST/.LNG/93b49/lUA2/iaeM72', '');
insert into persona (usuario_id, cedula, nombre, apellido, direccion, telefono) values (162,10464, 'Burg', 'Curness', 'PO Box 71346', 1986621337);
insert into estudiante (id, persona_id) values ('e-10464',10464);

insert into usuario (id, rol_id, email, contrasena, token) values( 163, 4, 'Curryestudiante@gmail.com', '$2y$10$rLBxGygGRsLKk.nNNhbs1OD5PeH4ST/.LNG/93b49/lUA2/iaeM72', '');
insert into persona (usuario_id, cedula, nombre, apellido, direccion, telefono) values (163,63987, 'Curry', 'Harnwell', 'Room 1792', 4854091782);
insert into estudiante (id, persona_id) values ('e-63987',63987);

insert into usuario (id, rol_id, email, contrasena, token) values( 164, 4, 'Townsendestudiante@gmail.com', '$2y$10$rLBxGygGRsLKk.nNNhbs1OD5PeH4ST/.LNG/93b49/lUA2/iaeM72', '');
insert into persona (usuario_id, cedula, nombre, apellido, direccion, telefono) values (164,58279, 'Townsend', 'McDavid', 'Suite 58', 9324828968);
insert into estudiante (id, persona_id) values ('e-58279',58279);

insert into usuario (id, rol_id, email, contrasena, token) values( 165, 4, 'Gerrieestudiante@gmail.com', '$2y$10$rLBxGygGRsLKk.nNNhbs1OD5PeH4ST/.LNG/93b49/lUA2/iaeM72', '');
insert into persona (usuario_id, cedula, nombre, apellido, direccion, telefono) values (165,38407, 'Gerrie', 'Dawidowitz', 'Room 1485', 5254109373);
insert into estudiante (id, persona_id) values ('e-38407',38407);

insert into usuario (id, rol_id, email, contrasena, token) values( 166, 4, 'Barnardestudiante@gmail.com', '$2y$10$rLBxGygGRsLKk.nNNhbs1OD5PeH4ST/.LNG/93b49/lUA2/iaeM72', '');
insert into persona (usuario_id, cedula, nombre, apellido, direccion, telefono) values (166,32296, 'Barnard', 'Hamlet', 'Suite 55', 7282416331);
insert into estudiante (id, persona_id) values ('e-32296',32296);

insert into usuario (id, rol_id, email, contrasena, token) values( 167, 4, 'Marcyestudiante@gmail.com', '$2y$10$rLBxGygGRsLKk.nNNhbs1OD5PeH4ST/.LNG/93b49/lUA2/iaeM72', '');
insert into persona (usuario_id, cedula, nombre, apellido, direccion, telefono) values (167,67958, 'Marcy', 'Catling', 'Suite 69', 8783997936);
insert into estudiante (id, persona_id) values ('e-67958',67958);

insert into usuario (id, rol_id, email, contrasena, token) values( 168, 4, 'Tonyestudiante@gmail.com', '$2y$10$rLBxGygGRsLKk.nNNhbs1OD5PeH4ST/.LNG/93b49/lUA2/iaeM72', '');
insert into persona (usuario_id, cedula, nombre, apellido, direccion, telefono) values (168,73592, 'Tony', 'Fancutt', 'Suite 55', 1117236177);
insert into estudiante (id, persona_id) values ('e-73592',73592);

insert into usuario (id, rol_id, email, contrasena, token) values( 169, 4, 'Ingabergestudiante@gmail.com', '$2y$10$rLBxGygGRsLKk.nNNhbs1OD5PeH4ST/.LNG/93b49/lUA2/iaeM72', '');
insert into persona (usuario_id, cedula, nombre, apellido, direccion, telefono) values (169,82031, 'Ingaberg', 'Mousdall', '7th Floor', 5472580372);
insert into estudiante (id, persona_id) values ('e-82031',82031);

insert into usuario (id, rol_id, email, contrasena, token) values( 170, 4, 'Ingraestudiante@gmail.com', '$2y$10$rLBxGygGRsLKk.nNNhbs1OD5PeH4ST/.LNG/93b49/lUA2/iaeM72', '');
insert into persona (usuario_id, cedula, nombre, apellido, direccion, telefono) values (170,36013, 'Ingra', 'Beniesh', '4th Floor', 3983775311);
insert into estudiante (id, persona_id) values ('e-36013',36013);

insert into usuario (id, rol_id, email, contrasena, token) values( 171, 4, 'Orlandoestudiante@gmail.com', '$2y$10$rLBxGygGRsLKk.nNNhbs1OD5PeH4ST/.LNG/93b49/lUA2/iaeM72', '');
insert into persona (usuario_id, cedula, nombre, apellido, direccion, telefono) values (171,58674, 'Orlando', 'Hancorn', '14th Floor', 1114111000);
insert into estudiante (id, persona_id) values ('e-58674',58674);

insert into usuario (id, rol_id, email, contrasena, token) values( 172, 4, 'Irisestudiante@gmail.com', '$2y$10$rLBxGygGRsLKk.nNNhbs1OD5PeH4ST/.LNG/93b49/lUA2/iaeM72', '');
insert into persona (usuario_id, cedula, nombre, apellido, direccion, telefono) values (172,29439, 'Iris', 'Cheverell', '2nd Floor', 5086803816);
insert into estudiante (id, persona_id) values ('e-29439',29439);

insert into usuario (id, rol_id, email, contrasena, token) values( 173, 4, 'Sashaestudiante@gmail.com', '$2y$10$rLBxGygGRsLKk.nNNhbs1OD5PeH4ST/.LNG/93b49/lUA2/iaeM72', '');
insert into persona (usuario_id, cedula, nombre, apellido, direccion, telefono) values (173,64988, 'Sasha', 'Menego', '4th Floor', 6935537923);
insert into estudiante (id, persona_id) values ('e-64988',64988);

insert into usuario (id, rol_id, email, contrasena, token) values( 174, 4, 'Aerielestudiante@gmail.com', '$2y$10$rLBxGygGRsLKk.nNNhbs1OD5PeH4ST/.LNG/93b49/lUA2/iaeM72', '');
insert into persona (usuario_id, cedula, nombre, apellido, direccion, telefono) values (174,81658, 'Aeriel', 'Bromidge', 'Suite 71', 4446179632);
insert into estudiante (id, persona_id) values ('e-81658',81658);

insert into usuario (id, rol_id, email, contrasena, token) values( 175, 4, 'Benjyestudiante@gmail.com', '$2y$10$rLBxGygGRsLKk.nNNhbs1OD5PeH4ST/.LNG/93b49/lUA2/iaeM72', '');
insert into persona (usuario_id, cedula, nombre, apellido, direccion, telefono) values (175,42116, 'Benjy', 'Ganniclifft', 'Suite 55', 7202378165);
insert into estudiante (id, persona_id) values ('e-42116',42116);

insert into usuario (id, rol_id, email, contrasena, token) values( 176, 4, 'Ealestudiante@gmail.com', '$2y$10$rLBxGygGRsLKk.nNNhbs1OD5PeH4ST/.LNG/93b49/lUA2/iaeM72', '');
insert into persona (usuario_id, cedula, nombre, apellido, direccion, telefono) values (176,75304, 'Eal', 'Bault', '18th Floor', 8352646383);
insert into estudiante (id, persona_id) values ('e-75304',75304);

insert into usuario (id, rol_id, email, contrasena, token) values( 177, 4, 'Ainsleyestudiante@gmail.com', '$2y$10$rLBxGygGRsLKk.nNNhbs1OD5PeH4ST/.LNG/93b49/lUA2/iaeM72', '');
insert into persona (usuario_id, cedula, nombre, apellido, direccion, telefono) values (177,80009, 'Ainsley', 'Edginton', '19th Floor', 1634339037);
insert into estudiante (id, persona_id) values ('e-80009',80009);

insert into usuario (id, rol_id, email, contrasena, token) values( 178, 4, 'Reaestudiante@gmail.com', '$2y$10$rLBxGygGRsLKk.nNNhbs1OD5PeH4ST/.LNG/93b49/lUA2/iaeM72', '');
insert into persona (usuario_id, cedula, nombre, apellido, direccion, telefono) values (178,50315, 'Rea', 'Thecham', 'Room 461', 1378201737);
insert into estudiante (id, persona_id) values ('e-50315',50315);

insert into usuario (id, rol_id, email, contrasena, token) values( 179, 4, 'Mickieestudiante@gmail.com', '$2y$10$rLBxGygGRsLKk.nNNhbs1OD5PeH4ST/.LNG/93b49/lUA2/iaeM72', '');
insert into persona (usuario_id, cedula, nombre, apellido, direccion, telefono) values (179,87563, 'Mickie', 'Husbands', 'Room 1488', 8321980269);
insert into estudiante (id, persona_id) values ('e-87563',87563);

insert into usuario (id, rol_id, email, contrasena, token) values( 180, 4, 'Valinaestudiante@gmail.com', '$2y$10$rLBxGygGRsLKk.nNNhbs1OD5PeH4ST/.LNG/93b49/lUA2/iaeM72', '');
insert into persona (usuario_id, cedula, nombre, apellido, direccion, telefono) values (180,86117, 'Valina', 'Blanshard', 'Suite 81', 2176189600);
insert into estudiante (id, persona_id) values ('e-86117',86117);

insert into usuario (id, rol_id, email, contrasena, token) values( 181, 4, 'Alanoestudiante@gmail.com', '$2y$10$rLBxGygGRsLKk.nNNhbs1OD5PeH4ST/.LNG/93b49/lUA2/iaeM72', '');
insert into persona (usuario_id, cedula, nombre, apellido, direccion, telefono) values (181,54276, 'Alano', 'Rains', 'Suite 56', 3955316807);
insert into estudiante (id, persona_id) values ('e-54276',54276);

insert into usuario (id, rol_id, email, contrasena, token) values( 182, 4, 'Joshuaestudiante@gmail.com', '$2y$10$rLBxGygGRsLKk.nNNhbs1OD5PeH4ST/.LNG/93b49/lUA2/iaeM72', '');
insert into persona (usuario_id, cedula, nombre, apellido, direccion, telefono) values (182,58639, 'Joshua', 'Grunwald', 'PO Box 64934', 5048577373);
insert into estudiante (id, persona_id) values ('e-58639',58639);

insert into usuario (id, rol_id, email, contrasena, token) values( 183, 4, 'Angelicoestudiante@gmail.com', '$2y$10$rLBxGygGRsLKk.nNNhbs1OD5PeH4ST/.LNG/93b49/lUA2/iaeM72', '');
insert into persona (usuario_id, cedula, nombre, apellido, direccion, telefono) values (183,44738, 'Angelico', 'Tinston', 'Suite 37', 3746605304);
insert into estudiante (id, persona_id) values ('e-44738',44738);

insert into usuario (id, rol_id, email, contrasena, token) values( 184, 4, 'Raphaelaestudiante@gmail.com', '$2y$10$rLBxGygGRsLKk.nNNhbs1OD5PeH4ST/.LNG/93b49/lUA2/iaeM72', '');
insert into persona (usuario_id, cedula, nombre, apellido, direccion, telefono) values (184,62506, 'Raphaela', 'Cullinan', 'Apt 195', 7169544160);
insert into estudiante (id, persona_id) values ('e-62506',62506);

insert into usuario (id, rol_id, email, contrasena, token) values( 185, 4, 'Triciaestudiante@gmail.com', '$2y$10$rLBxGygGRsLKk.nNNhbs1OD5PeH4ST/.LNG/93b49/lUA2/iaeM72', '');
insert into persona (usuario_id, cedula, nombre, apellido, direccion, telefono) values (185,85747, 'Tricia', 'McGinley', 'Room 1297', 4488079280);
insert into estudiante (id, persona_id) values ('e-85747',85747);

insert into usuario (id, rol_id, email, contrasena, token) values( 186, 4, 'Shemestudiante@gmail.com', '$2y$10$rLBxGygGRsLKk.nNNhbs1OD5PeH4ST/.LNG/93b49/lUA2/iaeM72', '');
insert into persona (usuario_id, cedula, nombre, apellido, direccion, telefono) values (186,68347, 'Shem', 'Bidder', 'Suite 3', 6371669023);
insert into estudiante (id, persona_id) values ('e-68347',68347);

insert into usuario (id, rol_id, email, contrasena, token) values( 187, 4, 'Gardyestudiante@gmail.com', '$2y$10$rLBxGygGRsLKk.nNNhbs1OD5PeH4ST/.LNG/93b49/lUA2/iaeM72', '');
insert into persona (usuario_id, cedula, nombre, apellido, direccion, telefono) values (187,81694, 'Gardy', 'Meade', 'Apt 722', 2881284625);
insert into estudiante (id, persona_id) values ('e-81694',81694);

insert into usuario (id, rol_id, email, contrasena, token) values( 188, 4, 'Dewittestudiante@gmail.com', '$2y$10$rLBxGygGRsLKk.nNNhbs1OD5PeH4ST/.LNG/93b49/lUA2/iaeM72', '');
insert into persona (usuario_id, cedula, nombre, apellido, direccion, telefono) values (188,54221, 'Dewitt', 'Coventry', 'Suite 5', 9443601444);
insert into estudiante (id, persona_id) values ('e-54221',54221);

insert into usuario (id, rol_id, email, contrasena, token) values( 189, 4, 'Aurlieestudiante@gmail.com', '$2y$10$rLBxGygGRsLKk.nNNhbs1OD5PeH4ST/.LNG/93b49/lUA2/iaeM72', '');
insert into persona (usuario_id, cedula, nombre, apellido, direccion, telefono) values (189,47303, 'Aurlie', 'Caslane', 'PO Box 83046', 2558179535);
insert into estudiante (id, persona_id) values ('e-47303',47303);

insert into usuario (id, rol_id, email, contrasena, token) values( 190, 4, 'Harleyestudiante@gmail.com', '$2y$10$rLBxGygGRsLKk.nNNhbs1OD5PeH4ST/.LNG/93b49/lUA2/iaeM72', '');
insert into persona (usuario_id, cedula, nombre, apellido, direccion, telefono) values (190,19101, 'Harley', 'Fourmy', 'Suite 40', 9278084331);
insert into estudiante (id, persona_id) values ('e-19101',19101);

insert into usuario (id, rol_id, email, contrasena, token) values( 191, 4, 'Emmelineestudiante@gmail.com', '$2y$10$rLBxGygGRsLKk.nNNhbs1OD5PeH4ST/.LNG/93b49/lUA2/iaeM72', '');
insert into persona (usuario_id, cedula, nombre, apellido, direccion, telefono) values (191,83350, 'Emmeline', 'Fernandez', 'Suite 43', 5339847991);
insert into estudiante (id, persona_id) values ('e-83350',83350);

insert into usuario (id, rol_id, email, contrasena, token) values( 192, 4, 'Pegeenestudiante@gmail.com', '$2y$10$rLBxGygGRsLKk.nNNhbs1OD5PeH4ST/.LNG/93b49/lUA2/iaeM72', '');
insert into persona (usuario_id, cedula, nombre, apellido, direccion, telefono) values (192,42745, 'Pegeen', 'Bucklan', 'Room 1678', 2484109904);
insert into estudiante (id, persona_id) values ('e-42745',42745);

insert into usuario (id, rol_id, email, contrasena, token) values( 193, 4, 'Kelliestudiante@gmail.com', '$2y$10$rLBxGygGRsLKk.nNNhbs1OD5PeH4ST/.LNG/93b49/lUA2/iaeM72', '');
insert into persona (usuario_id, cedula, nombre, apellido, direccion, telefono) values (193,39586, 'Kelli', 'Sloley', 'Apt 170', 3049503178);
insert into estudiante (id, persona_id) values ('e-39586',39586);

insert into usuario (id, rol_id, email, contrasena, token) values( 194, 4, 'Arabeleestudiante@gmail.com', '$2y$10$rLBxGygGRsLKk.nNNhbs1OD5PeH4ST/.LNG/93b49/lUA2/iaeM72', '');
insert into persona (usuario_id, cedula, nombre, apellido, direccion, telefono) values (194,77809, 'Arabele', 'Tamburo', '6th Floor', 4082530276);
insert into estudiante (id, persona_id) values ('e-77809',77809);

insert into usuario (id, rol_id, email, contrasena, token) values( 195, 4, 'Trudeyestudiante@gmail.com', '$2y$10$rLBxGygGRsLKk.nNNhbs1OD5PeH4ST/.LNG/93b49/lUA2/iaeM72', '');
insert into persona (usuario_id, cedula, nombre, apellido, direccion, telefono) values (195,44366, 'Trudey', 'Blaxeland', '4th Floor', 9252799623);
insert into estudiante (id, persona_id) values ('e-44366',44366);

insert into usuario (id, rol_id, email, contrasena, token) values( 196, 4, 'Vivyanneestudiante@gmail.com', '$2y$10$rLBxGygGRsLKk.nNNhbs1OD5PeH4ST/.LNG/93b49/lUA2/iaeM72', '');
insert into persona (usuario_id, cedula, nombre, apellido, direccion, telefono) values (196,18367, 'Vivyanne', 'MacGilmartin', 'Room 252', 9895527453);
insert into estudiante (id, persona_id) values ('e-18367',18367);

insert into usuario (id, rol_id, email, contrasena, token) values( 197, 4, 'Lawrenceestudiante@gmail.com', '$2y$10$rLBxGygGRsLKk.nNNhbs1OD5PeH4ST/.LNG/93b49/lUA2/iaeM72', '');
insert into persona (usuario_id, cedula, nombre, apellido, direccion, telefono) values (197,86385, 'Lawrence', 'Lofty', 'Apt 821', 4185699169);
insert into estudiante (id, persona_id) values ('e-86385',86385);

insert into usuario (id, rol_id, email, contrasena, token) values( 198, 4, 'Patestudiante@gmail.com', '$2y$10$rLBxGygGRsLKk.nNNhbs1OD5PeH4ST/.LNG/93b49/lUA2/iaeM72', '');
insert into persona (usuario_id, cedula, nombre, apellido, direccion, telefono) values (198,22847, 'Pat', 'Sahnow', 'PO Box 48936', 6544215104);
insert into estudiante (id, persona_id) values ('e-22847',22847);

insert into usuario (id, rol_id, email, contrasena, token) values( 199, 4, 'Madelonestudiante@gmail.com', '$2y$10$rLBxGygGRsLKk.nNNhbs1OD5PeH4ST/.LNG/93b49/lUA2/iaeM72', '');
insert into persona (usuario_id, cedula, nombre, apellido, direccion, telefono) values (199,55688, 'Madelon', 'Tuberfield', 'Apt 1356', 3697989197);
insert into estudiante (id, persona_id) values ('e-55688',55688);

insert into usuario (id, rol_id, email, contrasena, token) values( 200, 4, 'Isaiahestudiante@gmail.com', '$2y$10$rLBxGygGRsLKk.nNNhbs1OD5PeH4ST/.LNG/93b49/lUA2/iaeM72', '');
insert into persona (usuario_id, cedula, nombre, apellido, direccion, telefono) values (200,10878, 'Isaiah', 'Seaborne', '13th Floor', 9767125659);
insert into estudiante (id, persona_id) values ('e-10878',10878);

insert into usuario (id, rol_id, email, contrasena, token) values( 201, 4, 'Virginiaestudiante@gmail.com', '$2y$10$rLBxGygGRsLKk.nNNhbs1OD5PeH4ST/.LNG/93b49/lUA2/iaeM72', '');
insert into persona (usuario_id, cedula, nombre, apellido, direccion, telefono) values (201,30603, 'Virginia', 'Jerratsch', 'Apt 443', 9301934925);
insert into estudiante (id, persona_id) values ('e-30603',30603);

insert into usuario (id, rol_id, email, contrasena, token) values( 202, 4, 'Cornelleestudiante@gmail.com', '$2y$10$rLBxGygGRsLKk.nNNhbs1OD5PeH4ST/.LNG/93b49/lUA2/iaeM72', '');
insert into persona (usuario_id, cedula, nombre, apellido, direccion, telefono) values (202,40385, 'Cornelle', 'Hassell', 'Room 1077', 2878168381);
insert into estudiante (id, persona_id) values ('e-40385',40385);

insert into usuario (id, rol_id, email, contrasena, token) values( 203, 4, 'Ethelbertestudiante@gmail.com', '$2y$10$rLBxGygGRsLKk.nNNhbs1OD5PeH4ST/.LNG/93b49/lUA2/iaeM72', '');
insert into persona (usuario_id, cedula, nombre, apellido, direccion, telefono) values (203,54482, 'Ethelbert', 'Mc Mechan', '4th Floor', 6525296597);
insert into estudiante (id, persona_id) values ('e-54482',54482);

insert into usuario (id, rol_id, email, contrasena, token) values( 204, 4, 'Rosemarieestudiante@gmail.com', '$2y$10$rLBxGygGRsLKk.nNNhbs1OD5PeH4ST/.LNG/93b49/lUA2/iaeM72', '');
insert into persona (usuario_id, cedula, nombre, apellido, direccion, telefono) values (204,45550, 'Rosemarie', 'Belderson', 'PO Box 12910', 2433293206);
insert into estudiante (id, persona_id) values ('e-45550',45550);

insert into usuario (id, rol_id, email, contrasena, token) values( 205, 4, 'Ronaldaestudiante@gmail.com', '$2y$10$rLBxGygGRsLKk.nNNhbs1OD5PeH4ST/.LNG/93b49/lUA2/iaeM72', '');
insert into persona (usuario_id, cedula, nombre, apellido, direccion, telefono) values (205,18581, 'Ronalda', 'Rookeby', '16th Floor', 5451029943);
insert into estudiante (id, persona_id) values ('e-18581',18581);

insert into usuario (id, rol_id, email, contrasena, token) values( 206, 4, 'Jeffestudiante@gmail.com', '$2y$10$rLBxGygGRsLKk.nNNhbs1OD5PeH4ST/.LNG/93b49/lUA2/iaeM72', '');
insert into persona (usuario_id, cedula, nombre, apellido, direccion, telefono) values (206,32117, 'Jeff', 'Duddin', 'Room 792', 1634563893);
insert into estudiante (id, persona_id) values ('e-32117',32117);

insert into usuario (id, rol_id, email, contrasena, token) values( 207, 4, 'Tarynestudiante@gmail.com', '$2y$10$rLBxGygGRsLKk.nNNhbs1OD5PeH4ST/.LNG/93b49/lUA2/iaeM72', '');
insert into persona (usuario_id, cedula, nombre, apellido, direccion, telefono) values (207,26712, 'Taryn', 'Crosetto', 'PO Box 14845', 9493924989);
insert into estudiante (id, persona_id) values ('e-26712',26712);

insert into usuario (id, rol_id, email, contrasena, token) values( 208, 4, 'Cariottaestudiante@gmail.com', '$2y$10$rLBxGygGRsLKk.nNNhbs1OD5PeH4ST/.LNG/93b49/lUA2/iaeM72', '');
insert into persona (usuario_id, cedula, nombre, apellido, direccion, telefono) values (208,82940, 'Cariotta', 'Warnock', 'Room 210', 7755987589);
insert into estudiante (id, persona_id) values ('e-82940',82940);

insert into usuario (id, rol_id, email, contrasena, token) values( 209, 4, 'Mellisaestudiante@gmail.com', '$2y$10$rLBxGygGRsLKk.nNNhbs1OD5PeH4ST/.LNG/93b49/lUA2/iaeM72', '');
insert into persona (usuario_id, cedula, nombre, apellido, direccion, telefono) values (209,87437, 'Mellisa', 'MacAvaddy', 'Suite 29', 5265540206);
insert into estudiante (id, persona_id) values ('e-87437',87437);

insert into usuario (id, rol_id, email, contrasena, token) values( 210, 4, 'Happyestudiante@gmail.com', '$2y$10$rLBxGygGRsLKk.nNNhbs1OD5PeH4ST/.LNG/93b49/lUA2/iaeM72', '');
insert into persona (usuario_id, cedula, nombre, apellido, direccion, telefono) values (210,37106, 'Happy', 'Courtin', 'Room 1974', 2336023692);
insert into estudiante (id, persona_id) values ('e-37106',37106);

insert into usuario (id, rol_id, email, contrasena, token) values( 211, 4, 'Codieestudiante@gmail.com', '$2y$10$rLBxGygGRsLKk.nNNhbs1OD5PeH4ST/.LNG/93b49/lUA2/iaeM72', '');
insert into persona (usuario_id, cedula, nombre, apellido, direccion, telefono) values (211,75067, 'Codie', 'Laidlow', 'Apt 560', 9049856662);
insert into estudiante (id, persona_id) values ('e-75067',75067);

insert into usuario (id, rol_id, email, contrasena, token) values( 212, 4, 'Gregoorestudiante@gmail.com', '$2y$10$rLBxGygGRsLKk.nNNhbs1OD5PeH4ST/.LNG/93b49/lUA2/iaeM72', '');
insert into persona (usuario_id, cedula, nombre, apellido, direccion, telefono) values (212,68228, 'Gregoor', 'Gray', 'Room 208', 8924947930);
insert into estudiante (id, persona_id) values ('e-68228',68228);

insert into usuario (id, rol_id, email, contrasena, token) values( 213, 4, 'Wolfyestudiante@gmail.com', '$2y$10$rLBxGygGRsLKk.nNNhbs1OD5PeH4ST/.LNG/93b49/lUA2/iaeM72', '');
insert into persona (usuario_id, cedula, nombre, apellido, direccion, telefono) values (213,55872, 'Wolfy', 'Bagshawe', 'PO Box 57590', 2412265547);
insert into estudiante (id, persona_id) values ('e-55872',55872);

insert into usuario (id, rol_id, email, contrasena, token) values( 214, 4, 'Lorainestudiante@gmail.com', '$2y$10$rLBxGygGRsLKk.nNNhbs1OD5PeH4ST/.LNG/93b49/lUA2/iaeM72', '');
insert into persona (usuario_id, cedula, nombre, apellido, direccion, telefono) values (214,18141, 'Lorain', 'Knapton', 'Apt 260', 7691912222);
insert into estudiante (id, persona_id) values ('e-18141',18141);

insert into usuario (id, rol_id, email, contrasena, token) values( 215, 4, 'Napestudiante@gmail.com', '$2y$10$rLBxGygGRsLKk.nNNhbs1OD5PeH4ST/.LNG/93b49/lUA2/iaeM72', '');
insert into persona (usuario_id, cedula, nombre, apellido, direccion, telefono) values (215,30946, 'Nap', 'MacMenemy', 'PO Box 44151', 4719594980);
insert into estudiante (id, persona_id) values ('e-30946',30946);

insert into usuario (id, rol_id, email, contrasena, token) values( 216, 4, 'Klimentestudiante@gmail.com', '$2y$10$rLBxGygGRsLKk.nNNhbs1OD5PeH4ST/.LNG/93b49/lUA2/iaeM72', '');
insert into persona (usuario_id, cedula, nombre, apellido, direccion, telefono) values (216,55595, 'Kliment', 'Gumery', 'Room 1101', 2076766144);
insert into estudiante (id, persona_id) values ('e-55595',55595);

insert into usuario (id, rol_id, email, contrasena, token) values( 217, 4, 'Felicioestudiante@gmail.com', '$2y$10$rLBxGygGRsLKk.nNNhbs1OD5PeH4ST/.LNG/93b49/lUA2/iaeM72', '');
insert into persona (usuario_id, cedula, nombre, apellido, direccion, telefono) values (217,16599, 'Felicio', 'Isley', 'Suite 4', 7446167762);
insert into estudiante (id, persona_id) values ('e-16599',16599);

insert into usuario (id, rol_id, email, contrasena, token) values( 218, 4, 'Katharinaestudiante@gmail.com', '$2y$10$rLBxGygGRsLKk.nNNhbs1OD5PeH4ST/.LNG/93b49/lUA2/iaeM72', '');
insert into persona (usuario_id, cedula, nombre, apellido, direccion, telefono) values (218,88211, 'Katharina', 'Buggs', 'PO Box 84095', 2104622560);
insert into estudiante (id, persona_id) values ('e-88211',88211);

insert into usuario (id, rol_id, email, contrasena, token) values( 219, 4, 'Dinahestudiante@gmail.com', '$2y$10$rLBxGygGRsLKk.nNNhbs1OD5PeH4ST/.LNG/93b49/lUA2/iaeM72', '');
insert into persona (usuario_id, cedula, nombre, apellido, direccion, telefono) values (219,80299, 'Dinah', 'Atteridge', 'Apt 1202', 6507602465);
insert into estudiante (id, persona_id) values ('e-80299',80299);

insert into usuario (id, rol_id, email, contrasena, token) values( 220, 4, 'Retaestudiante@gmail.com', '$2y$10$rLBxGygGRsLKk.nNNhbs1OD5PeH4ST/.LNG/93b49/lUA2/iaeM72', '');
insert into persona (usuario_id, cedula, nombre, apellido, direccion, telefono) values (220,21853, 'Reta', 'Meins', 'PO Box 31402', 4123085639);
insert into estudiante (id, persona_id) values ('e-21853',21853);

insert into usuario (id, rol_id, email, contrasena, token) values( 221, 4, 'Jdavieestudiante@gmail.com', '$2y$10$rLBxGygGRsLKk.nNNhbs1OD5PeH4ST/.LNG/93b49/lUA2/iaeM72', '');
insert into persona (usuario_id, cedula, nombre, apellido, direccion, telefono) values (221,68018, 'Jdavie', 'Vigus', 'Room 634', 2106946477);
insert into estudiante (id, persona_id) values ('e-68018',68018);

insert into usuario (id, rol_id, email, contrasena, token) values( 222, 4, 'Oliaestudiante@gmail.com', '$2y$10$rLBxGygGRsLKk.nNNhbs1OD5PeH4ST/.LNG/93b49/lUA2/iaeM72', '');
insert into persona (usuario_id, cedula, nombre, apellido, direccion, telefono) values (222,39061, 'Olia', 'Playfair', 'Apt 1690', 3092281771);
insert into estudiante (id, persona_id) values ('e-39061',39061);

insert into usuario (id, rol_id, email, contrasena, token) values( 223, 4, 'Heindrickestudiante@gmail.com', '$2y$10$rLBxGygGRsLKk.nNNhbs1OD5PeH4ST/.LNG/93b49/lUA2/iaeM72', '');
insert into persona (usuario_id, cedula, nombre, apellido, direccion, telefono) values (223,21933, 'Heindrick', 'Ingrem', '10th Floor', 2347514915);
insert into estudiante (id, persona_id) values ('e-21933',21933);

insert into usuario (id, rol_id, email, contrasena, token) values( 224, 4, 'Valeestudiante@gmail.com', '$2y$10$rLBxGygGRsLKk.nNNhbs1OD5PeH4ST/.LNG/93b49/lUA2/iaeM72', '');
insert into persona (usuario_id, cedula, nombre, apellido, direccion, telefono) values (224,72240, 'Vale', 'Mayte', '9th Floor', 6303532569);
insert into estudiante (id, persona_id) values ('e-72240',72240);

insert into usuario (id, rol_id, email, contrasena, token) values( 225, 4, 'Juddestudiante@gmail.com', '$2y$10$rLBxGygGRsLKk.nNNhbs1OD5PeH4ST/.LNG/93b49/lUA2/iaeM72', '');
insert into persona (usuario_id, cedula, nombre, apellido, direccion, telefono) values (225,38318, 'Judd', 'Southon', 'Room 193', 9974897481);
insert into estudiante (id, persona_id) values ('e-38318',38318);

insert into usuario (id, rol_id, email, contrasena, token) values( 226, 4, 'Georgettaestudiante@gmail.com', '$2y$10$rLBxGygGRsLKk.nNNhbs1OD5PeH4ST/.LNG/93b49/lUA2/iaeM72', '');
insert into persona (usuario_id, cedula, nombre, apellido, direccion, telefono) values (226,69632, 'Georgetta', 'Keveren', 'Suite 77', 1367116223);
insert into estudiante (id, persona_id) values ('e-69632',69632);

insert into usuario (id, rol_id, email, contrasena, token) values( 227, 4, 'Carolyneestudiante@gmail.com', '$2y$10$rLBxGygGRsLKk.nNNhbs1OD5PeH4ST/.LNG/93b49/lUA2/iaeM72', '');
insert into persona (usuario_id, cedula, nombre, apellido, direccion, telefono) values (227,43718, 'Carolyne', 'Rubinlicht', '20th Floor', 1629021428);
insert into estudiante (id, persona_id) values ('e-43718',43718);

insert into usuario (id, rol_id, email, contrasena, token) values( 228, 4, 'Jeffieestudiante@gmail.com', '$2y$10$rLBxGygGRsLKk.nNNhbs1OD5PeH4ST/.LNG/93b49/lUA2/iaeM72', '');
insert into persona (usuario_id, cedula, nombre, apellido, direccion, telefono) values (228,29942, 'Jeffie', 'De La Cote', 'Room 1966', 2412436832);
insert into estudiante (id, persona_id) values ('e-29942',29942);

insert into usuario (id, rol_id, email, contrasena, token) values( 229, 4, 'Dominiqueestudiante@gmail.com', '$2y$10$rLBxGygGRsLKk.nNNhbs1OD5PeH4ST/.LNG/93b49/lUA2/iaeM72', '');
insert into persona (usuario_id, cedula, nombre, apellido, direccion, telefono) values (229,86489, 'Dominique', 'Woollett', 'Suite 91', 3279687967);
insert into estudiante (id, persona_id) values ('e-86489',86489);

insert into usuario (id, rol_id, email, contrasena, token) values( 230, 4, 'Desestudiante@gmail.com', '$2y$10$rLBxGygGRsLKk.nNNhbs1OD5PeH4ST/.LNG/93b49/lUA2/iaeM72', '');
insert into persona (usuario_id, cedula, nombre, apellido, direccion, telefono) values (230,14078, 'Des', 'Heed', 'Room 90', 6007555636);
insert into estudiante (id, persona_id) values ('e-14078',14078);

insert into usuario (id, rol_id, email, contrasena, token) values( 231, 4, 'Lillaestudiante@gmail.com', '$2y$10$rLBxGygGRsLKk.nNNhbs1OD5PeH4ST/.LNG/93b49/lUA2/iaeM72', '');
insert into persona (usuario_id, cedula, nombre, apellido, direccion, telefono) values (231,37847, 'Lilla', 'Rikel', 'Room 1669', 7772486656);
insert into estudiante (id, persona_id) values ('e-37847',37847);

insert into usuario (id, rol_id, email, contrasena, token) values( 232, 4, 'Corenaestudiante@gmail.com', '$2y$10$rLBxGygGRsLKk.nNNhbs1OD5PeH4ST/.LNG/93b49/lUA2/iaeM72', '');
insert into persona (usuario_id, cedula, nombre, apellido, direccion, telefono) values (232,72416, 'Corena', 'Barthot', 'Apt 1940', 1714978228);
insert into estudiante (id, persona_id) values ('e-72416',72416);

insert into usuario (id, rol_id, email, contrasena, token) values( 233, 4, 'Readestudiante@gmail.com', '$2y$10$rLBxGygGRsLKk.nNNhbs1OD5PeH4ST/.LNG/93b49/lUA2/iaeM72', '');
insert into persona (usuario_id, cedula, nombre, apellido, direccion, telefono) values (233,48644, 'Read', 'Hubback', 'PO Box 90297', 1871473951);
insert into estudiante (id, persona_id) values ('e-48644',48644);

insert into usuario (id, rol_id, email, contrasena, token) values( 234, 4, 'Evelineestudiante@gmail.com', '$2y$10$rLBxGygGRsLKk.nNNhbs1OD5PeH4ST/.LNG/93b49/lUA2/iaeM72', '');
insert into persona (usuario_id, cedula, nombre, apellido, direccion, telefono) values (234,30384, 'Eveline', 'Kikke', 'Room 1453', 4293541657);
insert into estudiante (id, persona_id) values ('e-30384',30384);

insert into usuario (id, rol_id, email, contrasena, token) values( 235, 4, 'Aubreeestudiante@gmail.com', '$2y$10$rLBxGygGRsLKk.nNNhbs1OD5PeH4ST/.LNG/93b49/lUA2/iaeM72', '');
insert into persona (usuario_id, cedula, nombre, apellido, direccion, telefono) values (235,33986, 'Aubree', 'Kennerley', '4th Floor', 3638448484);
insert into estudiante (id, persona_id) values ('e-33986',33986);

insert into usuario (id, rol_id, email, contrasena, token) values( 236, 4, 'Lennardestudiante@gmail.com', '$2y$10$rLBxGygGRsLKk.nNNhbs1OD5PeH4ST/.LNG/93b49/lUA2/iaeM72', '');
insert into persona (usuario_id, cedula, nombre, apellido, direccion, telefono) values (236,34791, 'Lennard', 'Gosnall', 'Suite 34', 6523768451);
insert into estudiante (id, persona_id) values ('e-34791',34791);

insert into usuario (id, rol_id, email, contrasena, token) values( 237, 4, 'Philestudiante@gmail.com', '$2y$10$rLBxGygGRsLKk.nNNhbs1OD5PeH4ST/.LNG/93b49/lUA2/iaeM72', '');
insert into persona (usuario_id, cedula, nombre, apellido, direccion, telefono) values (237,49327, 'Phil', 'Strute', 'Suite 82', 2369719228);
insert into estudiante (id, persona_id) values ('e-49327',49327);

insert into usuario (id, rol_id, email, contrasena, token) values( 238, 4, 'Katestudiante@gmail.com', '$2y$10$rLBxGygGRsLKk.nNNhbs1OD5PeH4ST/.LNG/93b49/lUA2/iaeM72', '');
insert into persona (usuario_id, cedula, nombre, apellido, direccion, telefono) values (238,83472, 'Kat', 'Stienton', 'Room 1994', 8413738826);
insert into estudiante (id, persona_id) values ('e-83472',83472);

insert into usuario (id, rol_id, email, contrasena, token) values( 239, 4, 'Rudigerestudiante@gmail.com', '$2y$10$rLBxGygGRsLKk.nNNhbs1OD5PeH4ST/.LNG/93b49/lUA2/iaeM72', '');
insert into persona (usuario_id, cedula, nombre, apellido, direccion, telefono) values (239,54539, 'Rudiger', 'Hildrew', 'Apt 74', 7078930268);
insert into estudiante (id, persona_id) values ('e-54539',54539);

insert into usuario (id, rol_id, email, contrasena, token) values( 240, 4, 'Lanieestudiante@gmail.com', '$2y$10$rLBxGygGRsLKk.nNNhbs1OD5PeH4ST/.LNG/93b49/lUA2/iaeM72', '');
insert into persona (usuario_id, cedula, nombre, apellido, direccion, telefono) values (240,28925, 'Lanie', 'Neilly', '3rd Floor', 2276908780);
insert into estudiante (id, persona_id) values ('e-28925',28925);

insert into usuario (id, rol_id, email, contrasena, token) values( 241, 4, 'Kalinaestudiante@gmail.com', '$2y$10$rLBxGygGRsLKk.nNNhbs1OD5PeH4ST/.LNG/93b49/lUA2/iaeM72', '');
insert into persona (usuario_id, cedula, nombre, apellido, direccion, telefono) values (241,68229, 'Kalina', 'Lawther', 'PO Box 86968', 2426890030);
insert into estudiante (id, persona_id) values ('e-68229',68229);

insert into usuario (id, rol_id, email, contrasena, token) values( 242, 4, 'Hamestudiante@gmail.com', '$2y$10$rLBxGygGRsLKk.nNNhbs1OD5PeH4ST/.LNG/93b49/lUA2/iaeM72', '');
insert into persona (usuario_id, cedula, nombre, apellido, direccion, telefono) values (242,34539, 'Ham', 'Ellse', 'PO Box 3442', 1363469412);
insert into estudiante (id, persona_id) values ('e-34539',34539);

insert into usuario (id, rol_id, email, contrasena, token) values( 243, 4, 'Norrieestudiante@gmail.com', '$2y$10$rLBxGygGRsLKk.nNNhbs1OD5PeH4ST/.LNG/93b49/lUA2/iaeM72', '');
insert into persona (usuario_id, cedula, nombre, apellido, direccion, telefono) values (243,25557, 'Norrie', 'Meynell', 'Suite 44', 9394349324);
insert into estudiante (id, persona_id) values ('e-25557',25557);

insert into usuario (id, rol_id, email, contrasena, token) values( 244, 4, 'Garvinestudiante@gmail.com', '$2y$10$rLBxGygGRsLKk.nNNhbs1OD5PeH4ST/.LNG/93b49/lUA2/iaeM72', '');
insert into persona (usuario_id, cedula, nombre, apellido, direccion, telefono) values (244,63316, 'Garvin', 'Franz-Schoninger', 'Suite 74', 6285286359);
insert into estudiante (id, persona_id) values ('e-63316',63316);

insert into usuario (id, rol_id, email, contrasena, token) values( 245, 4, 'Courtnayestudiante@gmail.com', '$2y$10$rLBxGygGRsLKk.nNNhbs1OD5PeH4ST/.LNG/93b49/lUA2/iaeM72', '');
insert into persona (usuario_id, cedula, nombre, apellido, direccion, telefono) values (245,45305, 'Courtnay', 'MacGuffog', 'PO Box 50128', 6977298060);
insert into estudiante (id, persona_id) values ('e-45305',45305);

insert into usuario (id, rol_id, email, contrasena, token) values( 246, 4, 'Sabaestudiante@gmail.com', '$2y$10$rLBxGygGRsLKk.nNNhbs1OD5PeH4ST/.LNG/93b49/lUA2/iaeM72', '');
insert into persona (usuario_id, cedula, nombre, apellido, direccion, telefono) values (246,15517, 'Saba', 'Sholem', 'PO Box 57499', 9816448614);
insert into estudiante (id, persona_id) values ('e-15517',15517);

insert into usuario (id, rol_id, email, contrasena, token) values( 247, 4, 'Bernardoestudiante@gmail.com', '$2y$10$rLBxGygGRsLKk.nNNhbs1OD5PeH4ST/.LNG/93b49/lUA2/iaeM72', '');
insert into persona (usuario_id, cedula, nombre, apellido, direccion, telefono) values (247,41686, 'Bernardo', 'Snowding', 'PO Box 79970', 5304883911);
insert into estudiante (id, persona_id) values ('e-41686',41686);

insert into usuario (id, rol_id, email, contrasena, token) values( 248, 4, 'Rafaeliaestudiante@gmail.com', '$2y$10$rLBxGygGRsLKk.nNNhbs1OD5PeH4ST/.LNG/93b49/lUA2/iaeM72', '');
insert into persona (usuario_id, cedula, nombre, apellido, direccion, telefono) values (248,58882, 'Rafaelia', 'Prozescky', 'Room 1916', 7587550949);
insert into estudiante (id, persona_id) values ('e-58882',58882);

insert into usuario (id, rol_id, email, contrasena, token) values( 249, 4, 'Sigestudiante@gmail.com', '$2y$10$rLBxGygGRsLKk.nNNhbs1OD5PeH4ST/.LNG/93b49/lUA2/iaeM72', '');
insert into persona (usuario_id, cedula, nombre, apellido, direccion, telefono) values (249,24592, 'Sig', 'Melling', 'PO Box 23831', 6895637337);
insert into estudiante (id, persona_id) values ('e-24592',24592);

insert into usuario (id, rol_id, email, contrasena, token) values( 250, 4, 'Karaleeestudiante@gmail.com', '$2y$10$rLBxGygGRsLKk.nNNhbs1OD5PeH4ST/.LNG/93b49/lUA2/iaeM72', '');
insert into persona (usuario_id, cedula, nombre, apellido, direccion, telefono) values (250,40259, 'Karalee', 'Maynell', 'Apt 1512', 4594782874);
insert into estudiante (id, persona_id) values ('e-40259',40259);

insert into usuario (id, rol_id, email, contrasena, token) values( 251, 4, 'Auberonestudiante@gmail.com', '$2y$10$rLBxGygGRsLKk.nNNhbs1OD5PeH4ST/.LNG/93b49/lUA2/iaeM72', '');
insert into persona (usuario_id, cedula, nombre, apellido, direccion, telefono) values (251,37175, 'Auberon', 'Killingworth', 'Apt 958', 9855584687);
insert into estudiante (id, persona_id) values ('e-37175',37175);

insert into usuario (id, rol_id, email, contrasena, token) values( 252, 4, 'Deccaestudiante@gmail.com', '$2y$10$rLBxGygGRsLKk.nNNhbs1OD5PeH4ST/.LNG/93b49/lUA2/iaeM72', '');
insert into persona (usuario_id, cedula, nombre, apellido, direccion, telefono) values (252,56614, 'Decca', 'Edgeley', 'Suite 63', 6499499642);
insert into estudiante (id, persona_id) values ('e-56614',56614);

insert into usuario (id, rol_id, email, contrasena, token) values( 253, 4, 'Ronnyestudiante@gmail.com', '$2y$10$rLBxGygGRsLKk.nNNhbs1OD5PeH4ST/.LNG/93b49/lUA2/iaeM72', '');
insert into persona (usuario_id, cedula, nombre, apellido, direccion, telefono) values (253,20044, 'Ronny', 'Basindale', 'PO Box 33509', 3913431591);
insert into estudiante (id, persona_id) values ('e-20044',20044);

insert into usuario (id, rol_id, email, contrasena, token) values( 254, 4, 'Katiestudiante@gmail.com', '$2y$10$rLBxGygGRsLKk.nNNhbs1OD5PeH4ST/.LNG/93b49/lUA2/iaeM72', '');
insert into persona (usuario_id, cedula, nombre, apellido, direccion, telefono) values (254,51835, 'Kati', 'Millery', '15th Floor', 2129601454);
insert into estudiante (id, persona_id) values ('e-51835',51835);

insert into usuario (id, rol_id, email, contrasena, token) values( 255, 4, 'Jasminaestudiante@gmail.com', '$2y$10$rLBxGygGRsLKk.nNNhbs1OD5PeH4ST/.LNG/93b49/lUA2/iaeM72', '');
insert into persona (usuario_id, cedula, nombre, apellido, direccion, telefono) values (255,80228, 'Jasmina', 'MacKerley', 'PO Box 29831', 8309167645);
insert into estudiante (id, persona_id) values ('e-80228',80228);

insert into usuario (id, rol_id, email, contrasena, token) values( 256, 4, 'Vykyestudiante@gmail.com', '$2y$10$rLBxGygGRsLKk.nNNhbs1OD5PeH4ST/.LNG/93b49/lUA2/iaeM72', '');
insert into persona (usuario_id, cedula, nombre, apellido, direccion, telefono) values (256,56111, 'Vyky', 'Zanetello', '17th Floor', 6029422516);
insert into estudiante (id, persona_id) values ('e-56111',56111);

insert into usuario (id, rol_id, email, contrasena, token) values( 257, 4, 'Avaestudiante@gmail.com', '$2y$10$rLBxGygGRsLKk.nNNhbs1OD5PeH4ST/.LNG/93b49/lUA2/iaeM72', '');
insert into persona (usuario_id, cedula, nombre, apellido, direccion, telefono) values (257,74749, 'Ava', 'Ralestone', '2nd Floor', 1234852126);
insert into estudiante (id, persona_id) values ('e-74749',74749);

insert into usuario (id, rol_id, email, contrasena, token) values( 258, 4, 'Clemensestudiante@gmail.com', '$2y$10$rLBxGygGRsLKk.nNNhbs1OD5PeH4ST/.LNG/93b49/lUA2/iaeM72', '');
insert into persona (usuario_id, cedula, nombre, apellido, direccion, telefono) values (258,72984, 'Clemens', 'Groucutt', 'Suite 20', 3998623693);
insert into estudiante (id, persona_id) values ('e-72984',72984);

insert into usuario (id, rol_id, email, contrasena, token) values( 259, 4, 'Aileestudiante@gmail.com', '$2y$10$rLBxGygGRsLKk.nNNhbs1OD5PeH4ST/.LNG/93b49/lUA2/iaeM72', '');
insert into persona (usuario_id, cedula, nombre, apellido, direccion, telefono) values (259,83593, 'Aile', 'Leatherborrow', 'Suite 57', 8742332799);
insert into estudiante (id, persona_id) values ('e-83593',83593);

insert into usuario (id, rol_id, email, contrasena, token) values( 260, 4, 'Kamilahestudiante@gmail.com', '$2y$10$rLBxGygGRsLKk.nNNhbs1OD5PeH4ST/.LNG/93b49/lUA2/iaeM72', '');
insert into persona (usuario_id, cedula, nombre, apellido, direccion, telefono) values (260,26923, 'Kamilah', 'Winslow', '19th Floor', 7066444642);
insert into estudiante (id, persona_id) values ('e-26923',26923);

insert into usuario (id, rol_id, email, contrasena, token) values( 261, 4, 'Karnaestudiante@gmail.com', '$2y$10$rLBxGygGRsLKk.nNNhbs1OD5PeH4ST/.LNG/93b49/lUA2/iaeM72', '');
insert into persona (usuario_id, cedula, nombre, apellido, direccion, telefono) values (261,24213, 'Karna', 'Carriage', 'Suite 82', 8777827020);
insert into estudiante (id, persona_id) values ('e-24213',24213);

insert into usuario (id, rol_id, email, contrasena, token) values( 262, 4, 'Lewissestudiante@gmail.com', '$2y$10$rLBxGygGRsLKk.nNNhbs1OD5PeH4ST/.LNG/93b49/lUA2/iaeM72', '');
insert into persona (usuario_id, cedula, nombre, apellido, direccion, telefono) values (262,29958, 'Lewiss', 'Mitskevich', 'PO Box 23887', 2389976183);
insert into estudiante (id, persona_id) values ('e-29958',29958);

insert into usuario (id, rol_id, email, contrasena, token) values( 263, 4, 'Dennisonestudiante@gmail.com', '$2y$10$rLBxGygGRsLKk.nNNhbs1OD5PeH4ST/.LNG/93b49/lUA2/iaeM72', '');
insert into persona (usuario_id, cedula, nombre, apellido, direccion, telefono) values (263,82134, 'Dennison', 'Murt', 'PO Box 82446', 7272825244);
insert into estudiante (id, persona_id) values ('e-82134',82134);

insert into usuario (id, rol_id, email, contrasena, token) values( 264, 4, 'Devlinestudiante@gmail.com', '$2y$10$rLBxGygGRsLKk.nNNhbs1OD5PeH4ST/.LNG/93b49/lUA2/iaeM72', '');
insert into persona (usuario_id, cedula, nombre, apellido, direccion, telefono) values (264,25743, 'Devlin', 'Canavan', 'Suite 77', 4898594624);
insert into estudiante (id, persona_id) values ('e-25743',25743);

insert into usuario (id, rol_id, email, contrasena, token) values( 265, 4, 'Emelitaestudiante@gmail.com', '$2y$10$rLBxGygGRsLKk.nNNhbs1OD5PeH4ST/.LNG/93b49/lUA2/iaeM72', '');
insert into persona (usuario_id, cedula, nombre, apellido, direccion, telefono) values (265,85460, 'Emelita', 'Jellicorse', 'PO Box 21702', 5368319130);
insert into estudiante (id, persona_id) values ('e-85460',85460);

insert into usuario (id, rol_id, email, contrasena, token) values( 266, 4, 'Hadleighestudiante@gmail.com', '$2y$10$rLBxGygGRsLKk.nNNhbs1OD5PeH4ST/.LNG/93b49/lUA2/iaeM72', '');
insert into persona (usuario_id, cedula, nombre, apellido, direccion, telefono) values (266,69364, 'Hadleigh', 'Bloxham', 'PO Box 63196', 5578328488);
insert into estudiante (id, persona_id) values ('e-69364',69364);

insert into usuario (id, rol_id, email, contrasena, token) values( 267, 4, 'Kristenestudiante@gmail.com', '$2y$10$rLBxGygGRsLKk.nNNhbs1OD5PeH4ST/.LNG/93b49/lUA2/iaeM72', '');
insert into persona (usuario_id, cedula, nombre, apellido, direccion, telefono) values (267,23435, 'Kristen', 'Croce', 'Suite 13', 6839792657);
insert into estudiante (id, persona_id) values ('e-23435',23435);

insert into usuario (id, rol_id, email, contrasena, token) values( 268, 4, 'Cheryestudiante@gmail.com', '$2y$10$rLBxGygGRsLKk.nNNhbs1OD5PeH4ST/.LNG/93b49/lUA2/iaeM72', '');
insert into persona (usuario_id, cedula, nombre, apellido, direccion, telefono) values (268,85497, 'Chery', 'Hoyle', '13th Floor', 4864077145);
insert into estudiante (id, persona_id) values ('e-85497',85497);

insert into usuario (id, rol_id, email, contrasena, token) values( 269, 4, 'Hermanestudiante@gmail.com', '$2y$10$rLBxGygGRsLKk.nNNhbs1OD5PeH4ST/.LNG/93b49/lUA2/iaeM72', '');
insert into persona (usuario_id, cedula, nombre, apellido, direccion, telefono) values (269,13002, 'Herman', 'Pourvoieur', '20th Floor', 5335063986);
insert into estudiante (id, persona_id) values ('e-13002',13002);

insert into usuario (id, rol_id, email, contrasena, token) values( 270, 4, 'Perleestudiante@gmail.com', '$2y$10$rLBxGygGRsLKk.nNNhbs1OD5PeH4ST/.LNG/93b49/lUA2/iaeM72', '');
insert into persona (usuario_id, cedula, nombre, apellido, direccion, telefono) values (270,75302, 'Perle', 'Sarvar', 'Apt 83', 9175254897);
insert into estudiante (id, persona_id) values ('e-75302',75302);

insert into usuario (id, rol_id, email, contrasena, token) values( 271, 4, 'Durestudiante@gmail.com', '$2y$10$rLBxGygGRsLKk.nNNhbs1OD5PeH4ST/.LNG/93b49/lUA2/iaeM72', '');
insert into persona (usuario_id, cedula, nombre, apellido, direccion, telefono) values (271,36529, 'Dur', 'Coote', '6th Floor', 4469575752);
insert into estudiante (id, persona_id) values ('e-36529',36529);

insert into usuario (id, rol_id, email, contrasena, token) values( 272, 4, 'Hananestudiante@gmail.com', '$2y$10$rLBxGygGRsLKk.nNNhbs1OD5PeH4ST/.LNG/93b49/lUA2/iaeM72', '');
insert into persona (usuario_id, cedula, nombre, apellido, direccion, telefono) values (272,29504, 'Hanan', 'Flynn', 'Apt 773', 1439336344);
insert into estudiante (id, persona_id) values ('e-29504',29504);

insert into usuario (id, rol_id, email, contrasena, token) values( 273, 4, 'Madeleineestudiante@gmail.com', '$2y$10$rLBxGygGRsLKk.nNNhbs1OD5PeH4ST/.LNG/93b49/lUA2/iaeM72', '');
insert into persona (usuario_id, cedula, nombre, apellido, direccion, telefono) values (273,13627, 'Madeleine', 'Baldetti', '17th Floor', 6671550725);
insert into estudiante (id, persona_id) values ('e-13627',13627);

insert into usuario (id, rol_id, email, contrasena, token) values( 274, 4, 'Lewesestudiante@gmail.com', '$2y$10$rLBxGygGRsLKk.nNNhbs1OD5PeH4ST/.LNG/93b49/lUA2/iaeM72', '');
insert into persona (usuario_id, cedula, nombre, apellido, direccion, telefono) values (274,56589, 'Lewes', 'Hemms', 'Apt 1893', 5212135282);
insert into estudiante (id, persona_id) values ('e-56589',56589);

insert into usuario (id, rol_id, email, contrasena, token) values( 275, 4, 'Elonoreestudiante@gmail.com', '$2y$10$rLBxGygGRsLKk.nNNhbs1OD5PeH4ST/.LNG/93b49/lUA2/iaeM72', '');
insert into persona (usuario_id, cedula, nombre, apellido, direccion, telefono) values (275,19873, 'Elonore', 'Dominichelli', 'PO Box 84939', 4428220956);
insert into estudiante (id, persona_id) values ('e-19873',19873);

insert into usuario (id, rol_id, email, contrasena, token) values( 276, 4, 'Ashleyestudiante@gmail.com', '$2y$10$rLBxGygGRsLKk.nNNhbs1OD5PeH4ST/.LNG/93b49/lUA2/iaeM72', '');
insert into persona (usuario_id, cedula, nombre, apellido, direccion, telefono) values (276,71934, 'Ashley', 'Vickers', 'Apt 1183', 6057517208);
insert into estudiante (id, persona_id) values ('e-71934',71934);

insert into usuario (id, rol_id, email, contrasena, token) values( 277, 4, 'Ulbertoestudiante@gmail.com', '$2y$10$rLBxGygGRsLKk.nNNhbs1OD5PeH4ST/.LNG/93b49/lUA2/iaeM72', '');
insert into persona (usuario_id, cedula, nombre, apellido, direccion, telefono) values (277,80536, 'Ulberto', 'Axelbey', 'Suite 1', 8212936860);
insert into estudiante (id, persona_id) values ('e-80536',80536);

insert into usuario (id, rol_id, email, contrasena, token) values( 278, 4, 'Leoneestudiante@gmail.com', '$2y$10$rLBxGygGRsLKk.nNNhbs1OD5PeH4ST/.LNG/93b49/lUA2/iaeM72', '');
insert into persona (usuario_id, cedula, nombre, apellido, direccion, telefono) values (278,89303, 'Leone', 'Benitez', '11th Floor', 8985861687);
insert into estudiante (id, persona_id) values ('e-89303',89303);

insert into usuario (id, rol_id, email, contrasena, token) values( 279, 4, 'Malvinaestudiante@gmail.com', '$2y$10$rLBxGygGRsLKk.nNNhbs1OD5PeH4ST/.LNG/93b49/lUA2/iaeM72', '');
insert into persona (usuario_id, cedula, nombre, apellido, direccion, telefono) values (279,24676, 'Malvina', 'Kauble', '12th Floor', 3925255615);
insert into estudiante (id, persona_id) values ('e-24676',24676);

insert into usuario (id, rol_id, email, contrasena, token) values( 280, 4, 'Deweyestudiante@gmail.com', '$2y$10$rLBxGygGRsLKk.nNNhbs1OD5PeH4ST/.LNG/93b49/lUA2/iaeM72', '');
insert into persona (usuario_id, cedula, nombre, apellido, direccion, telefono) values (280,89421, 'Dewey', 'Walford', '14th Floor', 7647875312);
insert into estudiante (id, persona_id) values ('e-89421',89421);

insert into usuario (id, rol_id, email, contrasena, token) values( 281, 4, 'Treverestudiante@gmail.com', '$2y$10$rLBxGygGRsLKk.nNNhbs1OD5PeH4ST/.LNG/93b49/lUA2/iaeM72', '');
insert into persona (usuario_id, cedula, nombre, apellido, direccion, telefono) values (281,77260, 'Trever', 'Camm', '9th Floor', 6154243001);
insert into estudiante (id, persona_id) values ('e-77260',77260);

insert into usuario (id, rol_id, email, contrasena, token) values( 282, 4, 'Zeligestudiante@gmail.com', '$2y$10$rLBxGygGRsLKk.nNNhbs1OD5PeH4ST/.LNG/93b49/lUA2/iaeM72', '');
insert into persona (usuario_id, cedula, nombre, apellido, direccion, telefono) values (282,17551, 'Zelig', 'Helkin', 'Suite 14', 2035268349);
insert into estudiante (id, persona_id) values ('e-17551',17551);

insert into usuario (id, rol_id, email, contrasena, token) values( 283, 4, 'Christinestudiante@gmail.com', '$2y$10$rLBxGygGRsLKk.nNNhbs1OD5PeH4ST/.LNG/93b49/lUA2/iaeM72', '');
insert into persona (usuario_id, cedula, nombre, apellido, direccion, telefono) values (283,89496, 'Christin', 'Blowing', 'Room 802', 3374539569);
insert into estudiante (id, persona_id) values ('e-89496',89496);

insert into usuario (id, rol_id, email, contrasena, token) values( 284, 4, 'Winnifredestudiante@gmail.com', '$2y$10$rLBxGygGRsLKk.nNNhbs1OD5PeH4ST/.LNG/93b49/lUA2/iaeM72', '');
insert into persona (usuario_id, cedula, nombre, apellido, direccion, telefono) values (284,29547, 'Winnifred', 'Ambrosoli', 'Suite 60', 7848785859);
insert into estudiante (id, persona_id) values ('e-29547',29547);

insert into usuario (id, rol_id, email, contrasena, token) values( 285, 4, 'Shurlockeestudiante@gmail.com', '$2y$10$rLBxGygGRsLKk.nNNhbs1OD5PeH4ST/.LNG/93b49/lUA2/iaeM72', '');
insert into persona (usuario_id, cedula, nombre, apellido, direccion, telefono) values (285,83922, 'Shurlocke', 'Goldhill', 'PO Box 50124', 2512409439);
insert into estudiante (id, persona_id) values ('e-83922',83922);

insert into usuario (id, rol_id, email, contrasena, token) values( 286, 4, 'Sheridanestudiante@gmail.com', '$2y$10$rLBxGygGRsLKk.nNNhbs1OD5PeH4ST/.LNG/93b49/lUA2/iaeM72', '');
insert into persona (usuario_id, cedula, nombre, apellido, direccion, telefono) values (286,87644, 'Sheridan', 'Stabbins', '13th Floor', 6107558668);
insert into estudiante (id, persona_id) values ('e-87644',87644);

insert into usuario (id, rol_id, email, contrasena, token) values( 287, 4, 'Calestudiante@gmail.com', '$2y$10$rLBxGygGRsLKk.nNNhbs1OD5PeH4ST/.LNG/93b49/lUA2/iaeM72', '');
insert into persona (usuario_id, cedula, nombre, apellido, direccion, telefono) values (287,77432, 'Cal', 'Smaridge', '19th Floor', 5292176526);
insert into estudiante (id, persona_id) values ('e-77432',77432);

insert into usuario (id, rol_id, email, contrasena, token) values( 288, 4, 'Giffordestudiante@gmail.com', '$2y$10$rLBxGygGRsLKk.nNNhbs1OD5PeH4ST/.LNG/93b49/lUA2/iaeM72', '');
insert into persona (usuario_id, cedula, nombre, apellido, direccion, telefono) values (288,71654, 'Gifford', 'Smidmoor', 'Suite 74', 6352466477);
insert into estudiante (id, persona_id) values ('e-71654',71654);

insert into usuario (id, rol_id, email, contrasena, token) values( 289, 4, 'Gwenethestudiante@gmail.com', '$2y$10$rLBxGygGRsLKk.nNNhbs1OD5PeH4ST/.LNG/93b49/lUA2/iaeM72', '');
insert into persona (usuario_id, cedula, nombre, apellido, direccion, telefono) values (289,79460, 'Gweneth', 'Gilhouley', 'Suite 27', 2782386580);
insert into estudiante (id, persona_id) values ('e-79460',79460);

insert into usuario (id, rol_id, email, contrasena, token) values( 290, 4, 'Selaestudiante@gmail.com', '$2y$10$rLBxGygGRsLKk.nNNhbs1OD5PeH4ST/.LNG/93b49/lUA2/iaeM72', '');
insert into persona (usuario_id, cedula, nombre, apellido, direccion, telefono) values (290,72617, 'Sela', 'Lavrick', 'Suite 64', 7076489289);
insert into estudiante (id, persona_id) values ('e-72617',72617);

insert into usuario (id, rol_id, email, contrasena, token) values( 291, 4, 'Jerrieestudiante@gmail.com', '$2y$10$rLBxGygGRsLKk.nNNhbs1OD5PeH4ST/.LNG/93b49/lUA2/iaeM72', '');
insert into persona (usuario_id, cedula, nombre, apellido, direccion, telefono) values (291,11475, 'Jerrie', 'Fourmy', 'Apt 35', 7224504497);
insert into estudiante (id, persona_id) values ('e-11475',11475);

insert into usuario (id, rol_id, email, contrasena, token) values( 292, 4, 'Dolliestudiante@gmail.com', '$2y$10$rLBxGygGRsLKk.nNNhbs1OD5PeH4ST/.LNG/93b49/lUA2/iaeM72', '');
insert into persona (usuario_id, cedula, nombre, apellido, direccion, telefono) values (292,46313, 'Dolli', 'Baudts', 'Room 541', 5854050140);
insert into estudiante (id, persona_id) values ('e-46313',46313);

insert into usuario (id, rol_id, email, contrasena, token) values( 293, 4, 'Hollyanneestudiante@gmail.com', '$2y$10$rLBxGygGRsLKk.nNNhbs1OD5PeH4ST/.LNG/93b49/lUA2/iaeM72', '');
insert into persona (usuario_id, cedula, nombre, apellido, direccion, telefono) values (293,35756, 'Hollyanne', 'Kinnoch', 'Room 21', 6197306347);
insert into estudiante (id, persona_id) values ('e-35756',35756);

insert into usuario (id, rol_id, email, contrasena, token) values( 294, 4, 'Luluestudiante@gmail.com', '$2y$10$rLBxGygGRsLKk.nNNhbs1OD5PeH4ST/.LNG/93b49/lUA2/iaeM72', '');
insert into persona (usuario_id, cedula, nombre, apellido, direccion, telefono) values (294,39229, 'Lulu', 'Aleshintsev', 'Apt 242', 4271682312);
insert into estudiante (id, persona_id) values ('e-39229',39229);

insert into usuario (id, rol_id, email, contrasena, token) values( 295, 4, 'Magdaleneestudiante@gmail.com', '$2y$10$rLBxGygGRsLKk.nNNhbs1OD5PeH4ST/.LNG/93b49/lUA2/iaeM72', '');
insert into persona (usuario_id, cedula, nombre, apellido, direccion, telefono) values (295,52743, 'Magdalene', 'Giovanetti', 'PO Box 14720', 7412593471);
insert into estudiante (id, persona_id) values ('e-52743',52743);

insert into usuario (id, rol_id, email, contrasena, token) values( 296, 4, 'Doriseestudiante@gmail.com', '$2y$10$rLBxGygGRsLKk.nNNhbs1OD5PeH4ST/.LNG/93b49/lUA2/iaeM72', '');
insert into persona (usuario_id, cedula, nombre, apellido, direccion, telefono) values (296,35977, 'Dorise', 'Prothero', 'Room 712', 9988091473);
insert into estudiante (id, persona_id) values ('e-35977',35977);

insert into usuario (id, rol_id, email, contrasena, token) values( 297, 4, 'Martelleestudiante@gmail.com', '$2y$10$rLBxGygGRsLKk.nNNhbs1OD5PeH4ST/.LNG/93b49/lUA2/iaeM72', '');
insert into persona (usuario_id, cedula, nombre, apellido, direccion, telefono) values (297,28782, 'Martelle', 'Bassilashvili', 'Room 1795', 4381008373);
insert into estudiante (id, persona_id) values ('e-28782',28782);

insert into usuario (id, rol_id, email, contrasena, token) values( 298, 4, 'Hyacinthiaestudiante@gmail.com', '$2y$10$rLBxGygGRsLKk.nNNhbs1OD5PeH4ST/.LNG/93b49/lUA2/iaeM72', '');
insert into persona (usuario_id, cedula, nombre, apellido, direccion, telefono) values (298,76155, 'Hyacinthia', 'Masseo', 'Apt 1239', 9362503883);
insert into estudiante (id, persona_id) values ('e-76155',76155);

insert into usuario (id, rol_id, email, contrasena, token) values( 299, 4, 'Brandieestudiante@gmail.com', '$2y$10$rLBxGygGRsLKk.nNNhbs1OD5PeH4ST/.LNG/93b49/lUA2/iaeM72', '');
insert into persona (usuario_id, cedula, nombre, apellido, direccion, telefono) values (299,47022, 'Brandie', 'Wickersley', 'PO Box 24842', 3144988582);
insert into estudiante (id, persona_id) values ('e-47022',47022);

insert into usuario (id, rol_id, email, contrasena, token) values( 300, 4, 'Friedrichestudiante@gmail.com', '$2y$10$rLBxGygGRsLKk.nNNhbs1OD5PeH4ST/.LNG/93b49/lUA2/iaeM72', '');
insert into persona (usuario_id, cedula, nombre, apellido, direccion, telefono) values (300,26509, 'Friedrich', 'Sivills', 'Apt 975', 1921746382);
insert into estudiante (id, persona_id) values ('e-26509',26509);

insert into usuario (id, rol_id, email, contrasena, token) values( 301, 4, 'Arleyestudiante@gmail.com', '$2y$10$rLBxGygGRsLKk.nNNhbs1OD5PeH4ST/.LNG/93b49/lUA2/iaeM72', '');
insert into persona (usuario_id, cedula, nombre, apellido, direccion, telefono) values (301,80853, 'Arley', 'Kemmish', 'Room 62', 4256951802);
insert into estudiante (id, persona_id) values ('e-80853',80853);

insert into usuario (id, rol_id, email, contrasena, token) values( 302, 4, 'Jessikaestudiante@gmail.com', '$2y$10$rLBxGygGRsLKk.nNNhbs1OD5PeH4ST/.LNG/93b49/lUA2/iaeM72', '');
insert into persona (usuario_id, cedula, nombre, apellido, direccion, telefono) values (302,27032, 'Jessika', 'Martina', '13th Floor', 1312246658);
insert into estudiante (id, persona_id) values ('e-27032',27032);

insert into usuario (id, rol_id, email, contrasena, token) values( 303, 4, 'Maceestudiante@gmail.com', '$2y$10$rLBxGygGRsLKk.nNNhbs1OD5PeH4ST/.LNG/93b49/lUA2/iaeM72', '');
insert into persona (usuario_id, cedula, nombre, apellido, direccion, telefono) values (303,41584, 'Mace', 'Neillans', 'Suite 66', 2514369092);
insert into estudiante (id, persona_id) values ('e-41584',41584);

insert into usuario (id, rol_id, email, contrasena, token) values( 304, 4, 'Nolieestudiante@gmail.com', '$2y$10$rLBxGygGRsLKk.nNNhbs1OD5PeH4ST/.LNG/93b49/lUA2/iaeM72', '');
insert into persona (usuario_id, cedula, nombre, apellido, direccion, telefono) values (304,17666, 'Nolie', 'Lodwick', '9th Floor', 7869524650);
insert into estudiante (id, persona_id) values ('e-17666',17666);

insert into usuario (id, rol_id, email, contrasena, token) values( 305, 4, 'Ewenestudiante@gmail.com', '$2y$10$rLBxGygGRsLKk.nNNhbs1OD5PeH4ST/.LNG/93b49/lUA2/iaeM72', '');
insert into persona (usuario_id, cedula, nombre, apellido, direccion, telefono) values (305,37667, 'Ewen', 'Cansfield', 'Room 1079', 1799284410);
insert into estudiante (id, persona_id) values ('e-37667',37667);

insert into usuario (id, rol_id, email, contrasena, token) values( 306, 4, 'Bennyestudiante@gmail.com', '$2y$10$rLBxGygGRsLKk.nNNhbs1OD5PeH4ST/.LNG/93b49/lUA2/iaeM72', '');
insert into persona (usuario_id, cedula, nombre, apellido, direccion, telefono) values (306,23907, 'Benny', 'Philbrook', '1st Floor', 7072338117);
insert into estudiante (id, persona_id) values ('e-23907',23907);

insert into usuario (id, rol_id, email, contrasena, token) values( 307, 4, 'Taitestudiante@gmail.com', '$2y$10$rLBxGygGRsLKk.nNNhbs1OD5PeH4ST/.LNG/93b49/lUA2/iaeM72', '');
insert into persona (usuario_id, cedula, nombre, apellido, direccion, telefono) values (307,13214, 'Tait', 'Edyson', '20th Floor', 1576987846);
insert into estudiante (id, persona_id) values ('e-13214',13214);

insert into usuario (id, rol_id, email, contrasena, token) values( 308, 4, 'Kalindaestudiante@gmail.com', '$2y$10$rLBxGygGRsLKk.nNNhbs1OD5PeH4ST/.LNG/93b49/lUA2/iaeM72', '');
insert into persona (usuario_id, cedula, nombre, apellido, direccion, telefono) values (308,84054, 'Kalinda', 'Colhoun', '2nd Floor', 9878357105);
insert into estudiante (id, persona_id) values ('e-84054',84054);

insert into usuario (id, rol_id, email, contrasena, token) values( 309, 4, 'Fraydaestudiante@gmail.com', '$2y$10$rLBxGygGRsLKk.nNNhbs1OD5PeH4ST/.LNG/93b49/lUA2/iaeM72', '');
insert into persona (usuario_id, cedula, nombre, apellido, direccion, telefono) values (309,80711, 'Frayda', 'Shopcott', 'Apt 713', 9511156756);
insert into estudiante (id, persona_id) values ('e-80711',80711);

insert into usuario (id, rol_id, email, contrasena, token) values( 310, 4, 'Chesterestudiante@gmail.com', '$2y$10$rLBxGygGRsLKk.nNNhbs1OD5PeH4ST/.LNG/93b49/lUA2/iaeM72', '');
insert into persona (usuario_id, cedula, nombre, apellido, direccion, telefono) values (310,47103, 'Chester', 'Lyffe', '11th Floor', 8713588055);
insert into estudiante (id, persona_id) values ('e-47103',47103);

insert into usuario (id, rol_id, email, contrasena, token) values( 311, 4, 'Zacherieestudiante@gmail.com', '$2y$10$rLBxGygGRsLKk.nNNhbs1OD5PeH4ST/.LNG/93b49/lUA2/iaeM72', '');
insert into persona (usuario_id, cedula, nombre, apellido, direccion, telefono) values (311,29654, 'Zacherie', 'Hernik', 'PO Box 4043', 2284105127);
insert into estudiante (id, persona_id) values ('e-29654',29654);

insert into usuario (id, rol_id, email, contrasena, token) values( 312, 4, 'Celiaestudiante@gmail.com', '$2y$10$rLBxGygGRsLKk.nNNhbs1OD5PeH4ST/.LNG/93b49/lUA2/iaeM72', '');
insert into persona (usuario_id, cedula, nombre, apellido, direccion, telefono) values (312,40841, 'Celia', 'Cardello', 'Suite 63', 4685882225);
insert into estudiante (id, persona_id) values ('e-40841',40841);

insert into usuario (id, rol_id, email, contrasena, token) values( 313, 4, 'Penelopeestudiante@gmail.com', '$2y$10$rLBxGygGRsLKk.nNNhbs1OD5PeH4ST/.LNG/93b49/lUA2/iaeM72', '');
insert into persona (usuario_id, cedula, nombre, apellido, direccion, telefono) values (313,48782, 'Penelope', 'Gifkins', 'PO Box 10282', 7777215677);
insert into estudiante (id, persona_id) values ('e-48782',48782);

insert into usuario (id, rol_id, email, contrasena, token) values( 314, 4, 'Sabinaestudiante@gmail.com', '$2y$10$rLBxGygGRsLKk.nNNhbs1OD5PeH4ST/.LNG/93b49/lUA2/iaeM72', '');
insert into persona (usuario_id, cedula, nombre, apellido, direccion, telefono) values (314,87306, 'Sabina', 'Geggus', 'Room 279', 2188799383);
insert into estudiante (id, persona_id) values ('e-87306',87306);

insert into usuario (id, rol_id, email, contrasena, token) values( 315, 4, 'Destudiante@gmail.com', '$2y$10$rLBxGygGRsLKk.nNNhbs1OD5PeH4ST/.LNG/93b49/lUA2/iaeM72', '');
insert into persona (usuario_id, cedula, nombre, apellido, direccion, telefono) values (315,39829, 'D''arcy', 'Jacke', 'PO Box 73071', 8494529499);
insert into estudiante (id, persona_id) values ('e-39829',39829);

insert into usuario (id, rol_id, email, contrasena, token) values( 316, 4, 'Louisestudiante@gmail.com', '$2y$10$rLBxGygGRsLKk.nNNhbs1OD5PeH4ST/.LNG/93b49/lUA2/iaeM72', '');
insert into persona (usuario_id, cedula, nombre, apellido, direccion, telefono) values (316,51130, 'Louis', 'Tonepohl', 'Suite 35', 5419941109);
insert into estudiante (id, persona_id) values ('e-51130',51130);

insert into usuario (id, rol_id, email, contrasena, token) values( 317, 4, 'Geriestudiante@gmail.com', '$2y$10$rLBxGygGRsLKk.nNNhbs1OD5PeH4ST/.LNG/93b49/lUA2/iaeM72', '');
insert into persona (usuario_id, cedula, nombre, apellido, direccion, telefono) values (317,73076, 'Geri', 'Youle', 'Apt 1940', 5269988072);
insert into estudiante (id, persona_id) values ('e-73076',73076);