-- 1_usuarios
delete from permisos where true;
delete from modulo where true;
delete from roles where true;
delete from persona where true;
delete from usuario where true;

-- ROLES
insert into roles (id, nombre) values (1, 'administrador'), (2, 'profesor'), (3, 'coordinador'), (4, 'estudiante');

-- modulos
insert into modulo (id, nombre) values (1, 'Proyecto');

-- permisos
insert into permisos (id, consultar, actualizar, crear, eliminar, rol_id, modulo_id) values (1, 1, 1, 1, 1, 1, 1);



-- usuarios
insert into usuario (email, contrasena, token) values ('carlos@gmail.com',"$2y$10$rLBxGygGRsLKk.nNNhbs1OD5PeH4ST/.LNG/93b49/lUA2/iaeM72", 'fsadfsadfsadf');

insert into persona (usuario_id, cedula, nombre, apellido, direccion, telefono, estatus) 
values (1, '28566432', 'Carlos', 'Ramirez', 'Urb. La Concordia', '04247777777', 1);

-- usuarios roles
insert into roles_usuarios (rol_id, usuario_id) values (1,1);


-- 2_profesores
delete from profesor where true;
delete from persona where usuario_id != 1;
delete from usuario where id != 1;


-- Profesora Sonia
insert into usuario (id,email, contrasena, token)
values (2,'sonia@gmail.com','$2y$10$rLBxGygGRsLKk.nNNhbs1OD5PeH4ST/.LNG/93b49/lUA2/iaeM72', '');
insert into persona (usuario_id, cedula, nombre, apellido, direccion, telefono, estatus) 
values (2, '135482354', 'Sonia', '', 'Barquisimeto', '04247777777', 1);
insert into profesor (codigo, persona_id) values ('p-135482354',135482354);

-- Profesor Ricardo Tillero
insert into usuario (id,email, contrasena, token)
values (3,'ricardo@gmail.com','$2y$10$rLBxGygGRsLKk.nNNhbs1OD5PeH4ST/.LNG/93b49/lUA2/iaeM72', '');
insert into persona (usuario_id, cedula, nombre, apellido, direccion, telefono, estatus) 
values (3, '654854354', 'Ricardo', 'Tillero', 'Barquisimeto', '04247777777', 1);
insert into profesor (codigo, persona_id) values ('p-654854354',654854354);


-- Profesor Orlando 
insert into usuario (id,email, contrasena, token)
values (4,'orlando@gmail.com','$2y$10$rLBxGygGRsLKk.nNNhbs1OD5PeH4ST/.LNG/93b49/lUA2/iaeM72', '');
insert into persona (usuario_id, cedula, nombre, apellido, direccion, telefono, estatus) 
values (4, '234565423', 'Orlando', '', 'Barquisimeto', '04247777777', 1);
insert into profesor (codigo, persona_id) values ('p-234565423',234565423);

-- Profesora Lisset
insert into usuario (id,email, contrasena, token)
values (5,'lisset@gmail.com','$2y$10$rLBxGygGRsLKk.nNNhbs1OD5PeH4ST/.LNG/93b49/lUA2/iaeM72', '');
insert into persona (usuario_id, cedula, nombre, apellido, direccion, telefono, estatus) 
values (5, '5482315748', 'Lisset', '', 'Barquisimeto', '04247777777', 1);
insert into profesor (codigo, persona_id) values ('p-5482315748',5482315748);

-- Profesor orlando 
insert into usuario (id,email, contrasena, token)
values (6,'oswaldo@gmail.com','$2y$10$rLBxGygGRsLKk.nNNhbs1OD5PeH4ST/.LNG/93b49/lUA2/iaeM72', '');
insert into persona (usuario_id, cedula, nombre, apellido, direccion, telefono, estatus) 
values (6, '132654318', 'Oswaldo', '', 'Barquisimeto', '04247777777', 1);
insert into profesor (codigo, persona_id) values ('p-132654318',132654318);

-- Profesora pura
insert into usuario (id,email, contrasena, token)
values (7,'pura@gmail.com','$2y$10$rLBxGygGRsLKk.nNNhbs1OD5PeH4ST/.LNG/93b49/lUA2/iaeM72', '');
insert into persona (usuario_id, cedula, nombre, apellido, direccion, telefono, estatus) 
values (7, '52844735', 'Pura', '', 'Barquisimeto', '04247777777', 1);
insert into profesor (codigo, persona_id) values ('p-52844735',52844735);

-- profesora sonia
insert into usuario (id,email, contrasena, token)
values (8,'sonia@gmail.com','$2y$10$rLBxGygGRsLKk.nNNhbs1OD5PeH4ST/.LNG/93b49/lUA2/iaeM72', '');
insert into persona (usuario_id, cedula, nombre, apellido, direccion, telefono, estatus) 
values (8, '354485234', 'Sonia', '', 'Barquisimeto', '04247777777', 1);
insert into profesor (codigo, persona_id) values ('p-354485234',354485234);

-- profesora Ligia
insert into usuario (id,email, contrasena, token)
values (9,'ligia@gmail.com','$2y$10$rLBxGygGRsLKk.nNNhbs1OD5PeH4ST/.LNG/93b49/lUA2/iaeM72', '');
insert into persona (usuario_id, cedula, nombre, apellido, direccion, telefono, estatus) 
values (9, '354487534', 'Ligia', '', 'Barquisimeto', '04247777777', 1);
insert into profesor (codigo, persona_id) values ('p-354487534',354487534);


-- profesora Ingrid
insert into usuario (id,email, contrasena, token)
values (10,'ingrid@gmail.com','$2y$10$rLBxGygGRsLKk.nNNhbs1OD5PeH4ST/.LNG/93b49/lUA2/iaeM72', '');
insert into persona (usuario_id, cedula, nombre, apellido, direccion, telefono, estatus) 
values (10, '3542874', 'Ingrid', '', 'Barquisimeto', '04247777777', 1);
insert into profesor (codigo, persona_id) values ('p-3542874',3542874);

-- profesora Lerida
insert into usuario (id,email, contrasena, token)
values (11,'lerida@gmail.com','$2y$10$rLBxGygGRsLKk.nNNhbs1OD5PeH4ST/.LNG/93b49/lUA2/iaeM72', '');
insert into persona (usuario_id, cedula, nombre, apellido, direccion, telefono, estatus) 
values (11, '54875538', 'Lerida', '', 'Barquisimeto', '04247777777', 1);
insert into profesor (codigo, persona_id) values ('p-54875538',54875538);

-- profesora Ruben
insert into usuario (id,email, contrasena, token)
values (12,'ruben@gmail.com','$2y$10$rLBxGygGRsLKk.nNNhbs1OD5PeH4ST/.LNG/93b49/lUA2/iaeM72', '');
insert into persona (usuario_id, cedula, nombre, apellido, direccion, telefono, estatus) 
values (12, '5487531', 'Ruben', '', 'Barquisimeto', '04247777777', 1);
insert into profesor (codigo, persona_id) values ('p-5487531',5487531);

-- profesora Indira
insert into usuario (id,email, contrasena, token)
values (13,'indira@gmail.com','$2y$10$rLBxGygGRsLKk.nNNhbs1OD5PeH4ST/.LNG/93b49/lUA2/iaeM72', '');
insert into persona (usuario_id, cedula, nombre, apellido, direccion, telefono, estatus) 
values (13, '523156847', 'Indira', '', 'Barquisimeto', '04247777777', 1);
insert into profesor (codigo, persona_id) values ('p-523156847',523156847);

-- profesora Indira
insert into usuario (id,email, contrasena, token)
values (14,'marling@gmail.com','$2y$10$rLBxGygGRsLKk.nNNhbs1OD5PeH4ST/.LNG/93b49/lUA2/iaeM72', '');
insert into persona (usuario_id, cedula, nombre, apellido, direccion, telefono, estatus) 
values (14, '2658475', 'Marling', '', 'Barquisimeto', '04247777777', 1);
insert into profesor (codigo, persona_id) values ('p-2658475',2658475);

-- profesora hermes
insert into usuario (id,email, contrasena, token)
values (15,'hermes@gmail.com','$2y$10$rLBxGygGRsLKk.nNNhbs1OD5PeH4ST/.LNG/93b49/lUA2/iaeM72', '');
insert into persona (usuario_id, cedula, nombre, apellido, direccion, telefono, estatus) 
values (15, '23154875', 'Hermes', '', 'Barquisimeto', '04247777777', 1);
insert into profesor (codigo, persona_id) values ('p-23154875',23154875);

insert into usuario (id,email, contrasena, token)
values (16,'josesequera@gmail.com','$2y$10$rLBxGygGRsLKk.nNNhbs1OD5PeH4ST/.LNG/93b49/lUA2/iaeM72', '');
insert into persona (usuario_id, cedula, nombre, apellido, direccion, telefono, estatus) 
values (16, '5428468', 'Jose', '', 'Barquisimeto', '04247777777', 1);
insert into profesor (codigo, persona_id) values ('p-5428468',5428468);


insert into usuario (id,email, contrasena, token)
values (17,'pedro@gmail.com','$2y$10$rLBxGygGRsLKk.nNNhbs1OD5PeH4ST/.LNG/93b49/lUA2/iaeM72', '');
insert into persona (usuario_id, cedula, nombre, apellido, direccion, telefono, estatus) 
values (17, '52213548', 'Pedro', '', 'Barquisimeto', '04247777777', 1);
insert into profesor (codigo, persona_id) values ('p-52213548',52213548);

-- 3_estudiante.sql
insert into persona (cedula, nombre, apellido, direccion, telefono) values (15408, 'Eadmund', 'Buttriss', 'Apt 1752', 6309710917);
insert into estudiante (id, persona_id) values ('e-15408',15408);
insert into persona (cedula, nombre, apellido, direccion, telefono) values (63578, 'Phillip', 'Yelland', '4th Floor', 5994995192);
insert into estudiante (id, persona_id) values ('e-63578',63578);
insert into persona (cedula, nombre, apellido, direccion, telefono) values (39263, 'Nealy', 'Reichardt', 'Suite 3', 8337046607);
insert into estudiante (id, persona_id) values ('e-39263',39263);
insert into persona (cedula, nombre, apellido, direccion, telefono) values (60621, 'Darda', 'Hawse', 'PO Box 53964', 5321483304);
insert into estudiante (id, persona_id) values ('e-60621',60621);
insert into persona (cedula, nombre, apellido, direccion, telefono) values (61587, 'Ivett', 'Cristofor', '7th Floor', 1376234675);
insert into estudiante (id, persona_id) values ('e-61587',61587);
insert into persona (cedula, nombre, apellido, direccion, telefono) values (13870, 'Marlena', 'Elleyne', 'PO Box 46998', 9441765234);
insert into estudiante (id, persona_id) values ('e-13870',13870);
insert into persona (cedula, nombre, apellido, direccion, telefono) values (20184, 'Isabelle', 'Iskower', 'Room 1186', 1024228847);
insert into estudiante (id, persona_id) values ('e-20184',20184);
insert into persona (cedula, nombre, apellido, direccion, telefono) values (62153, 'Estele', 'Fantin', 'Room 1692', 8182714338);
insert into estudiante (id, persona_id) values ('e-62153',62153);
insert into persona (cedula, nombre, apellido, direccion, telefono) values (37236, 'Lanie', 'Kalker', 'PO Box 12000', 5921709020);
insert into estudiante (id, persona_id) values ('e-37236',37236);
insert into persona (cedula, nombre, apellido, direccion, telefono) values (68999, 'Findlay', 'Collingworth', 'Room 1873', 4917882637);
insert into estudiante (id, persona_id) values ('e-68999',68999);
insert into persona (cedula, nombre, apellido, direccion, telefono) values (48778, 'Sophie', 'Gluyus', 'Room 1563', 1802695771);
insert into estudiante (id, persona_id) values ('e-48778',48778);
insert into persona (cedula, nombre, apellido, direccion, telefono) values (49908, 'Jeniffer', 'Brolechan', 'PO Box 35480', 6128084682);
insert into estudiante (id, persona_id) values ('e-49908',49908);
insert into persona (cedula, nombre, apellido, direccion, telefono) values (23764, 'Humfried', 'Jozef', 'Suite 40', 8389817223);
insert into estudiante (id, persona_id) values ('e-23764',23764);
insert into persona (cedula, nombre, apellido, direccion, telefono) values (37616, 'Bartholemy', 'Adami', 'Apt 448', 2171245276);
insert into estudiante (id, persona_id) values ('e-37616',37616);
insert into persona (cedula, nombre, apellido, direccion, telefono) values (77765, 'Earvin', 'Roblett', 'PO Box 16438', 9196383852);
insert into estudiante (id, persona_id) values ('e-77765',77765);
insert into persona (cedula, nombre, apellido, direccion, telefono) values (14595, 'Dionne', 'Alfonso', 'Room 529', 5029447898);
insert into estudiante (id, persona_id) values ('e-14595',14595);
insert into persona (cedula, nombre, apellido, direccion, telefono) values (81438, 'Saxe', 'Bartot', 'PO Box 1398', 3104239329);
insert into estudiante (id, persona_id) values ('e-81438',81438);
insert into persona (cedula, nombre, apellido, direccion, telefono) values (52673, 'Karola', 'O''Bruen', 'Apt 1865', 5721362085);
insert into estudiante (id, persona_id) values ('e-52673',52673);
insert into persona (cedula, nombre, apellido, direccion, telefono) values (74599, 'Alessandro', 'Brosius', 'Apt 903', 2072310319);
insert into estudiante (id, persona_id) values ('e-74599',74599);
insert into persona (cedula, nombre, apellido, direccion, telefono) values (80516, 'Terence', 'McNirlan', 'Room 958', 2689941275);
insert into estudiante (id, persona_id) values ('e-80516',80516);
insert into persona (cedula, nombre, apellido, direccion, telefono) values (71403, 'Cosimo', 'Corbally', 'Suite 12', 7355350697);
insert into estudiante (id, persona_id) values ('e-71403',71403);
insert into persona (cedula, nombre, apellido, direccion, telefono) values (45059, 'Zebedee', 'Manolov', '1st Floor', 5859909971);
insert into estudiante (id, persona_id) values ('e-45059',45059);
insert into persona (cedula, nombre, apellido, direccion, telefono) values (80292, 'Sharla', 'Torri', '10th Floor', 6648559209);
insert into estudiante (id, persona_id) values ('e-80292',80292);
insert into persona (cedula, nombre, apellido, direccion, telefono) values (57692, 'Adda', 'Cammacke', 'Room 34', 3042762435);
insert into estudiante (id, persona_id) values ('e-57692',57692);
insert into persona (cedula, nombre, apellido, direccion, telefono) values (20828, 'Eileen', 'Temporal', 'PO Box 42455', 9539277299);
insert into estudiante (id, persona_id) values ('e-20828',20828);
insert into persona (cedula, nombre, apellido, direccion, telefono) values (62963, 'Roanna', 'Bavage', 'PO Box 1875', 5958629767);
insert into estudiante (id, persona_id) values ('e-62963',62963);
insert into persona (cedula, nombre, apellido, direccion, telefono) values (86463, 'Jamie', 'Meneghi', 'Apt 1350', 1643168980);
insert into estudiante (id, persona_id) values ('e-86463',86463);
insert into persona (cedula, nombre, apellido, direccion, telefono) values (79346, 'Adriena', 'Cunniffe', 'Suite 42', 6388329604);
insert into estudiante (id, persona_id) values ('e-79346',79346);
insert into persona (cedula, nombre, apellido, direccion, telefono) values (75652, 'Bald', 'Rowlstone', 'PO Box 48805', 9993137416);
insert into estudiante (id, persona_id) values ('e-75652',75652);
insert into persona (cedula, nombre, apellido, direccion, telefono) values (20796, 'Packston', 'Marlen', '15th Floor', 5778285183);
insert into estudiante (id, persona_id) values ('e-20796',20796);
insert into persona (cedula, nombre, apellido, direccion, telefono) values (64905, 'Pearl', 'Kennewell', 'Apt 1780', 5194271275);
insert into estudiante (id, persona_id) values ('e-64905',64905);
insert into persona (cedula, nombre, apellido, direccion, telefono) values (50334, 'Chicky', 'Kimbell', 'Apt 70', 6407749735);
insert into estudiante (id, persona_id) values ('e-50334',50334);
insert into persona (cedula, nombre, apellido, direccion, telefono) values (45159, 'Dorie', 'Doughty', 'PO Box 57248', 9487118110);
insert into estudiante (id, persona_id) values ('e-45159',45159);
insert into persona (cedula, nombre, apellido, direccion, telefono) values (32079, 'Skipp', 'MacEllen', 'Apt 121', 7616833734);
insert into estudiante (id, persona_id) values ('e-32079',32079);
insert into persona (cedula, nombre, apellido, direccion, telefono) values (23888, 'Brynne', 'Teresi', 'Room 1248', 2752897733);
insert into estudiante (id, persona_id) values ('e-23888',23888);
insert into persona (cedula, nombre, apellido, direccion, telefono) values (41657, 'Meryl', 'Handes', 'Suite 80', 8798319701);
insert into estudiante (id, persona_id) values ('e-41657',41657);
insert into persona (cedula, nombre, apellido, direccion, telefono) values (75011, 'Emmy', 'Dryburgh', 'Apt 606', 1511178117);
insert into estudiante (id, persona_id) values ('e-75011',75011);
insert into persona (cedula, nombre, apellido, direccion, telefono) values (49467, 'Aubine', 'Eddie', 'PO Box 40197', 7089997433);
insert into estudiante (id, persona_id) values ('e-49467',49467);
insert into persona (cedula, nombre, apellido, direccion, telefono) values (87722, 'Janean', 'Bloschke', 'Suite 40', 9094430342);
insert into estudiante (id, persona_id) values ('e-87722',87722);
insert into persona (cedula, nombre, apellido, direccion, telefono) values (16082, 'Jeddy', 'Andrews', 'Suite 79', 9501297593);
insert into estudiante (id, persona_id) values ('e-16082',16082);
insert into persona (cedula, nombre, apellido, direccion, telefono) values (57345, 'Junina', 'Prescott', 'Room 191', 4421683103);
insert into estudiante (id, persona_id) values ('e-57345',57345);
insert into persona (cedula, nombre, apellido, direccion, telefono) values (21796, 'Randy', 'Goskar', 'Suite 96', 9171525853);
insert into estudiante (id, persona_id) values ('e-21796',21796);
insert into persona (cedula, nombre, apellido, direccion, telefono) values (22377, 'Janaya', 'Tart', '16th Floor', 2238677288);
insert into estudiante (id, persona_id) values ('e-22377',22377);
insert into persona (cedula, nombre, apellido, direccion, telefono) values (35799, 'Nigel', 'Levesque', 'Room 1634', 6468697250);
insert into estudiante (id, persona_id) values ('e-35799',35799);
insert into persona (cedula, nombre, apellido, direccion, telefono) values (19528, 'Julie', 'Kinkead', 'Suite 37', 1331286513);
insert into estudiante (id, persona_id) values ('e-19528',19528);
insert into persona (cedula, nombre, apellido, direccion, telefono) values (53322, 'Nickey', 'Brose', 'Apt 1319', 9045575180);
insert into estudiante (id, persona_id) values ('e-53322',53322);
insert into persona (cedula, nombre, apellido, direccion, telefono) values (11288, 'Jeannine', 'Castan', 'Apt 237', 6528481168);
insert into estudiante (id, persona_id) values ('e-11288',11288);
insert into persona (cedula, nombre, apellido, direccion, telefono) values (19805, 'Dore', 'Aldie', 'Apt 1674', 9745762617);
insert into estudiante (id, persona_id) values ('e-19805',19805);
insert into persona (cedula, nombre, apellido, direccion, telefono) values (78117, 'Bernhard', 'Withnall', '2nd Floor', 2209331499);
insert into estudiante (id, persona_id) values ('e-78117',78117);
insert into persona (cedula, nombre, apellido, direccion, telefono) values (34330, 'Stormie', 'Junkison', 'PO Box 13374', 4697983058);
insert into estudiante (id, persona_id) values ('e-34330',34330);
insert into persona (cedula, nombre, apellido, direccion, telefono) values (53890, 'Sheeree', 'Gilding', '16th Floor', 5217095845);
insert into estudiante (id, persona_id) values ('e-53890',53890);
insert into persona (cedula, nombre, apellido, direccion, telefono) values (49746, 'Malchy', 'Dollimore', 'Apt 1915', 6978190304);
insert into estudiante (id, persona_id) values ('e-49746',49746);
insert into persona (cedula, nombre, apellido, direccion, telefono) values (72439, 'Stephanus', 'Rippon', '6th Floor', 3014677293);
insert into estudiante (id, persona_id) values ('e-72439',72439);
insert into persona (cedula, nombre, apellido, direccion, telefono) values (35658, 'Noble', 'Jurges', 'Suite 72', 3772675562);
insert into estudiante (id, persona_id) values ('e-35658',35658);
insert into persona (cedula, nombre, apellido, direccion, telefono) values (52260, 'Hunfredo', 'Vaskov', 'Suite 22', 4352382927);
insert into estudiante (id, persona_id) values ('e-52260',52260);
insert into persona (cedula, nombre, apellido, direccion, telefono) values (87958, 'Heywood', 'Impleton', '15th Floor', 5051032810);
insert into estudiante (id, persona_id) values ('e-87958',87958);
insert into persona (cedula, nombre, apellido, direccion, telefono) values (23393, 'Golda', 'Rubinfajn', 'Room 946', 2663111280);
insert into estudiante (id, persona_id) values ('e-23393',23393);
insert into persona (cedula, nombre, apellido, direccion, telefono) values (88439, 'Abbye', 'Kissock', 'Apt 349', 7091696196);
insert into estudiante (id, persona_id) values ('e-88439',88439);
insert into persona (cedula, nombre, apellido, direccion, telefono) values (20746, 'Susan', 'Fehner', 'Room 10', 8234538049);
insert into estudiante (id, persona_id) values ('e-20746',20746);
insert into persona (cedula, nombre, apellido, direccion, telefono) values (53133, 'Thorpe', 'Burkinshaw', '7th Floor', 7203909706);
insert into estudiante (id, persona_id) values ('e-53133',53133);
insert into persona (cedula, nombre, apellido, direccion, telefono) values (48538, 'Ingrid', 'Neesam', 'Apt 1711', 7132896717);
insert into estudiante (id, persona_id) values ('e-48538',48538);
insert into persona (cedula, nombre, apellido, direccion, telefono) values (22078, 'Harriet', 'Ohlsen', 'Apt 326', 4299278559);
insert into estudiante (id, persona_id) values ('e-22078',22078);
insert into persona (cedula, nombre, apellido, direccion, telefono) values (84692, 'Colas', 'Vanyukov', '19th Floor', 1146410243);
insert into estudiante (id, persona_id) values ('e-84692',84692);
insert into persona (cedula, nombre, apellido, direccion, telefono) values (42693, 'Veriee', 'Eskrigg', 'Apt 924', 1446799661);
insert into estudiante (id, persona_id) values ('e-42693',42693);
insert into persona (cedula, nombre, apellido, direccion, telefono) values (43280, 'Lynn', 'Menchenton', 'Room 1343', 5459450754);
insert into estudiante (id, persona_id) values ('e-43280',43280);
insert into persona (cedula, nombre, apellido, direccion, telefono) values (20589, 'Lorrin', 'Durgan', 'Suite 90', 5725952836);
insert into estudiante (id, persona_id) values ('e-20589',20589);
insert into persona (cedula, nombre, apellido, direccion, telefono) values (82420, 'Renelle', 'Olanda', 'Room 34', 2323173517);
insert into estudiante (id, persona_id) values ('e-82420',82420);
insert into persona (cedula, nombre, apellido, direccion, telefono) values (35839, 'Kassandra', 'Grassin', 'Suite 19', 1083908556);
insert into estudiante (id, persona_id) values ('e-35839',35839);
insert into persona (cedula, nombre, apellido, direccion, telefono) values (38303, 'Heddi', 'Sorbey', 'Apt 1689', 6465071618);
insert into estudiante (id, persona_id) values ('e-38303',38303);
insert into persona (cedula, nombre, apellido, direccion, telefono) values (79810, 'Marthe', 'Ambrogio', 'PO Box 23891', 9496222326);
insert into estudiante (id, persona_id) values ('e-79810',79810);
insert into persona (cedula, nombre, apellido, direccion, telefono) values (58929, 'Debora', 'Geldeford', 'Apt 1532', 5612734104);
insert into estudiante (id, persona_id) values ('e-58929',58929);
insert into persona (cedula, nombre, apellido, direccion, telefono) values (35822, 'Gustav', 'Rothman', '7th Floor', 2066186687);
insert into estudiante (id, persona_id) values ('e-35822',35822);
insert into persona (cedula, nombre, apellido, direccion, telefono) values (35336, 'Idalia', 'Carratt', 'Suite 25', 7226149062);
insert into estudiante (id, persona_id) values ('e-35336',35336);
insert into persona (cedula, nombre, apellido, direccion, telefono) values (79153, 'Alie', 'Doumenc', 'Apt 1094', 7206570728);
insert into estudiante (id, persona_id) values ('e-79153',79153);
insert into persona (cedula, nombre, apellido, direccion, telefono) values (79969, 'Leonie', 'Vasse', '1st Floor', 1918440867);
insert into estudiante (id, persona_id) values ('e-79969',79969);
insert into persona (cedula, nombre, apellido, direccion, telefono) values (68428, 'Boot', 'Steaning', 'Suite 8', 3848141845);
insert into estudiante (id, persona_id) values ('e-68428',68428);
insert into persona (cedula, nombre, apellido, direccion, telefono) values (52038, 'Yuri', 'Osmar', 'Apt 863', 3427224290);
insert into estudiante (id, persona_id) values ('e-52038',52038);
insert into persona (cedula, nombre, apellido, direccion, telefono) values (23646, 'Theodoric', 'Silversmidt', 'Room 1809', 1784221325);
insert into estudiante (id, persona_id) values ('e-23646',23646);
insert into persona (cedula, nombre, apellido, direccion, telefono) values (59506, 'Levon', 'Stuttard', '8th Floor', 7414852821);
insert into estudiante (id, persona_id) values ('e-59506',59506);
insert into persona (cedula, nombre, apellido, direccion, telefono) values (51182, 'Leigh', 'Ruppert', 'Room 83', 8045802131);
insert into estudiante (id, persona_id) values ('e-51182',51182);
insert into persona (cedula, nombre, apellido, direccion, telefono) values (74060, 'Demetra', 'Lochran', 'Suite 41', 3706349413);
insert into estudiante (id, persona_id) values ('e-74060',74060);
insert into persona (cedula, nombre, apellido, direccion, telefono) values (51942, 'Joeann', 'Boule', 'Apt 1329', 2419868870);
insert into estudiante (id, persona_id) values ('e-51942',51942);
insert into persona (cedula, nombre, apellido, direccion, telefono) values (70199, 'Ariel', 'Barlie', 'Suite 37', 7208747862);
insert into estudiante (id, persona_id) values ('e-70199',70199);
insert into persona (cedula, nombre, apellido, direccion, telefono) values (31622, 'Rawley', 'Bauser', '17th Floor', 5441809991);
insert into estudiante (id, persona_id) values ('e-31622',31622);
insert into persona (cedula, nombre, apellido, direccion, telefono) values (26201, 'Olenolin', 'Stanwix', 'Room 1442', 2668588091);
insert into estudiante (id, persona_id) values ('e-26201',26201);
insert into persona (cedula, nombre, apellido, direccion, telefono) values (84669, 'Vick', 'Beckwith', 'Apt 1093', 3682297458);
insert into estudiante (id, persona_id) values ('e-84669',84669);
insert into persona (cedula, nombre, apellido, direccion, telefono) values (54550, 'Benedicta', 'Rolles', 'Suite 51', 7598721412);
insert into estudiante (id, persona_id) values ('e-54550',54550);
insert into persona (cedula, nombre, apellido, direccion, telefono) values (11663, 'Lucila', 'Canwell', 'Apt 709', 7712401143);
insert into estudiante (id, persona_id) values ('e-11663',11663);
insert into persona (cedula, nombre, apellido, direccion, telefono) values (89609, 'Bobbie', 'Semaine', '19th Floor', 7896007919);
insert into estudiante (id, persona_id) values ('e-89609',89609);
insert into persona (cedula, nombre, apellido, direccion, telefono) values (81233, 'Hurlee', 'Girardoni', 'PO Box 69262', 2739975417);
insert into estudiante (id, persona_id) values ('e-81233',81233);
insert into persona (cedula, nombre, apellido, direccion, telefono) values (85473, 'Hieronymus', 'Benet', 'Room 1888', 2824767282);
insert into estudiante (id, persona_id) values ('e-85473',85473);
insert into persona (cedula, nombre, apellido, direccion, telefono) values (73409, 'Elijah', 'Colgan', 'PO Box 11081', 3994175392);
insert into estudiante (id, persona_id) values ('e-73409',73409);
insert into persona (cedula, nombre, apellido, direccion, telefono) values (57391, 'Peirce', 'Bream', 'Room 168', 8575215209);
insert into estudiante (id, persona_id) values ('e-57391',57391);
insert into persona (cedula, nombre, apellido, direccion, telefono) values (31631, 'Casper', 'Ackerman', 'PO Box 67376', 9281447962);
insert into estudiante (id, persona_id) values ('e-31631',31631);
insert into persona (cedula, nombre, apellido, direccion, telefono) values (73377, 'Ulick', 'Bartozzi', 'Apt 1294', 8063427244);
insert into estudiante (id, persona_id) values ('e-73377',73377);
insert into persona (cedula, nombre, apellido, direccion, telefono) values (45807, 'Calhoun', 'Haszard', 'PO Box 64965', 5376303812);
insert into estudiante (id, persona_id) values ('e-45807',45807);
insert into persona (cedula, nombre, apellido, direccion, telefono) values (84611, 'Monica', 'Pridden', '9th Floor', 5348325287);
insert into estudiante (id, persona_id) values ('e-84611',84611);
insert into persona (cedula, nombre, apellido, direccion, telefono) values (54554, 'Aleksandr', 'Dy', 'Apt 609', 2348363610);
insert into estudiante (id, persona_id) values ('e-54554',54554);
insert into persona (cedula, nombre, apellido, direccion, telefono) values (87569, 'Vivie', 'Blaase', 'PO Box 21641', 7556321009);
insert into estudiante (id, persona_id) values ('e-87569',87569);
insert into persona (cedula, nombre, apellido, direccion, telefono) values (44702, 'Loy', 'Dulany', 'Apt 1803', 5626192130);
insert into estudiante (id, persona_id) values ('e-44702',44702);
insert into persona (cedula, nombre, apellido, direccion, telefono) values (69504, 'Tawnya', 'Castard', 'Apt 258', 9337489168);
insert into estudiante (id, persona_id) values ('e-69504',69504);
insert into persona (cedula, nombre, apellido, direccion, telefono) values (12451, 'Milka', 'Ramet', 'PO Box 70119', 5019478723);
insert into estudiante (id, persona_id) values ('e-12451',12451);
insert into persona (cedula, nombre, apellido, direccion, telefono) values (16269, 'Marice', 'Pedri', 'Room 210', 4134459762);
insert into estudiante (id, persona_id) values ('e-16269',16269);
insert into persona (cedula, nombre, apellido, direccion, telefono) values (79591, 'Minerva', 'Kiljan', 'PO Box 74614', 9921689379);
insert into estudiante (id, persona_id) values ('e-79591',79591);
insert into persona (cedula, nombre, apellido, direccion, telefono) values (62403, 'Darren', 'Marques', 'Suite 52', 6657241755);
insert into estudiante (id, persona_id) values ('e-62403',62403);
insert into persona (cedula, nombre, apellido, direccion, telefono) values (23896, 'Delilah', 'Dominelli', '7th Floor', 1829289317);
insert into estudiante (id, persona_id) values ('e-23896',23896);
insert into persona (cedula, nombre, apellido, direccion, telefono) values (40207, 'Joyann', 'Tustin', 'Room 27', 6794971974);
insert into estudiante (id, persona_id) values ('e-40207',40207);
insert into persona (cedula, nombre, apellido, direccion, telefono) values (89755, 'Astrix', 'Nuzzetti', 'Suite 100', 2152034312);
insert into estudiante (id, persona_id) values ('e-89755',89755);
insert into persona (cedula, nombre, apellido, direccion, telefono) values (19879, 'Othelia', 'Barthel', 'Apt 424', 1918937329);
insert into estudiante (id, persona_id) values ('e-19879',19879);
insert into persona (cedula, nombre, apellido, direccion, telefono) values (26143, 'Charlot', 'Manvell', '10th Floor', 6389622640);
insert into estudiante (id, persona_id) values ('e-26143',26143);
insert into persona (cedula, nombre, apellido, direccion, telefono) values (70354, 'Nataniel', 'Puckinghorne', 'PO Box 91236', 8029807414);
insert into estudiante (id, persona_id) values ('e-70354',70354);
insert into persona (cedula, nombre, apellido, direccion, telefono) values (14496, 'Corrinne', 'Edson', 'Apt 611', 9816599280);
insert into estudiante (id, persona_id) values ('e-14496',14496);
insert into persona (cedula, nombre, apellido, direccion, telefono) values (11277, 'Hewitt', 'Boseley', 'PO Box 38229', 8918698627);
insert into estudiante (id, persona_id) values ('e-11277',11277);
insert into persona (cedula, nombre, apellido, direccion, telefono) values (59318, 'Wilburt', 'McGiff', '12th Floor', 6384046626);
insert into estudiante (id, persona_id) values ('e-59318',59318);
insert into persona (cedula, nombre, apellido, direccion, telefono) values (61007, 'Karlik', 'Emms', 'Suite 8', 1032090919);
insert into estudiante (id, persona_id) values ('e-61007',61007);
insert into persona (cedula, nombre, apellido, direccion, telefono) values (32736, 'Deedee', 'Phillcox', '4th Floor', 3173105875);
insert into estudiante (id, persona_id) values ('e-32736',32736);
insert into persona (cedula, nombre, apellido, direccion, telefono) values (58303, 'Danya', 'Kidston', 'Apt 170', 4337461034);
insert into estudiante (id, persona_id) values ('e-58303',58303);
insert into persona (cedula, nombre, apellido, direccion, telefono) values (73131, 'Karlene', 'McDermott', 'Apt 1808', 8792508026);
insert into estudiante (id, persona_id) values ('e-73131',73131);
insert into persona (cedula, nombre, apellido, direccion, telefono) values (30367, 'Mollie', 'Nickolls', 'Suite 90', 4233486186);
insert into estudiante (id, persona_id) values ('e-30367',30367);
insert into persona (cedula, nombre, apellido, direccion, telefono) values (16737, 'Orbadiah', 'Garlic', 'Suite 69', 8083924642);
insert into estudiante (id, persona_id) values ('e-16737',16737);
insert into persona (cedula, nombre, apellido, direccion, telefono) values (76947, 'Parsifal', 'Valadez', '3rd Floor', 1553868092);
insert into estudiante (id, persona_id) values ('e-76947',76947);
insert into persona (cedula, nombre, apellido, direccion, telefono) values (55667, 'Keen', 'Merrigan', 'Room 1846', 9378709317);
insert into estudiante (id, persona_id) values ('e-55667',55667);
insert into persona (cedula, nombre, apellido, direccion, telefono) values (16677, 'Aurie', 'Cleynman', 'Apt 1010', 2198570999);
insert into estudiante (id, persona_id) values ('e-16677',16677);
insert into persona (cedula, nombre, apellido, direccion, telefono) values (74528, 'Carrol', 'Hick', 'Room 444', 4603291406);
insert into estudiante (id, persona_id) values ('e-74528',74528);
insert into persona (cedula, nombre, apellido, direccion, telefono) values (56670, 'Sande', 'Saintpierre', 'Apt 1363', 1123519995);
insert into estudiante (id, persona_id) values ('e-56670',56670);
insert into persona (cedula, nombre, apellido, direccion, telefono) values (89226, 'Randal', 'Gledhall', 'Suite 88', 2586920618);
insert into estudiante (id, persona_id) values ('e-89226',89226);
insert into persona (cedula, nombre, apellido, direccion, telefono) values (31661, 'Hobard', 'Volks', 'Room 414', 4582439929);
insert into estudiante (id, persona_id) values ('e-31661',31661);
insert into persona (cedula, nombre, apellido, direccion, telefono) values (77527, 'Lena', 'Fordy', '7th Floor', 9694201103);
insert into estudiante (id, persona_id) values ('e-77527',77527);
insert into persona (cedula, nombre, apellido, direccion, telefono) values (73677, 'Emalee', 'Younghusband', 'PO Box 68062', 7136041601);
insert into estudiante (id, persona_id) values ('e-73677',73677);
insert into persona (cedula, nombre, apellido, direccion, telefono) values (58669, 'Thayne', 'Christoffe', 'Suite 45', 8237916756);
insert into estudiante (id, persona_id) values ('e-58669',58669);
insert into persona (cedula, nombre, apellido, direccion, telefono) values (60677, 'Elise', 'Petry', 'Suite 21', 6244131153);
insert into estudiante (id, persona_id) values ('e-60677',60677);
insert into persona (cedula, nombre, apellido, direccion, telefono) values (62117, 'Evania', 'Simper', 'PO Box 16936', 4235777329);
insert into estudiante (id, persona_id) values ('e-62117',62117);
insert into persona (cedula, nombre, apellido, direccion, telefono) values (58233, 'Boyce', 'Hunnicutt', 'Room 876', 5881465997);
insert into estudiante (id, persona_id) values ('e-58233',58233);
insert into persona (cedula, nombre, apellido, direccion, telefono) values (23820, 'Tracey', 'Linthead', 'Apt 1880', 3302327781);
insert into estudiante (id, persona_id) values ('e-23820',23820);
insert into persona (cedula, nombre, apellido, direccion, telefono) values (26315, 'Robenia', 'Cumes', 'Room 1183', 2044435559);
insert into estudiante (id, persona_id) values ('e-26315',26315);
insert into persona (cedula, nombre, apellido, direccion, telefono) values (47193, 'Issie', 'Kaspar', 'Room 1359', 9163196146);
insert into estudiante (id, persona_id) values ('e-47193',47193);
insert into persona (cedula, nombre, apellido, direccion, telefono) values (78438, 'Maisey', 'Errichiello', 'Suite 28', 9608671279);
insert into estudiante (id, persona_id) values ('e-78438',78438);
insert into persona (cedula, nombre, apellido, direccion, telefono) values (53383, 'Nolan', 'Prince', '7th Floor', 9651629851);
insert into estudiante (id, persona_id) values ('e-53383',53383);
insert into persona (cedula, nombre, apellido, direccion, telefono) values (34765, 'Agata', 'Gebhard', 'Suite 77', 9639835495);
insert into estudiante (id, persona_id) values ('e-34765',34765);
insert into persona (cedula, nombre, apellido, direccion, telefono) values (80325, 'Antonietta', 'MacBey', 'Apt 1383', 7934581646);
insert into estudiante (id, persona_id) values ('e-80325',80325);
insert into persona (cedula, nombre, apellido, direccion, telefono) values (50464, 'Selinda', 'Batchellor', 'Suite 77', 8907240097);
insert into estudiante (id, persona_id) values ('e-50464',50464);
insert into persona (cedula, nombre, apellido, direccion, telefono) values (77922, 'Denna', 'Forrington', '1st Floor', 5159439431);
insert into estudiante (id, persona_id) values ('e-77922',77922);
insert into persona (cedula, nombre, apellido, direccion, telefono) values (49506, 'Natal', 'Davidov', 'Room 1507', 7793402590);
insert into estudiante (id, persona_id) values ('e-49506',49506);
insert into persona (cedula, nombre, apellido, direccion, telefono) values (10464, 'Burg', 'Curness', 'PO Box 71346', 1986621337);
insert into estudiante (id, persona_id) values ('e-10464',10464);
insert into persona (cedula, nombre, apellido, direccion, telefono) values (63987, 'Curry', 'Harnwell', 'Room 1792', 4854091782);
insert into estudiante (id, persona_id) values ('e-63987',63987);
insert into persona (cedula, nombre, apellido, direccion, telefono) values (58279, 'Townsend', 'McDavid', 'Suite 58', 9324828968);
insert into estudiante (id, persona_id) values ('e-58279',58279);
insert into persona (cedula, nombre, apellido, direccion, telefono) values (38407, 'Gerrie', 'Dawidowitz', 'Room 1485', 5254109373);
insert into estudiante (id, persona_id) values ('e-38407',38407);
insert into persona (cedula, nombre, apellido, direccion, telefono) values (32296, 'Barnard', 'Hamlet', 'Suite 55', 7282416331);
insert into estudiante (id, persona_id) values ('e-32296',32296);
insert into persona (cedula, nombre, apellido, direccion, telefono) values (67958, 'Marcy', 'Catling', 'Suite 69', 8783997936);
insert into estudiante (id, persona_id) values ('e-67958',67958);
insert into persona (cedula, nombre, apellido, direccion, telefono) values (73592, 'Tony', 'Fancutt', 'Suite 55', 1117236177);
insert into estudiante (id, persona_id) values ('e-73592',73592);
insert into persona (cedula, nombre, apellido, direccion, telefono) values (82031, 'Ingaberg', 'Mousdall', '7th Floor', 5472580372);
insert into estudiante (id, persona_id) values ('e-82031',82031);
insert into persona (cedula, nombre, apellido, direccion, telefono) values (36013, 'Ingra', 'Beniesh', '4th Floor', 3983775311);
insert into estudiante (id, persona_id) values ('e-36013',36013);
insert into persona (cedula, nombre, apellido, direccion, telefono) values (58674, 'Orlando', 'Hancorn', '14th Floor', 1114111000);
insert into estudiante (id, persona_id) values ('e-58674',58674);
insert into persona (cedula, nombre, apellido, direccion, telefono) values (29439, 'Iris', 'Cheverell', '2nd Floor', 5086803816);
insert into estudiante (id, persona_id) values ('e-29439',29439);
insert into persona (cedula, nombre, apellido, direccion, telefono) values (64988, 'Sasha', 'Menego', '4th Floor', 6935537923);
insert into estudiante (id, persona_id) values ('e-64988',64988);
insert into persona (cedula, nombre, apellido, direccion, telefono) values (81658, 'Aeriel', 'Bromidge', 'Suite 71', 4446179632);
insert into estudiante (id, persona_id) values ('e-81658',81658);
insert into persona (cedula, nombre, apellido, direccion, telefono) values (42116, 'Benjy', 'Ganniclifft', 'Suite 55', 7202378165);
insert into estudiante (id, persona_id) values ('e-42116',42116);
insert into persona (cedula, nombre, apellido, direccion, telefono) values (75304, 'Eal', 'Bault', '18th Floor', 8352646383);
insert into estudiante (id, persona_id) values ('e-75304',75304);
insert into persona (cedula, nombre, apellido, direccion, telefono) values (80009, 'Ainsley', 'Edginton', '19th Floor', 1634339037);
insert into estudiante (id, persona_id) values ('e-80009',80009);
insert into persona (cedula, nombre, apellido, direccion, telefono) values (50315, 'Rea', 'Thecham', 'Room 461', 1378201737);
insert into estudiante (id, persona_id) values ('e-50315',50315);
insert into persona (cedula, nombre, apellido, direccion, telefono) values (87563, 'Mickie', 'Husbands', 'Room 1488', 8321980269);
insert into estudiante (id, persona_id) values ('e-87563',87563);
insert into persona (cedula, nombre, apellido, direccion, telefono) values (86117, 'Valina', 'Blanshard', 'Suite 81', 2176189600);
insert into estudiante (id, persona_id) values ('e-86117',86117);
insert into persona (cedula, nombre, apellido, direccion, telefono) values (54276, 'Alano', 'Rains', 'Suite 56', 3955316807);
insert into estudiante (id, persona_id) values ('e-54276',54276);
insert into persona (cedula, nombre, apellido, direccion, telefono) values (58639, 'Joshua', 'Grunwald', 'PO Box 64934', 5048577373);
insert into estudiante (id, persona_id) values ('e-58639',58639);
insert into persona (cedula, nombre, apellido, direccion, telefono) values (44738, 'Angelico', 'Tinston', 'Suite 37', 3746605304);
insert into estudiante (id, persona_id) values ('e-44738',44738);
insert into persona (cedula, nombre, apellido, direccion, telefono) values (62506, 'Raphaela', 'Cullinan', 'Apt 195', 7169544160);
insert into estudiante (id, persona_id) values ('e-62506',62506);
insert into persona (cedula, nombre, apellido, direccion, telefono) values (85747, 'Tricia', 'McGinley', 'Room 1297', 4488079280);
insert into estudiante (id, persona_id) values ('e-85747',85747);
insert into persona (cedula, nombre, apellido, direccion, telefono) values (68347, 'Shem', 'Bidder', 'Suite 3', 6371669023);
insert into estudiante (id, persona_id) values ('e-68347',68347);
insert into persona (cedula, nombre, apellido, direccion, telefono) values (81694, 'Gardy', 'Meade', 'Apt 722', 2881284625);
insert into estudiante (id, persona_id) values ('e-81694',81694);
insert into persona (cedula, nombre, apellido, direccion, telefono) values (54221, 'Dewitt', 'Coventry', 'Suite 5', 9443601444);
insert into estudiante (id, persona_id) values ('e-54221',54221);
insert into persona (cedula, nombre, apellido, direccion, telefono) values (47303, 'Aurlie', 'Caslane', 'PO Box 83046', 2558179535);
insert into estudiante (id, persona_id) values ('e-47303',47303);
insert into persona (cedula, nombre, apellido, direccion, telefono) values (19101, 'Harley', 'Fourmy', 'Suite 40', 9278084331);
insert into estudiante (id, persona_id) values ('e-19101',19101);
insert into persona (cedula, nombre, apellido, direccion, telefono) values (83350, 'Emmeline', 'Fernandez', 'Suite 43', 5339847991);
insert into estudiante (id, persona_id) values ('e-83350',83350);
insert into persona (cedula, nombre, apellido, direccion, telefono) values (42745, 'Pegeen', 'Bucklan', 'Room 1678', 2484109904);
insert into estudiante (id, persona_id) values ('e-42745',42745);
insert into persona (cedula, nombre, apellido, direccion, telefono) values (39586, 'Kelli', 'Sloley', 'Apt 170', 3049503178);
insert into estudiante (id, persona_id) values ('e-39586',39586);
insert into persona (cedula, nombre, apellido, direccion, telefono) values (77809, 'Arabele', 'Tamburo', '6th Floor', 4082530276);
insert into estudiante (id, persona_id) values ('e-77809',77809);
insert into persona (cedula, nombre, apellido, direccion, telefono) values (44366, 'Trudey', 'Blaxeland', '4th Floor', 9252799623);
insert into estudiante (id, persona_id) values ('e-44366',44366);
insert into persona (cedula, nombre, apellido, direccion, telefono) values (18367, 'Vivyanne', 'MacGilmartin', 'Room 252', 9895527453);
insert into estudiante (id, persona_id) values ('e-18367',18367);
insert into persona (cedula, nombre, apellido, direccion, telefono) values (86385, 'Lawrence', 'Lofty', 'Apt 821', 4185699169);
insert into estudiante (id, persona_id) values ('e-86385',86385);
insert into persona (cedula, nombre, apellido, direccion, telefono) values (22847, 'Pat', 'Sahnow', 'PO Box 48936', 6544215104);
insert into estudiante (id, persona_id) values ('e-22847',22847);
insert into persona (cedula, nombre, apellido, direccion, telefono) values (55688, 'Madelon', 'Tuberfield', 'Apt 1356', 3697989197);
insert into estudiante (id, persona_id) values ('e-55688',55688);
insert into persona (cedula, nombre, apellido, direccion, telefono) values (10878, 'Isaiah', 'Seaborne', '13th Floor', 9767125659);
insert into estudiante (id, persona_id) values ('e-10878',10878);
insert into persona (cedula, nombre, apellido, direccion, telefono) values (30603, 'Virginia', 'Jerratsch', 'Apt 443', 9301934925);
insert into estudiante (id, persona_id) values ('e-30603',30603);
insert into persona (cedula, nombre, apellido, direccion, telefono) values (40385, 'Cornelle', 'Hassell', 'Room 1077', 2878168381);
insert into estudiante (id, persona_id) values ('e-40385',40385);
insert into persona (cedula, nombre, apellido, direccion, telefono) values (54482, 'Ethelbert', 'Mc Mechan', '4th Floor', 6525296597);
insert into estudiante (id, persona_id) values ('e-54482',54482);
insert into persona (cedula, nombre, apellido, direccion, telefono) values (45550, 'Rosemarie', 'Belderson', 'PO Box 12910', 2433293206);
insert into estudiante (id, persona_id) values ('e-45550',45550);
insert into persona (cedula, nombre, apellido, direccion, telefono) values (18581, 'Ronalda', 'Rookeby', '16th Floor', 5451029943);
insert into estudiante (id, persona_id) values ('e-18581',18581);
insert into persona (cedula, nombre, apellido, direccion, telefono) values (32117, 'Jeff', 'Duddin', 'Room 792', 1634563893);
insert into estudiante (id, persona_id) values ('e-32117',32117);
insert into persona (cedula, nombre, apellido, direccion, telefono) values (26712, 'Taryn', 'Crosetto', 'PO Box 14845', 9493924989);
insert into estudiante (id, persona_id) values ('e-26712',26712);
insert into persona (cedula, nombre, apellido, direccion, telefono) values (82940, 'Cariotta', 'Warnock', 'Room 210', 7755987589);
insert into estudiante (id, persona_id) values ('e-82940',82940);
insert into persona (cedula, nombre, apellido, direccion, telefono) values (87437, 'Mellisa', 'MacAvaddy', 'Suite 29', 5265540206);
insert into estudiante (id, persona_id) values ('e-87437',87437);
insert into persona (cedula, nombre, apellido, direccion, telefono) values (37106, 'Happy', 'Courtin', 'Room 1974', 2336023692);
insert into estudiante (id, persona_id) values ('e-37106',37106);
insert into persona (cedula, nombre, apellido, direccion, telefono) values (75067, 'Codie', 'Laidlow', 'Apt 560', 9049856662);
insert into estudiante (id, persona_id) values ('e-75067',75067);
insert into persona (cedula, nombre, apellido, direccion, telefono) values (68228, 'Gregoor', 'Gray', 'Room 208', 8924947930);
insert into estudiante (id, persona_id) values ('e-68228',68228);
insert into persona (cedula, nombre, apellido, direccion, telefono) values (55872, 'Wolfy', 'Bagshawe', 'PO Box 57590', 2412265547);
insert into estudiante (id, persona_id) values ('e-55872',55872);
insert into persona (cedula, nombre, apellido, direccion, telefono) values (18141, 'Lorain', 'Knapton', 'Apt 260', 7691912222);
insert into estudiante (id, persona_id) values ('e-18141',18141);
insert into persona (cedula, nombre, apellido, direccion, telefono) values (30946, 'Nap', 'MacMenemy', 'PO Box 44151', 4719594980);
insert into estudiante (id, persona_id) values ('e-30946',30946);
insert into persona (cedula, nombre, apellido, direccion, telefono) values (55595, 'Kliment', 'Gumery', 'Room 1101', 2076766144);
insert into estudiante (id, persona_id) values ('e-55595',55595);
insert into persona (cedula, nombre, apellido, direccion, telefono) values (16599, 'Felicio', 'Isley', 'Suite 4', 7446167762);
insert into estudiante (id, persona_id) values ('e-16599',16599);
insert into persona (cedula, nombre, apellido, direccion, telefono) values (88211, 'Katharina', 'Buggs', 'PO Box 84095', 2104622560);
insert into estudiante (id, persona_id) values ('e-88211',88211);
insert into persona (cedula, nombre, apellido, direccion, telefono) values (80299, 'Dinah', 'Atteridge', 'Apt 1202', 6507602465);
insert into estudiante (id, persona_id) values ('e-80299',80299);
insert into persona (cedula, nombre, apellido, direccion, telefono) values (21853, 'Reta', 'Meins', 'PO Box 31402', 4123085639);
insert into estudiante (id, persona_id) values ('e-21853',21853);
insert into persona (cedula, nombre, apellido, direccion, telefono) values (68018, 'Jdavie', 'Vigus', 'Room 634', 2106946477);
insert into estudiante (id, persona_id) values ('e-68018',68018);
insert into persona (cedula, nombre, apellido, direccion, telefono) values (39061, 'Olia', 'Playfair', 'Apt 1690', 3092281771);
insert into estudiante (id, persona_id) values ('e-39061',39061);
insert into persona (cedula, nombre, apellido, direccion, telefono) values (21933, 'Heindrick', 'Ingrem', '10th Floor', 2347514915);
insert into estudiante (id, persona_id) values ('e-21933',21933);
insert into persona (cedula, nombre, apellido, direccion, telefono) values (72240, 'Vale', 'Mayte', '9th Floor', 6303532569);
insert into estudiante (id, persona_id) values ('e-72240',72240);
insert into persona (cedula, nombre, apellido, direccion, telefono) values (38318, 'Judd', 'Southon', 'Room 193', 9974897481);
insert into estudiante (id, persona_id) values ('e-38318',38318);
insert into persona (cedula, nombre, apellido, direccion, telefono) values (69632, 'Georgetta', 'Keveren', 'Suite 77', 1367116223);
insert into estudiante (id, persona_id) values ('e-69632',69632);
insert into persona (cedula, nombre, apellido, direccion, telefono) values (43718, 'Carolyne', 'Rubinlicht', '20th Floor', 1629021428);
insert into estudiante (id, persona_id) values ('e-43718',43718);
insert into persona (cedula, nombre, apellido, direccion, telefono) values (29942, 'Jeffie', 'De La Cote', 'Room 1966', 2412436832);
insert into estudiante (id, persona_id) values ('e-29942',29942);
insert into persona (cedula, nombre, apellido, direccion, telefono) values (86489, 'Dominique', 'Woollett', 'Suite 91', 3279687967);
insert into estudiante (id, persona_id) values ('e-86489',86489);
insert into persona (cedula, nombre, apellido, direccion, telefono) values (14078, 'Des', 'Heed', 'Room 90', 6007555636);
insert into estudiante (id, persona_id) values ('e-14078',14078);
insert into persona (cedula, nombre, apellido, direccion, telefono) values (37847, 'Lilla', 'Rikel', 'Room 1669', 7772486656);
insert into estudiante (id, persona_id) values ('e-37847',37847);
insert into persona (cedula, nombre, apellido, direccion, telefono) values (72416, 'Corena', 'Barthot', 'Apt 1940', 1714978228);
insert into estudiante (id, persona_id) values ('e-72416',72416);
insert into persona (cedula, nombre, apellido, direccion, telefono) values (48644, 'Read', 'Hubback', 'PO Box 90297', 1871473951);
insert into estudiante (id, persona_id) values ('e-48644',48644);
insert into persona (cedula, nombre, apellido, direccion, telefono) values (30384, 'Eveline', 'Kikke', 'Room 1453', 4293541657);
insert into estudiante (id, persona_id) values ('e-30384',30384);
insert into persona (cedula, nombre, apellido, direccion, telefono) values (33986, 'Aubree', 'Kennerley', '4th Floor', 3638448484);
insert into estudiante (id, persona_id) values ('e-33986',33986);
insert into persona (cedula, nombre, apellido, direccion, telefono) values (34791, 'Lennard', 'Gosnall', 'Suite 34', 6523768451);
insert into estudiante (id, persona_id) values ('e-34791',34791);
insert into persona (cedula, nombre, apellido, direccion, telefono) values (49327, 'Phil', 'Strute', 'Suite 82', 2369719228);
insert into estudiante (id, persona_id) values ('e-49327',49327);
insert into persona (cedula, nombre, apellido, direccion, telefono) values (83472, 'Kat', 'Stienton', 'Room 1994', 8413738826);
insert into estudiante (id, persona_id) values ('e-83472',83472);
insert into persona (cedula, nombre, apellido, direccion, telefono) values (54539, 'Rudiger', 'Hildrew', 'Apt 74', 7078930268);
insert into estudiante (id, persona_id) values ('e-54539',54539);
insert into persona (cedula, nombre, apellido, direccion, telefono) values (28925, 'Lanie', 'Neilly', '3rd Floor', 2276908780);
insert into estudiante (id, persona_id) values ('e-28925',28925);
insert into persona (cedula, nombre, apellido, direccion, telefono) values (68229, 'Kalina', 'Lawther', 'PO Box 86968', 2426890030);
insert into estudiante (id, persona_id) values ('e-68229',68229);
insert into persona (cedula, nombre, apellido, direccion, telefono) values (34539, 'Ham', 'Ellse', 'PO Box 3442', 1363469412);
insert into estudiante (id, persona_id) values ('e-34539',34539);
insert into persona (cedula, nombre, apellido, direccion, telefono) values (25557, 'Norrie', 'Meynell', 'Suite 44', 9394349324);
insert into estudiante (id, persona_id) values ('e-25557',25557);
insert into persona (cedula, nombre, apellido, direccion, telefono) values (63316, 'Garvin', 'Franz-Schoninger', 'Suite 74', 6285286359);
insert into estudiante (id, persona_id) values ('e-63316',63316);
insert into persona (cedula, nombre, apellido, direccion, telefono) values (45305, 'Courtnay', 'MacGuffog', 'PO Box 50128', 6977298060);
insert into estudiante (id, persona_id) values ('e-45305',45305);
insert into persona (cedula, nombre, apellido, direccion, telefono) values (15517, 'Saba', 'Sholem', 'PO Box 57499', 9816448614);
insert into estudiante (id, persona_id) values ('e-15517',15517);
insert into persona (cedula, nombre, apellido, direccion, telefono) values (41686, 'Bernardo', 'Snowding', 'PO Box 79970', 5304883911);
insert into estudiante (id, persona_id) values ('e-41686',41686);
insert into persona (cedula, nombre, apellido, direccion, telefono) values (58882, 'Rafaelia', 'Prozescky', 'Room 1916', 7587550949);
insert into estudiante (id, persona_id) values ('e-58882',58882);
insert into persona (cedula, nombre, apellido, direccion, telefono) values (24592, 'Sig', 'Melling', 'PO Box 23831', 6895637337);
insert into estudiante (id, persona_id) values ('e-24592',24592);
insert into persona (cedula, nombre, apellido, direccion, telefono) values (40259, 'Karalee', 'Maynell', 'Apt 1512', 4594782874);
insert into estudiante (id, persona_id) values ('e-40259',40259);
insert into persona (cedula, nombre, apellido, direccion, telefono) values (37175, 'Auberon', 'Killingworth', 'Apt 958', 9855584687);
insert into estudiante (id, persona_id) values ('e-37175',37175);
insert into persona (cedula, nombre, apellido, direccion, telefono) values (56614, 'Decca', 'Edgeley', 'Suite 63', 6499499642);
insert into estudiante (id, persona_id) values ('e-56614',56614);
insert into persona (cedula, nombre, apellido, direccion, telefono) values (20044, 'Ronny', 'Basindale', 'PO Box 33509', 3913431591);
insert into estudiante (id, persona_id) values ('e-20044',20044);
insert into persona (cedula, nombre, apellido, direccion, telefono) values (51835, 'Kati', 'Millery', '15th Floor', 2129601454);
insert into estudiante (id, persona_id) values ('e-51835',51835);
insert into persona (cedula, nombre, apellido, direccion, telefono) values (80228, 'Jasmina', 'MacKerley', 'PO Box 29831', 8309167645);
insert into estudiante (id, persona_id) values ('e-80228',80228);
insert into persona (cedula, nombre, apellido, direccion, telefono) values (56111, 'Vyky', 'Zanetello', '17th Floor', 6029422516);
insert into estudiante (id, persona_id) values ('e-56111',56111);
insert into persona (cedula, nombre, apellido, direccion, telefono) values (74749, 'Ava', 'Ralestone', '2nd Floor', 1234852126);
insert into estudiante (id, persona_id) values ('e-74749',74749);
insert into persona (cedula, nombre, apellido, direccion, telefono) values (72984, 'Clemens', 'Groucutt', 'Suite 20', 3998623693);
insert into estudiante (id, persona_id) values ('e-72984',72984);
insert into persona (cedula, nombre, apellido, direccion, telefono) values (83593, 'Aile', 'Leatherborrow', 'Suite 57', 8742332799);
insert into estudiante (id, persona_id) values ('e-83593',83593);
insert into persona (cedula, nombre, apellido, direccion, telefono) values (26923, 'Kamilah', 'Winslow', '19th Floor', 7066444642);
insert into estudiante (id, persona_id) values ('e-26923',26923);
insert into persona (cedula, nombre, apellido, direccion, telefono) values (24213, 'Karna', 'Carriage', 'Suite 82', 8777827020);
insert into estudiante (id, persona_id) values ('e-24213',24213);
insert into persona (cedula, nombre, apellido, direccion, telefono) values (29958, 'Lewiss', 'Mitskevich', 'PO Box 23887', 2389976183);
insert into estudiante (id, persona_id) values ('e-29958',29958);
insert into persona (cedula, nombre, apellido, direccion, telefono) values (82134, 'Dennison', 'Murt', 'PO Box 82446', 7272825244);
insert into estudiante (id, persona_id) values ('e-82134',82134);
insert into persona (cedula, nombre, apellido, direccion, telefono) values (25743, 'Devlin', 'Canavan', 'Suite 77', 4898594624);
insert into estudiante (id, persona_id) values ('e-25743',25743);
insert into persona (cedula, nombre, apellido, direccion, telefono) values (85460, 'Emelita', 'Jellicorse', 'PO Box 21702', 5368319130);
insert into estudiante (id, persona_id) values ('e-85460',85460);
insert into persona (cedula, nombre, apellido, direccion, telefono) values (69364, 'Hadleigh', 'Bloxham', 'PO Box 63196', 5578328488);
insert into estudiante (id, persona_id) values ('e-69364',69364);
insert into persona (cedula, nombre, apellido, direccion, telefono) values (23435, 'Kristen', 'Croce', 'Suite 13', 6839792657);
insert into estudiante (id, persona_id) values ('e-23435',23435);
insert into persona (cedula, nombre, apellido, direccion, telefono) values (85497, 'Chery', 'Hoyle', '13th Floor', 4864077145);
insert into estudiante (id, persona_id) values ('e-85497',85497);
insert into persona (cedula, nombre, apellido, direccion, telefono) values (13002, 'Herman', 'Pourvoieur', '20th Floor', 5335063986);
insert into estudiante (id, persona_id) values ('e-13002',13002);
insert into persona (cedula, nombre, apellido, direccion, telefono) values (75302, 'Perle', 'Sarvar', 'Apt 83', 9175254897);
insert into estudiante (id, persona_id) values ('e-75302',75302);
insert into persona (cedula, nombre, apellido, direccion, telefono) values (36529, 'Dur', 'Coote', '6th Floor', 4469575752);
insert into estudiante (id, persona_id) values ('e-36529',36529);
insert into persona (cedula, nombre, apellido, direccion, telefono) values (29504, 'Hanan', 'Flynn', 'Apt 773', 1439336344);
insert into estudiante (id, persona_id) values ('e-29504',29504);
insert into persona (cedula, nombre, apellido, direccion, telefono) values (13627, 'Madeleine', 'Baldetti', '17th Floor', 6671550725);
insert into estudiante (id, persona_id) values ('e-13627',13627);
insert into persona (cedula, nombre, apellido, direccion, telefono) values (56589, 'Lewes', 'Hemms', 'Apt 1893', 5212135282);
insert into estudiante (id, persona_id) values ('e-56589',56589);
insert into persona (cedula, nombre, apellido, direccion, telefono) values (19873, 'Elonore', 'Dominichelli', 'PO Box 84939', 4428220956);
insert into estudiante (id, persona_id) values ('e-19873',19873);
insert into persona (cedula, nombre, apellido, direccion, telefono) values (71934, 'Ashley', 'Vickers', 'Apt 1183', 6057517208);
insert into estudiante (id, persona_id) values ('e-71934',71934);
insert into persona (cedula, nombre, apellido, direccion, telefono) values (80536, 'Ulberto', 'Axelbey', 'Suite 1', 8212936860);
insert into estudiante (id, persona_id) values ('e-80536',80536);
insert into persona (cedula, nombre, apellido, direccion, telefono) values (89303, 'Leone', 'Benitez', '11th Floor', 8985861687);
insert into estudiante (id, persona_id) values ('e-89303',89303);
insert into persona (cedula, nombre, apellido, direccion, telefono) values (24676, 'Malvina', 'Kauble', '12th Floor', 3925255615);
insert into estudiante (id, persona_id) values ('e-24676',24676);
insert into persona (cedula, nombre, apellido, direccion, telefono) values (89421, 'Dewey', 'Walford', '14th Floor', 7647875312);
insert into estudiante (id, persona_id) values ('e-89421',89421);
insert into persona (cedula, nombre, apellido, direccion, telefono) values (77260, 'Trever', 'Camm', '9th Floor', 6154243001);
insert into estudiante (id, persona_id) values ('e-77260',77260);
insert into persona (cedula, nombre, apellido, direccion, telefono) values (17551, 'Zelig', 'Helkin', 'Suite 14', 2035268349);
insert into estudiante (id, persona_id) values ('e-17551',17551);
insert into persona (cedula, nombre, apellido, direccion, telefono) values (89496, 'Christin', 'Blowing', 'Room 802', 3374539569);
insert into estudiante (id, persona_id) values ('e-89496',89496);
insert into persona (cedula, nombre, apellido, direccion, telefono) values (29547, 'Winnifred', 'Ambrosoli', 'Suite 60', 7848785859);
insert into estudiante (id, persona_id) values ('e-29547',29547);
insert into persona (cedula, nombre, apellido, direccion, telefono) values (83922, 'Shurlocke', 'Goldhill', 'PO Box 50124', 2512409439);
insert into estudiante (id, persona_id) values ('e-83922',83922);
insert into persona (cedula, nombre, apellido, direccion, telefono) values (87644, 'Sheridan', 'Stabbins', '13th Floor', 6107558668);
insert into estudiante (id, persona_id) values ('e-87644',87644);
insert into persona (cedula, nombre, apellido, direccion, telefono) values (77432, 'Cal', 'Smaridge', '19th Floor', 5292176526);
insert into estudiante (id, persona_id) values ('e-77432',77432);
insert into persona (cedula, nombre, apellido, direccion, telefono) values (71654, 'Gifford', 'Smidmoor', 'Suite 74', 6352466477);
insert into estudiante (id, persona_id) values ('e-71654',71654);
insert into persona (cedula, nombre, apellido, direccion, telefono) values (79460, 'Gweneth', 'Gilhouley', 'Suite 27', 2782386580);
insert into estudiante (id, persona_id) values ('e-79460',79460);
insert into persona (cedula, nombre, apellido, direccion, telefono) values (72617, 'Sela', 'Lavrick', 'Suite 64', 7076489289);
insert into estudiante (id, persona_id) values ('e-72617',72617);
insert into persona (cedula, nombre, apellido, direccion, telefono) values (11475, 'Jerrie', 'Fourmy', 'Apt 35', 7224504497);
insert into estudiante (id, persona_id) values ('e-11475',11475);
insert into persona (cedula, nombre, apellido, direccion, telefono) values (46313, 'Dolli', 'Baudts', 'Room 541', 5854050140);
insert into estudiante (id, persona_id) values ('e-46313',46313);
insert into persona (cedula, nombre, apellido, direccion, telefono) values (35756, 'Hollyanne', 'Kinnoch', 'Room 21', 6197306347);
insert into estudiante (id, persona_id) values ('e-35756',35756);
insert into persona (cedula, nombre, apellido, direccion, telefono) values (39229, 'Lulu', 'Aleshintsev', 'Apt 242', 4271682312);
insert into estudiante (id, persona_id) values ('e-39229',39229);
insert into persona (cedula, nombre, apellido, direccion, telefono) values (52743, 'Magdalene', 'Giovanetti', 'PO Box 14720', 7412593471);
insert into estudiante (id, persona_id) values ('e-52743',52743);
insert into persona (cedula, nombre, apellido, direccion, telefono) values (35977, 'Dorise', 'Prothero', 'Room 712', 9988091473);
insert into estudiante (id, persona_id) values ('e-35977',35977);
insert into persona (cedula, nombre, apellido, direccion, telefono) values (28782, 'Martelle', 'Bassilashvili', 'Room 1795', 4381008373);
insert into estudiante (id, persona_id) values ('e-28782',28782);
insert into persona (cedula, nombre, apellido, direccion, telefono) values (76155, 'Hyacinthia', 'Masseo', 'Apt 1239', 9362503883);
insert into estudiante (id, persona_id) values ('e-76155',76155);
insert into persona (cedula, nombre, apellido, direccion, telefono) values (47022, 'Brandie', 'Wickersley', 'PO Box 24842', 3144988582);
insert into estudiante (id, persona_id) values ('e-47022',47022);
insert into persona (cedula, nombre, apellido, direccion, telefono) values (26509, 'Friedrich', 'Sivills', 'Apt 975', 1921746382);
insert into estudiante (id, persona_id) values ('e-26509',26509);
insert into persona (cedula, nombre, apellido, direccion, telefono) values (80853, 'Arley', 'Kemmish', 'Room 62', 4256951802);
insert into estudiante (id, persona_id) values ('e-80853',80853);
insert into persona (cedula, nombre, apellido, direccion, telefono) values (27032, 'Jessika', 'Martina', '13th Floor', 1312246658);
insert into estudiante (id, persona_id) values ('e-27032',27032);
insert into persona (cedula, nombre, apellido, direccion, telefono) values (41584, 'Mace', 'Neillans', 'Suite 66', 2514369092);
insert into estudiante (id, persona_id) values ('e-41584',41584);
insert into persona (cedula, nombre, apellido, direccion, telefono) values (17666, 'Nolie', 'Lodwick', '9th Floor', 7869524650);
insert into estudiante (id, persona_id) values ('e-17666',17666);
insert into persona (cedula, nombre, apellido, direccion, telefono) values (37667, 'Ewen', 'Cansfield', 'Room 1079', 1799284410);
insert into estudiante (id, persona_id) values ('e-37667',37667);
insert into persona (cedula, nombre, apellido, direccion, telefono) values (23907, 'Benny', 'Philbrook', '1st Floor', 7072338117);
insert into estudiante (id, persona_id) values ('e-23907',23907);
insert into persona (cedula, nombre, apellido, direccion, telefono) values (13214, 'Tait', 'Edyson', '20th Floor', 1576987846);
insert into estudiante (id, persona_id) values ('e-13214',13214);
insert into persona (cedula, nombre, apellido, direccion, telefono) values (84054, 'Kalinda', 'Colhoun', '2nd Floor', 9878357105);
insert into estudiante (id, persona_id) values ('e-84054',84054);
insert into persona (cedula, nombre, apellido, direccion, telefono) values (80711, 'Frayda', 'Shopcott', 'Apt 713', 9511156756);
insert into estudiante (id, persona_id) values ('e-80711',80711);
insert into persona (cedula, nombre, apellido, direccion, telefono) values (47103, 'Chester', 'Lyffe', '11th Floor', 8713588055);
insert into estudiante (id, persona_id) values ('e-47103',47103);
insert into persona (cedula, nombre, apellido, direccion, telefono) values (29654, 'Zacherie', 'Hernik', 'PO Box 4043', 2284105127);
insert into estudiante (id, persona_id) values ('e-29654',29654);
insert into persona (cedula, nombre, apellido, direccion, telefono) values (40841, 'Celia', 'Cardello', 'Suite 63', 4685882225);
insert into estudiante (id, persona_id) values ('e-40841',40841);
insert into persona (cedula, nombre, apellido, direccion, telefono) values (48782, 'Penelope', 'Gifkins', 'PO Box 10282', 7777215677);
insert into estudiante (id, persona_id) values ('e-48782',48782);
insert into persona (cedula, nombre, apellido, direccion, telefono) values (87306, 'Sabina', 'Geggus', 'Room 279', 2188799383);
insert into estudiante (id, persona_id) values ('e-87306',87306);
insert into persona (cedula, nombre, apellido, direccion, telefono) values (39829, 'D''arcy', 'Jacke', 'PO Box 73071', 8494529499);
insert into estudiante (id, persona_id) values ('e-39829',39829);
insert into persona (cedula, nombre, apellido, direccion, telefono) values (51130, 'Louis', 'Tonepohl', 'Suite 35', 5419941109);
insert into estudiante (id, persona_id) values ('e-51130',51130);
insert into persona (cedula, nombre, apellido, direccion, telefono) values (73076, 'Geri', 'Youle', 'Apt 1940', 5269988072);
insert into estudiante (id, persona_id) values ('e-73076',73076);

-- 4_periodo.sql
delete from periodo where true;
insert into periodo (id, fecha_inicio, fecha_cierre) values (1, '7/24/2023', '12/22/2022');

-- 5_trayecto-fase.sql
insert into trayecto (codigo, periodo_id, nombre) values ('TR1',1,'Trayecto I');
insert into fase (codigo, trayecto_id, nombre) values ('TR1_1','TR1','Fase 1'); 
insert into fase (codigo, trayecto_id, nombre) values ('TR1_2','TR1','Fase 2');

insert into trayecto (codigo, periodo_id, nombre) values ('TR2',1,'Trayecto II');
insert into fase (codigo, trayecto_id, nombre) values ('TR2_1','TR2','Fase 1');
insert into fase (codigo, trayecto_id, nombre) values ('TR2_2','TR2','Fase 2');

insert into trayecto (codigo, periodo_id, nombre) values ('TR3',1,'Trayecto III');
insert into fase (codigo, trayecto_id, nombre) values ('TR3_1','TR3','Fase 1'); 
insert into fase (codigo, trayecto_id, nombre) values ('TR3_2','TR3','Fase 2'); 
	
insert into trayecto (codigo, periodo_id, nombre) values ('TR4',1,'Trayecto IV');
insert into fase (codigo, trayecto_id, nombre) values ('TR4_1','TR4','Fase 1'); 
insert into fase (codigo, trayecto_id, nombre) values ('TR4_2','TR4','Fase 2'); 

-- 6_seccion.sql
-- // Trayecto 1
insert into seccion (trayecto_id, codigo, observacion) values ('TR1','IN1104', '');
insert into seccion (trayecto_id, codigo, observacion) values ('TR1','IN1114', '');
insert into seccion (trayecto_id, codigo, observacion) values ('TR1','IN1124', '');
insert into seccion (trayecto_id, codigo, observacion) values ('TR1','IN1134', 'REPITENCIA');

insert into seccion (trayecto_id, codigo, observacion) values ('TR1','IN1203', '');
insert into seccion (trayecto_id, codigo, observacion) values ('TR1','IN1213', '');
insert into seccion (trayecto_id, codigo, observacion) values ('TR1','IN1202', '');

-- // Trayecto 2
insert into seccion (trayecto_id, codigo, observacion) values ('TR2','IN2103', '');
insert into seccion (trayecto_id, codigo, observacion) values ('TR2','IN2113', '');
insert into seccion (trayecto_id, codigo, observacion) values ('TR2','IN2102', '');
insert into seccion (trayecto_id, codigo, observacion) values ('TR2','IN2112', '');

-- // Trayecto 3
insert into seccion (trayecto_id, codigo, observacion) values ('TR3','IN3301', '');
insert into seccion (trayecto_id, codigo, observacion) values ('TR3','IN3302', '');
insert into seccion (trayecto_id, codigo, observacion) values ('TR3','IN3102', '');
insert into seccion (trayecto_id, codigo, observacion) values ('TR3','IN3103', '');
insert into seccion (trayecto_id, codigo, observacion) values ('TR3','IN3104', '');

-- // trayecto 4
insert into seccion (trayecto_id, codigo, observacion) values ('TR4','IN4301', '');
insert into seccion (trayecto_id, codigo, observacion) values ('TR4','IN4302', '');
insert into seccion (trayecto_id, codigo, observacion) values ('TR4','IN4303', 'IUJO');

-- materias-malla.sql

delete from malla_curricular where true;
delete from materias where true;

-- ------------------ TRAYECTO III -------------------------------
-- Matemtica Aplicada anual trayecto 3
insert into materias (codigo, nombre, htasist, htind, ucredito, hrs_acad, eje) values ('PIMAT156306', 'Matemtica Aplicada', 120, 36, 6, 3, '');
insert into malla_curricular (codigo, fase_id, materia_id) values ('PIMAT156306_1', 'TR3_1','PIMAT156306');
insert into malla_curricular (codigo, fase_id, materia_id) values ('PIMAT156306_2', 'TR3_2','PIMAT156306');


-- modelado de bases de datos fase 1 trayecto 3
insert into materias (codigo, nombre, htasist, htind, ucredito, hrs_acad, eje) values ('PIMOB078303', 'Modelado de bases de datos', 72, 6, 3, 2, '');
insert into malla_curricular (codigo, fase_id, materia_id) values ('PIMOB078303_1','TR3_1','PIMOB078303');
-- vincula a proyecto por lo que se crean dimensiones e indicadores
-- ....


-- Proyecto Solcio Tecnolgico III anual trayecto 3
insert into materias (codigo, nombre, htasist, htind, ucredito, hrs_acad, eje) values ('PIPST078303', 'Proyecto Socio Tecnolgico', 216, 18, 9, 6, '');
insert into malla_curricular (codigo, fase_id, materia_id) values ('PIPST078303_1', 'TR3_1','PIPST078303');
insert into malla_curricular (codigo, fase_id, materia_id) values ('PIPST078303_2', 'TR3_2','PIPST078303');


-- Sistemas Operativos fase 1 trayecto 3
insert into materias (codigo, nombre, htasist, htind, ucredito, hrs_acad, eje) values ('PISIO078303', 'Sistemas Operativos', 72, 6, 3, 4, '');
insert into malla_curricular (codigo, fase_id, materia_id) values ('PISIO078303_1', 'TR3_1','PISIO078303');
-- vincula a proyecto por lo que se crean dimensiones e indicadores
-- ....

-- Ingenieria de software anual trayecto 3
insert into materias (codigo, nombre, htasist, htind, ucredito, hrs_acad, eje) values ('PINGSO078303', 'Ingenieria de Software', 72, 6, 3, 4, '');
insert into malla_curricular (codigo, fase_id, materia_id) values ('PINGSO078303_1', 'TR3_1','PINGSO078303');
insert into malla_curricular (codigo, fase_id, materia_id) values ('PINGSO078303_2', 'TR3_2','PINGSO078303');
-- vincula a proyecto por lo que se crean dimensiones e indicadores
-- ....


-- Tutor Asesor Proyecto anual trayecto 3
insert into materias (codigo, nombre, htasist, htind, ucredito, hrs_acad, eje) values ('ASESOR3078303', 'Tutor Asesor Proyecto III', 72, 6, 3, 4, '');
insert into malla_curricular (codigo, fase_id, materia_id) values ('ASESOR3078303_1', 'TR3_1','ASESOR3078303');
insert into malla_curricular (codigo, fase_id, materia_id) values ('ASESOR3078303_2', 'TR3_2','ASESOR3078303');
-- vincula a proyecto por lo que se crean dimensiones e indicadores
-- ....

-- ------------ TRAYECTO IV ------------------------

-- Actividades acreditables IV anual trayecto 4 
insert into materias (codigo, nombre, htasist, htind, ucredito, hrs_acad, eje) values ('PIACA078303', 'Actividades acreditables IV', 72, 6, 3, 4, '');
insert into malla_curricular (codigo, fase_id, materia_id) values ('PIACA078303_1', 'TR4_1','PIACA078303');
insert into malla_curricular (codigo, fase_id, materia_id) values ('PIACA078303_2', 'TR4_2','PIACA078303');

-- Administracin de bases de datos
insert into materias (codigo, nombre, htasist, htind, ucredito, hrs_acad, eje) values ('PIABD078303', 'Administracin de bases de datos', 72, 6, 3, 4, '');
insert into malla_curricular (codigo, fase_id, materia_id) values ('PIABD078303_1','TR4_1','PIABD078303');


-- Auditoria Informtica
insert into materias (codigo, nombre, htasist, htind, ucredito, hrs_acad, eje) values ('PIAUI078303', 'Auditoria Informtica', 72, 6, 3, 4, '');

insert into malla_curricular (codigo, fase_id, materia_id) values ('PIAUI078303_2','TR4_2','PIAUI078303');

-- Electiva IV
insert into materias (codigo, nombre, htasist, htind, ucredito, hrs_acad, eje) values ('PIELE078303', 'Electiva IV', 72, 6, 3, 4, '');

insert into malla_curricular (codigo, fase_id, materia_id) values ('PIELE078303_2', 'TR4_2','PIELE078303');

-- Formacin Crtica IV
insert into materias (codigo, nombre, htasist, htind, ucredito, hrs_acad, eje) values ('PIFOC078303', 'Formacin Crtica IV', 72, 6, 3, 4, '');
insert into malla_curricular (codigo, fase_id, materia_id) values ('PIFOC078303_1', 'TR4_1','PIFOC078303');
insert into malla_curricular (codigo, fase_id, materia_id) values ('PIFOC078303_2', 'TR4_2','PIFOC078303');

-- Gestin de proyecto informtico
insert into materias (codigo, nombre, htasist, htind, ucredito, hrs_acad, eje) values ('PIGPI078303', 'Gestin de proyecto informtico', 72, 6, 3, 4, '');
insert into malla_curricular (codigo, fase_id, materia_id) values ('PIGPI078303_1', 'TR4_1','PIGPI078303');


-- Idiomas II
insert into materias (codigo, nombre, htasist, htind, ucredito, hrs_acad, eje) values ('PIIDI078303', 'Idiomas II', 72, 6, 3, 4, '');
insert into malla_curricular (codigo, fase_id, materia_id) values ('PIIDI078303_1', 'TR4_1','PIIDI078303');
insert into malla_curricular (codigo, fase_id, materia_id) values ('PIIDI078303_2', 'TR4_2','PIIDI078303');

-- Proyecto Socio Tecnolgico IV 
insert into materias (codigo, nombre, htasist, htind, ucredito, hrs_acad, eje) values ('PIPST078304', 'Proyecto Socio Tecnolgico IV', 72, 6, 3, 4, '');
insert into malla_curricular (codigo, fase_id, materia_id) values ('PIPST078304_1', 'TR4_1','PIPST078304');
insert into malla_curricular (codigo, fase_id, materia_id) values ('PIPST078304_2', 'TR4_2','PIPST078304');

-- Redes Avanzadas 
insert into materias (codigo, nombre, htasist, htind, ucredito, hrs_acad, eje) values ('PIREA078303', 'Redes Avanzadas', 72, 6, 3, 4, '');

insert into malla_curricular (codigo, fase_id, materia_id) values ('PIREA078303_2', 'TR4_2','PIREA078303');

-- Seguridad Informtica
insert into materias (codigo, nombre, htasist, htind, ucredito, hrs_acad, eje) values ('PISEI078303', 'Seguridad Informtica', 72, 6, 3, 4, '');
insert into malla_curricular (codigo, fase_id, materia_id) values ('PISEI078303_1', 'TR4_1','PISEI078303');


-- Tutor Asesor Proyecto IV
insert into materias (codigo, nombre, htasist, htind, ucredito, hrs_acad, eje) values ('ASESOR4078303', 'Tutor Asesor Proyecto IV', 72, 6, 3, 4, '');
insert into malla_curricular (codigo, fase_id, materia_id) values ('ASESOR4078303_1', 'TR4_1','ASESOR4078303');
insert into malla_curricular (codigo, fase_id, materia_id) values ('ASESOR4078303_2', 'TR4_2','ASESOR4078303');

-- baremos.sql

delete from indicadores where true;
delete from dimension where true;
-- --------------------- trayecto 4 fase 1 ---------------------------
-- TUTORA
insert into dimension (id, unidad_id, nombre, grupal) values(1,'ASESOR4078303_1','Desempeo Individual',0);

insert into indicadores (dimension_id, nombre, ponderacion) values(1, 'indicador', 1);
insert into indicadores (dimension_id, nombre, ponderacion) values(1, 'indicador', 1);

insert into dimension (id, unidad_id, nombre, grupal) values(2,'ASESOR4078303_1','Desempeo Grupal', 1);
insert into indicadores (dimension_id, nombre, ponderacion) values(2, 'indicador grupal', 1);
insert into indicadores (dimension_id, nombre, ponderacion) values(2, 'indicador grupal', 1);

insert into dimension (id, unidad_id, nombre, grupal) values(3,'ASESOR4078303_1','Avance del Producto Final', 1);
insert into indicadores (dimension_id, nombre, ponderacion) values(3, 'indicador avance', 1);
insert into indicadores (dimension_id, nombre, ponderacion) values(3, 'indicador avance', 1);

-- Gestin de proyecto informatico
insert into dimension (id, unidad_id, nombre, grupal) values(4,'PIGPI078303_1','Evaluacin Tecnica Individual', 1);
insert into indicadores (dimension_id, nombre, ponderacion) values(4, 'indicador Tecnica Individual', 1);
insert into indicadores (dimension_id, nombre, ponderacion) values(4, 'indicador Tecnica Individual', 1);

-- Administracin de base de datos
insert into dimension (id, unidad_id, nombre, grupal) values(5,'PIABD078303_1','Evaluacin Tecnica Individual', 1);
insert into indicadores (dimension_id, nombre, ponderacion) values(5, 'indicador Tecnica Individual', 1);
insert into indicadores (dimension_id, nombre, ponderacion) values(5, 'indicador Tecnica Individual', 1);

-- Docente de proyecto
insert into dimension (id, unidad_id, nombre, grupal) values(6,'PIPST078304_1','Evaluacin Del Docente de Proyecto', 1);
insert into indicadores (dimension_id, nombre, ponderacion) values(6, 'indicador Docente de Proyecto', 1);
insert into indicadores (dimension_id, nombre, ponderacion) values(6, 'indicador Docente de Proyecto', 1);

-- -------------------- trayecto 3 fase 1 ---------------------------
-- TUTOR
insert into dimension (id, unidad_id, nombre, grupal) values(7,'ASESOR3078303_1','Sistema', 0);
insert into indicadores (dimension_id, nombre, ponderacion) values(7, 'indicador', 1);
insert into indicadores (dimension_id, nombre, ponderacion) values(7, 'indicador', 1);

insert into dimension (id, unidad_id, nombre, grupal) values(8,'ASESOR3078303_1','Informe', 1);
insert into indicadores (dimension_id, nombre, ponderacion) values(8, 'indicador', 1);
insert into indicadores (dimension_id, nombre, ponderacion) values(8, 'indicador', 1);

insert into dimension (id, unidad_id, nombre, grupal) values(9,'ASESOR3078303_1','Manejo de Equipo', 1);
insert into indicadores (dimension_id, nombre, ponderacion) values(9, 'indicador', 1);
insert into indicadores (dimension_id, nombre, ponderacion) values(9, 'indicador', 1);

insert into dimension (id, unidad_id, nombre, grupal) values(10,'ASESOR3078303_1','Modelado del negocio', 1);
insert into indicadores (dimension_id, nombre, ponderacion) values(10, 'indicador', 1);
insert into indicadores (dimension_id, nombre, ponderacion) values(10, 'indicador', 1);

insert into dimension (id, unidad_id, nombre, grupal) values(11,'ASESOR3078303_1','Modelado del sistema', 0);
insert into indicadores (dimension_id, nombre, ponderacion) values(11, 'indicador', 1);
insert into indicadores (dimension_id, nombre, ponderacion) values(11, 'indicador', 1);


-- Modelado de base de datos 
insert into dimension (id, unidad_id, nombre, grupal) values(12,'PIMOB078303_1','Diseo de la Base de datos', 0);
insert into indicadores (dimension_id, nombre, ponderacion) values(12, 'indicador', 1);
insert into indicadores (dimension_id, nombre, ponderacion) values(12, 'indicador', 1);

-- Docente de proyecto
insert into dimension (id, unidad_id, nombre, grupal) values(13,'PIPST078303_1','Evaluacin Del Docente de Proyecto', 1);
insert into indicadores (dimension_id, nombre, ponderacion) values(13, 'indicador', 1);
insert into indicadores (dimension_id, nombre, ponderacion) values(13, 'indicador', 1);

-- --------------------- trayecto 3 fase 2 ------------------------------

-- TUTORA
insert into dimension (id, unidad_id, nombre, grupal) values(14,'ASESOR4078303_2','Desempeo Individual',0);
insert into indicadores (dimension_id, nombre, ponderacion) values(14, 'indicador', 1);
insert into indicadores (dimension_id, nombre, ponderacion) values(14, 'indicador', 1);

insert into dimension (id, unidad_id, nombre, grupal) values(15,'ASESOR4078303_2','Desempeo grupal',1);
insert into indicadores (dimension_id, nombre, ponderacion) values(15, 'indicador', 1);
insert into indicadores (dimension_id, nombre, ponderacion) values(15, 'indicador', 1);

insert into dimension (id, unidad_id, nombre, grupal) values(16,'ASESOR4078303_2','Avances de programacin', 0);
insert into indicadores (dimension_id, nombre, ponderacion) values(16, 'indicador', 1);
insert into indicadores (dimension_id, nombre, ponderacion) values(16, 'indicador', 1);

insert into dimension (id, unidad_id, nombre, grupal) values(17,'ASESOR4078303_2','Interfaz y estilo', 0);
insert into indicadores (dimension_id, nombre, ponderacion) values(17, 'indicador', 1);
insert into indicadores (dimension_id, nombre, ponderacion) values(17, 'indicador', 1);

-- Ingeniera de Software
insert into dimension (id, unidad_id, nombre, grupal) values(18,'PINGSO078303_2','Desempeo Tecnico', 0);
insert into indicadores (dimension_id, nombre, ponderacion) values(18, 'indicador', 1);
insert into indicadores (dimension_id, nombre, ponderacion) values(18, 'indicador', 1);

insert into dimension (id, unidad_id, nombre, grupal) values(19,'PINGSO078303_2','Usabilidad', 1);
insert into indicadores (dimension_id, nombre, ponderacion) values(19, 'indicador', 1);
insert into indicadores (dimension_id, nombre, ponderacion) values(19, 'indicador', 1);

-- Docente de Proyecto
insert into dimension (id, unidad_id, nombre, grupal) values(20,'PIPST078303_2','Informe', 1);
insert into indicadores (dimension_id, nombre, ponderacion) values(20, 'indicador', 1);
insert into indicadores (dimension_id, nombre, ponderacion) values(20, 'indicador', 1);


-- 9_clases.sql

delete from inscripcion where true;
delete from clase where true;
-- actividades acrediables fase 1
-- prof: hermes 
insert into clase (codigo, profesor_id, seccion_id, unidad_curricular_id) values ('c-PIACA078303_1','p-23154875','IN4301', 'PIACA078303_1');
insert into inscripcion (clase_id, estudiante_id) values ('c-PIACA078303_1', 'e-15408');
insert into inscripcion (clase_id, estudiante_id) values ('c-PIACA078303_1', 'e-63578');
insert into inscripcion (clase_id, estudiante_id) values ('c-PIACA078303_1', 'e-39263');
insert into inscripcion (clase_id, estudiante_id) values ('c-PIACA078303_1', 'e-60621');
insert into inscripcion (clase_id, estudiante_id) values ('c-PIACA078303_1', 'e-61587');

-- administracin de base de datos
insert into clase (codigo, profesor_id, seccion_id, unidad_curricular_id) values ('c-PIABD078303_1', 'p-654854354','IN4301', 'PIABD078303_1');
insert into inscripcion (clase_id, estudiante_id) values ('c-PIABD078303_1', 'e-15408');
insert into inscripcion (clase_id, estudiante_id) values ('c-PIABD078303_1', 'e-63578');
insert into inscripcion (clase_id, estudiante_id) values ('c-PIABD078303_1', 'e-39263');
insert into inscripcion (clase_id, estudiante_id) values ('c-PIABD078303_1', 'e-60621');
insert into inscripcion (clase_id, estudiante_id) values ('c-PIABD078303_1', 'e-61587');

-- gestin de proyecto informatico
insert into clase (codigo, profesor_id, seccion_id, unidad_curricular_id) values ('c-PIGPI078303_1', 'p-234565423','IN4301', 'PIGPI078303_1');
insert into inscripcion (clase_id, estudiante_id) values ('c-PIGPI078303_1', 'e-15408');
insert into inscripcion (clase_id, estudiante_id) values ('c-PIGPI078303_1', 'e-63578');
insert into inscripcion (clase_id, estudiante_id) values ('c-PIGPI078303_1', 'e-39263');
insert into inscripcion (clase_id, estudiante_id) values ('c-PIGPI078303_1', 'e-60621');
insert into inscripcion (clase_id, estudiante_id) values ('c-PIGPI078303_1', 'e-61587');

-- idiomas II
insert into clase (codigo, profesor_id, seccion_id, unidad_curricular_id) values ('c-PIIDI078303_1', 'p-52213548','IN4301', 'PIIDI078303_1');
insert into inscripcion (clase_id, estudiante_id) values ('c-PIIDI078303_1', 'e-15408');
insert into inscripcion (clase_id, estudiante_id) values ('c-PIIDI078303_1', 'e-63578');
insert into inscripcion (clase_id, estudiante_id) values ('c-PIIDI078303_1', 'e-39263');
insert into inscripcion (clase_id, estudiante_id) values ('c-PIIDI078303_1', 'e-60621');
insert into inscripcion (clase_id, estudiante_id) values ('c-PIIDI078303_1', 'e-61587');

-- Seguridad Informatica
insert into clase (codigo, profesor_id, seccion_id, unidad_curricular_id) values ('c-PISEI078303_1', 'p-5428468','IN4301', 'PISEI078303_1');
insert into inscripcion (clase_id, estudiante_id) values ('c-PISEI078303_1', 'e-15408');
insert into inscripcion (clase_id, estudiante_id) values ('c-PISEI078303_1', 'e-63578');
insert into inscripcion (clase_id, estudiante_id) values ('c-PISEI078303_1', 'e-39263');
insert into inscripcion (clase_id, estudiante_id) values ('c-PISEI078303_1', 'e-60621');
insert into inscripcion (clase_id, estudiante_id) values ('c-PISEI078303_1', 'e-61587');

-- 10_proyectos.sql
delete from integrante_proyecto where true;
delete from proyecto where true;
-- TRAYECTO 4 PROYECTO GESTION DE PROYECTOS
insert into proyecto (id, fase_id, nombre, comunidad, area, motor_productivo, resumen, direccion, municipio, parroquia)
values (1,'TR4_1', 'Gestion de proyectos sociotecnologicos', 'UPTAEB', '','','','','','');
insert into integrante_proyecto (proyecto_id, estudiante_id) values (1,'e-15408');
insert into integrante_proyecto (proyecto_id, estudiante_id) values (1,'e-63578');
insert into integrante_proyecto (proyecto_id, estudiante_id) values (1,'e-39263');

-- TRAYECTO 4 PROYECTO LA ROCA
insert into proyecto (id, fase_id, nombre, comunidad, area, motor_productivo, resumen, direccion, municipio, parroquia)
values (2,'TR4_1', 'La Roca', 'Iglesia', '','','','','','');
insert into integrante_proyecto (proyecto_id, estudiante_id) values (2,'e-60621');
insert into integrante_proyecto (proyecto_id, estudiante_id) values (2,'e-61587');