SET FOREIGN_KEY_CHECKS=0;
SET @usuario_id=1;

SET CHARACTER SET utf8; 
TRUNCATE TABLE bitacora;


















TRUNCATE TABLE dimension;
INSERT INTO dimension VALUES("1","ASESOR4078303_1","Desempeño Individual","0");
INSERT INTO dimension VALUES("2","ASESOR4078303_1","Desempeño Grupal","1");
INSERT INTO dimension VALUES("3","ASESOR4078303_1","Avance del Producto Final","1");
INSERT INTO dimension VALUES("4","PIGPI078303_1","Evaluación Tecnica Individual","1");
INSERT INTO dimension VALUES("5","PIABD078303_1","Evaluación Tecnica Individual","1");
INSERT INTO dimension VALUES("6","PIPST078304_1","Evaluación Del Docente de Proyecto","1");
INSERT INTO dimension VALUES("7","ASESOR3078303_1","Sistema","0");
INSERT INTO dimension VALUES("8","ASESOR3078303_1","Informe","1");
INSERT INTO dimension VALUES("9","ASESOR3078303_1","Manejo de Equipo","1");
INSERT INTO dimension VALUES("10","PIMOB078303_1","Diseño de la Base de datos","0");
INSERT INTO dimension VALUES("11","PIPST078303_1","Aspectos a evaluar","1");
INSERT INTO dimension VALUES("12","ASESOR4078303_2","Desempeño Individual","0");
INSERT INTO dimension VALUES("13","ASESOR4078303_2","Desempeño grupal","1");
INSERT INTO dimension VALUES("14","ASESOR4078303_2","Avances de programación (Por Modulo)","0");
INSERT INTO dimension VALUES("15","ASESOR4078303_2","Interfaz y estilo","0");
INSERT INTO dimension VALUES("16","PINGSO078303_2","Desempeño Tecnico","0");
INSERT INTO dimension VALUES("17","PINGSO078303_2","Usabilidad","1");
INSERT INTO dimension VALUES("18","PIPST078303_2","Capitulo III","1");
INSERT INTO dimension VALUES("19","PIPST078303_2","Capitulo IV","1");
INSERT INTO dimension VALUES("20","PIPST078303_2","Capitulo V","1");



TRUNCATE TABLE estudiante;
INSERT INTO estudiante VALUES("e-10464","10464");
INSERT INTO estudiante VALUES("e-10878","10878");
INSERT INTO estudiante VALUES("e-11277","11277");
INSERT INTO estudiante VALUES("e-11288","11288");
INSERT INTO estudiante VALUES("e-11475","11475");
INSERT INTO estudiante VALUES("e-11663","11663");
INSERT INTO estudiante VALUES("e-12451","12451");
INSERT INTO estudiante VALUES("e-13002","13002");
INSERT INTO estudiante VALUES("e-13214","13214");
INSERT INTO estudiante VALUES("e-13627","13627");
INSERT INTO estudiante VALUES("e-13870","13870");
INSERT INTO estudiante VALUES("e-14078","14078");
INSERT INTO estudiante VALUES("e-14496","14496");
INSERT INTO estudiante VALUES("e-14595","14595");
INSERT INTO estudiante VALUES("e-15408","15408");
INSERT INTO estudiante VALUES("e-15517","15517");
INSERT INTO estudiante VALUES("e-16082","16082");
INSERT INTO estudiante VALUES("e-16269","16269");
INSERT INTO estudiante VALUES("e-16599","16599");
INSERT INTO estudiante VALUES("e-16677","16677");
INSERT INTO estudiante VALUES("e-16737","16737");
INSERT INTO estudiante VALUES("e-17551","17551");
INSERT INTO estudiante VALUES("e-17666","17666");
INSERT INTO estudiante VALUES("e-18141","18141");
INSERT INTO estudiante VALUES("e-18367","18367");
INSERT INTO estudiante VALUES("e-18581","18581");
INSERT INTO estudiante VALUES("e-19101","19101");
INSERT INTO estudiante VALUES("e-19528","19528");
INSERT INTO estudiante VALUES("e-19805","19805");
INSERT INTO estudiante VALUES("e-19873","19873");
INSERT INTO estudiante VALUES("e-19879","19879");
INSERT INTO estudiante VALUES("e-20044","20044");
INSERT INTO estudiante VALUES("e-20184","20184");
INSERT INTO estudiante VALUES("e-20589","20589");
INSERT INTO estudiante VALUES("e-20746","20746");
INSERT INTO estudiante VALUES("e-20796","20796");
INSERT INTO estudiante VALUES("e-20828","20828");
INSERT INTO estudiante VALUES("e-21796","21796");
INSERT INTO estudiante VALUES("e-21853","21853");
INSERT INTO estudiante VALUES("e-21933","21933");
INSERT INTO estudiante VALUES("e-22078","22078");
INSERT INTO estudiante VALUES("e-22377","22377");
INSERT INTO estudiante VALUES("e-22847","22847");
INSERT INTO estudiante VALUES("e-23393","23393");
INSERT INTO estudiante VALUES("e-23435","23435");
INSERT INTO estudiante VALUES("e-23646","23646");
INSERT INTO estudiante VALUES("e-23764","23764");
INSERT INTO estudiante VALUES("e-23820","23820");
INSERT INTO estudiante VALUES("e-23888","23888");
INSERT INTO estudiante VALUES("e-23896","23896");
INSERT INTO estudiante VALUES("e-23907","23907");
INSERT INTO estudiante VALUES("e-24213","24213");
INSERT INTO estudiante VALUES("e-24592","24592");
INSERT INTO estudiante VALUES("e-24676","24676");
INSERT INTO estudiante VALUES("e-25557","25557");
INSERT INTO estudiante VALUES("e-25743","25743");
INSERT INTO estudiante VALUES("e-26143","26143");
INSERT INTO estudiante VALUES("e-26201","26201");
INSERT INTO estudiante VALUES("e-26315","26315");
INSERT INTO estudiante VALUES("e-26509","26509");
INSERT INTO estudiante VALUES("e-26712","26712");
INSERT INTO estudiante VALUES("e-26923","26923");
INSERT INTO estudiante VALUES("e-27032","27032");
INSERT INTO estudiante VALUES("e-28782","28782");
INSERT INTO estudiante VALUES("e-28925","28925");
INSERT INTO estudiante VALUES("e-29439","29439");
INSERT INTO estudiante VALUES("e-29504","29504");
INSERT INTO estudiante VALUES("e-29547","29547");
INSERT INTO estudiante VALUES("e-29654","29654");
INSERT INTO estudiante VALUES("e-29942","29942");
INSERT INTO estudiante VALUES("e-29958","29958");
INSERT INTO estudiante VALUES("e-30367","30367");
INSERT INTO estudiante VALUES("e-30384","30384");
INSERT INTO estudiante VALUES("e-30603","30603");
INSERT INTO estudiante VALUES("e-30946","30946");
INSERT INTO estudiante VALUES("e-31622","31622");
INSERT INTO estudiante VALUES("e-31631","31631");
INSERT INTO estudiante VALUES("e-31661","31661");
INSERT INTO estudiante VALUES("e-32079","32079");
INSERT INTO estudiante VALUES("e-32117","32117");
INSERT INTO estudiante VALUES("e-32296","32296");
INSERT INTO estudiante VALUES("e-32736","32736");
INSERT INTO estudiante VALUES("e-33986","33986");
INSERT INTO estudiante VALUES("e-34330","34330");
INSERT INTO estudiante VALUES("e-34539","34539");
INSERT INTO estudiante VALUES("e-34765","34765");
INSERT INTO estudiante VALUES("e-34791","34791");
INSERT INTO estudiante VALUES("e-35336","35336");
INSERT INTO estudiante VALUES("e-35658","35658");
INSERT INTO estudiante VALUES("e-35756","35756");
INSERT INTO estudiante VALUES("e-35799","35799");
INSERT INTO estudiante VALUES("e-35822","35822");
INSERT INTO estudiante VALUES("e-35839","35839");
INSERT INTO estudiante VALUES("e-35977","35977");
INSERT INTO estudiante VALUES("e-36013","36013");
INSERT INTO estudiante VALUES("e-36529","36529");
INSERT INTO estudiante VALUES("e-37106","37106");
INSERT INTO estudiante VALUES("e-37175","37175");
INSERT INTO estudiante VALUES("e-37236","37236");
INSERT INTO estudiante VALUES("e-37616","37616");
INSERT INTO estudiante VALUES("e-37667","37667");
INSERT INTO estudiante VALUES("e-37847","37847");
INSERT INTO estudiante VALUES("e-38303","38303");
INSERT INTO estudiante VALUES("e-38318","38318");
INSERT INTO estudiante VALUES("e-38407","38407");
INSERT INTO estudiante VALUES("e-39061","39061");
INSERT INTO estudiante VALUES("e-39229","39229");
INSERT INTO estudiante VALUES("e-39263","39263");
INSERT INTO estudiante VALUES("e-39586","39586");
INSERT INTO estudiante VALUES("e-39829","39829");
INSERT INTO estudiante VALUES("e-40207","40207");
INSERT INTO estudiante VALUES("e-40259","40259");
INSERT INTO estudiante VALUES("e-40385","40385");
INSERT INTO estudiante VALUES("e-40841","40841");
INSERT INTO estudiante VALUES("e-41584","41584");
INSERT INTO estudiante VALUES("e-41657","41657");
INSERT INTO estudiante VALUES("e-41686","41686");
INSERT INTO estudiante VALUES("e-42116","42116");
INSERT INTO estudiante VALUES("e-42693","42693");
INSERT INTO estudiante VALUES("e-42745","42745");
INSERT INTO estudiante VALUES("e-43280","43280");
INSERT INTO estudiante VALUES("e-43718","43718");
INSERT INTO estudiante VALUES("e-44366","44366");
INSERT INTO estudiante VALUES("e-44702","44702");
INSERT INTO estudiante VALUES("e-44738","44738");
INSERT INTO estudiante VALUES("e-45059","45059");
INSERT INTO estudiante VALUES("e-45159","45159");
INSERT INTO estudiante VALUES("e-45305","45305");
INSERT INTO estudiante VALUES("e-45550","45550");
INSERT INTO estudiante VALUES("e-45807","45807");
INSERT INTO estudiante VALUES("e-46313","46313");
INSERT INTO estudiante VALUES("e-47022","47022");
INSERT INTO estudiante VALUES("e-47103","47103");
INSERT INTO estudiante VALUES("e-47193","47193");
INSERT INTO estudiante VALUES("e-47303","47303");
INSERT INTO estudiante VALUES("e-48538","48538");
INSERT INTO estudiante VALUES("e-48644","48644");
INSERT INTO estudiante VALUES("e-48778","48778");
INSERT INTO estudiante VALUES("e-48782","48782");
INSERT INTO estudiante VALUES("e-49327","49327");
INSERT INTO estudiante VALUES("e-49467","49467");
INSERT INTO estudiante VALUES("e-49506","49506");
INSERT INTO estudiante VALUES("e-49746","49746");
INSERT INTO estudiante VALUES("e-49908","49908");
INSERT INTO estudiante VALUES("e-50315","50315");
INSERT INTO estudiante VALUES("e-50334","50334");
INSERT INTO estudiante VALUES("e-50464","50464");
INSERT INTO estudiante VALUES("e-51130","51130");
INSERT INTO estudiante VALUES("e-51182","51182");
INSERT INTO estudiante VALUES("e-51835","51835");
INSERT INTO estudiante VALUES("e-51942","51942");
INSERT INTO estudiante VALUES("e-52038","52038");
INSERT INTO estudiante VALUES("e-52260","52260");
INSERT INTO estudiante VALUES("e-52673","52673");
INSERT INTO estudiante VALUES("e-52743","52743");
INSERT INTO estudiante VALUES("e-53133","53133");
INSERT INTO estudiante VALUES("e-53322","53322");
INSERT INTO estudiante VALUES("e-53383","53383");
INSERT INTO estudiante VALUES("e-53890","53890");
INSERT INTO estudiante VALUES("e-54221","54221");
INSERT INTO estudiante VALUES("e-54276","54276");
INSERT INTO estudiante VALUES("e-54482","54482");
INSERT INTO estudiante VALUES("e-54539","54539");
INSERT INTO estudiante VALUES("e-54550","54550");
INSERT INTO estudiante VALUES("e-54554","54554");
INSERT INTO estudiante VALUES("e-55595","55595");
INSERT INTO estudiante VALUES("e-55667","55667");
INSERT INTO estudiante VALUES("e-55688","55688");
INSERT INTO estudiante VALUES("e-55872","55872");
INSERT INTO estudiante VALUES("e-56111","56111");
INSERT INTO estudiante VALUES("e-56589","56589");
INSERT INTO estudiante VALUES("e-56614","56614");
INSERT INTO estudiante VALUES("e-56670","56670");
INSERT INTO estudiante VALUES("e-57345","57345");
INSERT INTO estudiante VALUES("e-57391","57391");
INSERT INTO estudiante VALUES("e-57692","57692");
INSERT INTO estudiante VALUES("e-58233","58233");
INSERT INTO estudiante VALUES("e-58279","58279");
INSERT INTO estudiante VALUES("e-58303","58303");
INSERT INTO estudiante VALUES("e-58639","58639");
INSERT INTO estudiante VALUES("e-58669","58669");
INSERT INTO estudiante VALUES("e-58674","58674");
INSERT INTO estudiante VALUES("e-58882","58882");
INSERT INTO estudiante VALUES("e-58929","58929");
INSERT INTO estudiante VALUES("e-59318","59318");
INSERT INTO estudiante VALUES("e-59506","59506");
INSERT INTO estudiante VALUES("e-60621","60621");
INSERT INTO estudiante VALUES("e-60677","60677");
INSERT INTO estudiante VALUES("e-61007","61007");
INSERT INTO estudiante VALUES("e-61587","61587");
INSERT INTO estudiante VALUES("e-62117","62117");
INSERT INTO estudiante VALUES("e-62153","62153");
INSERT INTO estudiante VALUES("e-62403","62403");
INSERT INTO estudiante VALUES("e-62506","62506");
INSERT INTO estudiante VALUES("e-62963","62963");
INSERT INTO estudiante VALUES("e-63316","63316");
INSERT INTO estudiante VALUES("e-63578","63578");
INSERT INTO estudiante VALUES("e-63987","63987");
INSERT INTO estudiante VALUES("e-64905","64905");
INSERT INTO estudiante VALUES("e-64988","64988");
INSERT INTO estudiante VALUES("e-67958","67958");
INSERT INTO estudiante VALUES("e-68018","68018");
INSERT INTO estudiante VALUES("e-68228","68228");
INSERT INTO estudiante VALUES("e-68229","68229");
INSERT INTO estudiante VALUES("e-68347","68347");
INSERT INTO estudiante VALUES("e-68428","68428");
INSERT INTO estudiante VALUES("e-68999","68999");
INSERT INTO estudiante VALUES("e-69364","69364");
INSERT INTO estudiante VALUES("e-69504","69504");
INSERT INTO estudiante VALUES("e-69632","69632");
INSERT INTO estudiante VALUES("e-70199","70199");
INSERT INTO estudiante VALUES("e-70354","70354");
INSERT INTO estudiante VALUES("e-71403","71403");
INSERT INTO estudiante VALUES("e-71654","71654");
INSERT INTO estudiante VALUES("e-71934","71934");
INSERT INTO estudiante VALUES("e-72240","72240");
INSERT INTO estudiante VALUES("e-72416","72416");
INSERT INTO estudiante VALUES("e-72439","72439");
INSERT INTO estudiante VALUES("e-72617","72617");
INSERT INTO estudiante VALUES("e-72984","72984");
INSERT INTO estudiante VALUES("e-73076","73076");
INSERT INTO estudiante VALUES("e-73131","73131");
INSERT INTO estudiante VALUES("e-73377","73377");
INSERT INTO estudiante VALUES("e-73409","73409");
INSERT INTO estudiante VALUES("e-73592","73592");
INSERT INTO estudiante VALUES("e-73677","73677");
INSERT INTO estudiante VALUES("e-74060","74060");
INSERT INTO estudiante VALUES("e-74528","74528");
INSERT INTO estudiante VALUES("e-74599","74599");
INSERT INTO estudiante VALUES("e-74749","74749");
INSERT INTO estudiante VALUES("e-75011","75011");
INSERT INTO estudiante VALUES("e-75067","75067");
INSERT INTO estudiante VALUES("e-75302","75302");
INSERT INTO estudiante VALUES("e-75304","75304");
INSERT INTO estudiante VALUES("e-75652","75652");
INSERT INTO estudiante VALUES("e-76155","76155");
INSERT INTO estudiante VALUES("e-76947","76947");
INSERT INTO estudiante VALUES("e-77260","77260");
INSERT INTO estudiante VALUES("e-77432","77432");
INSERT INTO estudiante VALUES("e-77527","77527");
INSERT INTO estudiante VALUES("e-77765","77765");
INSERT INTO estudiante VALUES("e-77809","77809");
INSERT INTO estudiante VALUES("e-77922","77922");
INSERT INTO estudiante VALUES("e-78117","78117");
INSERT INTO estudiante VALUES("e-78438","78438");
INSERT INTO estudiante VALUES("e-79153","79153");
INSERT INTO estudiante VALUES("e-79346","79346");
INSERT INTO estudiante VALUES("e-79460","79460");
INSERT INTO estudiante VALUES("e-79591","79591");
INSERT INTO estudiante VALUES("e-79810","79810");
INSERT INTO estudiante VALUES("e-79969","79969");
INSERT INTO estudiante VALUES("e-80009","80009");
INSERT INTO estudiante VALUES("e-80228","80228");
INSERT INTO estudiante VALUES("e-80292","80292");
INSERT INTO estudiante VALUES("e-80299","80299");
INSERT INTO estudiante VALUES("e-80325","80325");
INSERT INTO estudiante VALUES("e-80516","80516");
INSERT INTO estudiante VALUES("e-80536","80536");
INSERT INTO estudiante VALUES("e-80711","80711");
INSERT INTO estudiante VALUES("e-80853","80853");
INSERT INTO estudiante VALUES("e-81233","81233");
INSERT INTO estudiante VALUES("e-81438","81438");
INSERT INTO estudiante VALUES("e-81658","81658");
INSERT INTO estudiante VALUES("e-81694","81694");
INSERT INTO estudiante VALUES("e-82031","82031");
INSERT INTO estudiante VALUES("e-82134","82134");
INSERT INTO estudiante VALUES("e-82420","82420");
INSERT INTO estudiante VALUES("e-82940","82940");
INSERT INTO estudiante VALUES("e-83350","83350");
INSERT INTO estudiante VALUES("e-83472","83472");
INSERT INTO estudiante VALUES("e-83593","83593");
INSERT INTO estudiante VALUES("e-83922","83922");
INSERT INTO estudiante VALUES("e-84054","84054");
INSERT INTO estudiante VALUES("e-84611","84611");
INSERT INTO estudiante VALUES("e-84669","84669");
INSERT INTO estudiante VALUES("e-84692","84692");
INSERT INTO estudiante VALUES("e-85460","85460");
INSERT INTO estudiante VALUES("e-85473","85473");
INSERT INTO estudiante VALUES("e-85497","85497");
INSERT INTO estudiante VALUES("e-85747","85747");
INSERT INTO estudiante VALUES("e-86117","86117");
INSERT INTO estudiante VALUES("e-86385","86385");
INSERT INTO estudiante VALUES("e-86463","86463");
INSERT INTO estudiante VALUES("e-86489","86489");
INSERT INTO estudiante VALUES("e-87306","87306");
INSERT INTO estudiante VALUES("e-87437","87437");
INSERT INTO estudiante VALUES("e-87563","87563");
INSERT INTO estudiante VALUES("e-87569","87569");
INSERT INTO estudiante VALUES("e-87644","87644");
INSERT INTO estudiante VALUES("e-87722","87722");
INSERT INTO estudiante VALUES("e-87958","87958");
INSERT INTO estudiante VALUES("e-88211","88211");
INSERT INTO estudiante VALUES("e-88439","88439");
INSERT INTO estudiante VALUES("e-89226","89226");
INSERT INTO estudiante VALUES("e-89303","89303");
INSERT INTO estudiante VALUES("e-89421","89421");
INSERT INTO estudiante VALUES("e-89496","89496");
INSERT INTO estudiante VALUES("e-89609","89609");
INSERT INTO estudiante VALUES("e-89755","89755");




TRUNCATE TABLE fase;
INSERT INTO fase VALUES("TR1_1","TR1","Fase 1","TR1_2");
INSERT INTO fase VALUES("TR1_2","TR1","Fase 2","");
INSERT INTO fase VALUES("TR2_1","TR2","Fase 1","TR2_2");
INSERT INTO fase VALUES("TR2_2","TR2","Fase 2","");
INSERT INTO fase VALUES("TR3_1","TR3","Fase 1","TR3_2");
INSERT INTO fase VALUES("TR3_2","TR3","Fase 2","");
INSERT INTO fase VALUES("TR4_1","TR4","Fase 1","TR4_2");
INSERT INTO fase VALUES("TR4_2","TR4","Fase 2","");



TRUNCATE TABLE indicadores;
INSERT INTO indicadores VALUES("1","1","indicador","1");
INSERT INTO indicadores VALUES("2","1","indicador","1");
INSERT INTO indicadores VALUES("3","2","indicador grupal","1");
INSERT INTO indicadores VALUES("4","2","indicador grupal","1");
INSERT INTO indicadores VALUES("5","3","indicador avance","1");
INSERT INTO indicadores VALUES("6","3","indicador avance","1");
INSERT INTO indicadores VALUES("7","4","indicador Tecnica Individual","1");
INSERT INTO indicadores VALUES("8","4","indicador Tecnica Individual","1");
INSERT INTO indicadores VALUES("9","5","indicador Tecnica Individual","1");
INSERT INTO indicadores VALUES("10","5","indicador Tecnica Individual","1");
INSERT INTO indicadores VALUES("11","6","indicador Docente de Proyecto","1");
INSERT INTO indicadores VALUES("12","6","indicador Docente de Proyecto","1");
INSERT INTO indicadores VALUES("13","7","Interfaz de menú amigable al usuario","2");
INSERT INTO indicadores VALUES("14","7","Interfaz de inserción o captura de datos","1");
INSERT INTO indicadores VALUES("15","7","Interfaz de confirmación de eliminación de datos","1");
INSERT INTO indicadores VALUES("16","7","Demuestra conocimiento en la programación modular del Sistema","1");
INSERT INTO indicadores VALUES("17","7","Modulo de reportes básicos","1");
INSERT INTO indicadores VALUES("18","7","Utiliza modelo vista-controlador","2");
INSERT INTO indicadores VALUES("19","7","Codifica basado en el Diseño","1");
INSERT INTO indicadores VALUES("20","7","Justifica la Metodología","1");
INSERT INTO indicadores VALUES("21","8","Capitulo 1","2");
INSERT INTO indicadores VALUES("22","8","Capitulo 2","2");
INSERT INTO indicadores VALUES("23","9","Manejo de conflictos","1");
INSERT INTO indicadores VALUES("24","9","Responsabilidad","2");
INSERT INTO indicadores VALUES("25","9","Hábitos de trabajo","2");
INSERT INTO indicadores VALUES("26","10","Modelo Entidad Relacion","1");
INSERT INTO indicadores VALUES("27","10","Modelo Logico Relacional","1");
INSERT INTO indicadores VALUES("28","10","Modelo Fisico","1");
INSERT INTO indicadores VALUES("29","10","Utiliza postgres para el diseño fisico de la base de datos","1");
INSERT INTO indicadores VALUES("30","10","Diccionario de datos","1");
INSERT INTO indicadores VALUES("31","11","Titulo del proyecto","0.5");
INSERT INTO indicadores VALUES("32","11","La descripcion del diagnostico situacional","0.75");
INSERT INTO indicadores VALUES("33","11","Aplica e interpreta instrumentos para el levantamiento de la niformación y captura de requisitos","0.5");
INSERT INTO indicadores VALUES("34","11","Presenta una propuesta de solución coherente","0.5");
INSERT INTO indicadores VALUES("35","11","Objetivo general se relaciona con la propuesta de solución","0.5");
INSERT INTO indicadores VALUES("36","11","Objetivos especificos: reflejan el alcance del proyecto y se relacionan con la propuesta de solución del objetivo general","0.5");
INSERT INTO indicadores VALUES("37","11","Justifica las razones para el uso de la propuesta de solución","0.5");
INSERT INTO indicadores VALUES("38","11","El proyecto describe los procesos llevados a cabo dentro de la comunidad","0.75");
INSERT INTO indicadores VALUES("39","11","Aborda teorías y conocimientos cónsonos al trayecto respectivo y su acreditación","1");
INSERT INTO indicadores VALUES("40","11","Se aborda el marco legal","0.5");
INSERT INTO indicadores VALUES("41","11","Realiza planificación de actividades del proyecto","0.5");
INSERT INTO indicadores VALUES("42","11","Entrega a tiempo de artefactos correspondientes al diseño del sistema","0.5");
INSERT INTO indicadores VALUES("43","11","Sistematiza Capitulo 1 y 2 del proyecto","0.5");
INSERT INTO indicadores VALUES("44","11","Aplica normas para representar cuadros y figuras","0.5");
INSERT INTO indicadores VALUES("45","11","Redacción, analisis y ortografia","0.5");
INSERT INTO indicadores VALUES("46","11","Los participantes se integraron como equipo de trabajo para la resolución de conflictos","0.5");
INSERT INTO indicadores VALUES("47","11","Los participantes aplicaron instrumentos de recolección de información","0.5");
INSERT INTO indicadores VALUES("48","11","Los participantes cumplieron con las tareas y actividades programadas","0.5");
INSERT INTO indicadores VALUES("49","12","CRUD del sistema. (Por Modulo)","1");
INSERT INTO indicadores VALUES("50","12","Validación de datos. (Por Modulo)","1");
INSERT INTO indicadores VALUES("51","13","Responsabilidad","1");
INSERT INTO indicadores VALUES("52","13","Integración al grupo","0.5");
INSERT INTO indicadores VALUES("53","13","proactividad","0.5");
INSERT INTO indicadores VALUES("54","14","Instalación del software necesario para la ejecución de la aplicación o componentes","1");
INSERT INTO indicadores VALUES("55","14","Pantallas bien conectadas con la Base de datos","1");
INSERT INTO indicadores VALUES("56","14","Los módulos de modificación de base de datos garantizan la integridad referencial","1");
INSERT INTO indicadores VALUES("57","14","Desarrollo de todos los modulos diseñados en los diagramas de casos de uso","1");
INSERT INTO indicadores VALUES("58","14","Módulos acordes al Diagrama de clases","1");
INSERT INTO indicadores VALUES("59","14","Funcionamiento completo de los módulos de automatización","1");
INSERT INTO indicadores VALUES("60","14","Correctitud en los reportes estadisticos","1");
INSERT INTO indicadores VALUES("61","14","Cumplimiento del estandar de programación entregado","1");
INSERT INTO indicadores VALUES("62","14","Control de errores","1");
INSERT INTO indicadores VALUES("63","14","Gestión de bitácora","1");
INSERT INTO indicadores VALUES("64","14","Manejo de sesiones respecto a concurrencia de usuarios","1");
INSERT INTO indicadores VALUES("65","15","Uso adecuado de los colores en la aplicación","1");
INSERT INTO indicadores VALUES("66","15","Fondos claros y sencillos","1");
INSERT INTO indicadores VALUES("67","15","Uso de iamgenes","1");
INSERT INTO indicadores VALUES("68","15","Distribución de la interfaz","1");
INSERT INTO indicadores VALUES("69","16","Cumple con actividades Asignadas","1");
INSERT INTO indicadores VALUES("70","16","Conoce con exactitud el Sistema","1");
INSERT INTO indicadores VALUES("71","16","Conoce el uso de Bitacora","1");
INSERT INTO indicadores VALUES("72","16","Codifica los requerimientos dados por el docente","1");
INSERT INTO indicadores VALUES("73","16","Desarrollo y programo el módulo asignado","1");
INSERT INTO indicadores VALUES("74","16","Integro el módulo desarrollado","1");
INSERT INTO indicadores VALUES("75","16","Planifica el proceso de Desarrollo del software","1");
INSERT INTO indicadores VALUES("76","16","Identifica los escenarios y casos de prueba en el sistema","1");
INSERT INTO indicadores VALUES("77","16","Detecta errores, fallas, defectos en el sistema","1");
INSERT INTO indicadores VALUES("78","16","Planifica las activdades de capacitación","1");
INSERT INTO indicadores VALUES("79","17","Facilidad de uso","1");
INSERT INTO indicadores VALUES("80","17","Tiempos de respuesta del sistema","1");
INSERT INTO indicadores VALUES("81","17","Interactividad con el usuario","1");
INSERT INTO indicadores VALUES("82","17","Ayuda al Usuario","1");
INSERT INTO indicadores VALUES("83","18","Manual de usuario","2");
INSERT INTO indicadores VALUES("84","18","Manual de Sistema","2");
INSERT INTO indicadores VALUES("85","18","Plan de Pruebas","3");
INSERT INTO indicadores VALUES("86","18","Plan de Instalación","2");
INSERT INTO indicadores VALUES("87","18","Plan de Capacitación","2");
INSERT INTO indicadores VALUES("88","19","Recomendaciones y Evolución Previsible del sistema.","2");
INSERT INTO indicadores VALUES("89","20","Anexos y Referencias","2");



TRUNCATE TABLE inscripcion;
INSERT INTO inscripcion VALUES("1","p-23154875","IN4301","PIACA078303_1","e-15408","0","1");
INSERT INTO inscripcion VALUES("2","p-23154875","IN4301","PIACA078303_1","e-63578","0","1");
INSERT INTO inscripcion VALUES("3","p-23154875","IN4301","PIACA078303_1","e-39263","0","1");
INSERT INTO inscripcion VALUES("4","p-23154875","IN4301","PIACA078303_2","e-15408","0","1");
INSERT INTO inscripcion VALUES("5","p-23154875","IN4301","PIACA078303_2","e-63578","0","1");
INSERT INTO inscripcion VALUES("6","p-23154875","IN4301","PIACA078303_2","e-39263","0","1");
INSERT INTO inscripcion VALUES("7","p-654854354","IN4301","PIABD078303_1","e-15408","0","1");
INSERT INTO inscripcion VALUES("8","p-654854354","IN4301","PIABD078303_1","e-63578","0","1");
INSERT INTO inscripcion VALUES("9","p-654854354","IN4301","PIABD078303_1","e-39263","0","1");
INSERT INTO inscripcion VALUES("10","p-234565423","IN4301","PIGPI078303_1","e-15408","0","1");
INSERT INTO inscripcion VALUES("11","p-234565423","IN4301","PIGPI078303_1","e-63578","0","1");
INSERT INTO inscripcion VALUES("12","p-234565423","IN4301","PIGPI078303_1","e-39263","0","1");
INSERT INTO inscripcion VALUES("13","p-52213548","IN4301","PIIDI078303_1","e-15408","0","1");
INSERT INTO inscripcion VALUES("14","p-52213548","IN4301","PIIDI078303_1","e-63578","0","1");
INSERT INTO inscripcion VALUES("15","p-52213548","IN4301","PIIDI078303_1","e-39263","0","1");
INSERT INTO inscripcion VALUES("16","p-5428468","IN4301","PISEI078303_1","e-15408","0","1");
INSERT INTO inscripcion VALUES("17","p-5428468","IN4301","PISEI078303_1","e-63578","0","1");
INSERT INTO inscripcion VALUES("18","p-5428468","IN4301","PISEI078303_1","e-39263","0","1");



TRUNCATE TABLE integrante_proyecto;
INSERT INTO integrante_proyecto VALUES("1","e-15408","1","1");
INSERT INTO integrante_proyecto VALUES("2","e-63578","1","1");
INSERT INTO integrante_proyecto VALUES("3","e-39263","1","1");



TRUNCATE TABLE malla_curricular;
INSERT INTO malla_curricular VALUES("ASESOR3078303_1","ASESOR3078303","TR3_1","0");
INSERT INTO malla_curricular VALUES("ASESOR3078303_2","ASESOR3078303","TR3_2","0");
INSERT INTO malla_curricular VALUES("ASESOR4078303_1","ASESOR4078303","TR4_1","0");
INSERT INTO malla_curricular VALUES("ASESOR4078303_2","ASESOR4078303","TR4_2","0");
INSERT INTO malla_curricular VALUES("PIABD078303_1","PIABD078303","TR4_1","0");
INSERT INTO malla_curricular VALUES("PIACA078303_1","PIACA078303","TR4_1","0");
INSERT INTO malla_curricular VALUES("PIACA078303_2","PIACA078303","TR4_2","0");
INSERT INTO malla_curricular VALUES("PIAUI078303_2","PIAUI078303","TR4_2","0");
INSERT INTO malla_curricular VALUES("PIELE078303_2","PIELE078303","TR4_2","0");
INSERT INTO malla_curricular VALUES("PIFOC078303_1","PIFOC078303","TR4_1","0");
INSERT INTO malla_curricular VALUES("PIFOC078303_2","PIFOC078303","TR4_2","0");
INSERT INTO malla_curricular VALUES("PIGPI078303_1","PIGPI078303","TR4_1","0");
INSERT INTO malla_curricular VALUES("PIIDI078303_1","PIIDI078303","TR4_1","0");
INSERT INTO malla_curricular VALUES("PIIDI078303_2","PIIDI078303","TR4_2","0");
INSERT INTO malla_curricular VALUES("PIMAT156306_1","PIMAT156306","TR3_1","0");
INSERT INTO malla_curricular VALUES("PIMAT156306_2","PIMAT156306","TR3_2","0");
INSERT INTO malla_curricular VALUES("PIMOB078303_1","PIMOB078303","TR3_1","0");
INSERT INTO malla_curricular VALUES("PINGSO078303_1","PINGSO078303","TR3_1","0");
INSERT INTO malla_curricular VALUES("PINGSO078303_2","PINGSO078303","TR3_2","0");
INSERT INTO malla_curricular VALUES("PIPST078303_1","PIPST078303","TR3_1","0");
INSERT INTO malla_curricular VALUES("PIPST078303_2","PIPST078303","TR3_2","0");
INSERT INTO malla_curricular VALUES("PIPST078304_1","PIPST078304","TR4_1","0");
INSERT INTO malla_curricular VALUES("PIPST078304_2","PIPST078304","TR4_2","0");
INSERT INTO malla_curricular VALUES("PIREA078303_2","PIREA078303","TR4_2","0");
INSERT INTO malla_curricular VALUES("PISEI078303_1","PISEI078303","TR4_1","0");
INSERT INTO malla_curricular VALUES("PISIO078303_1","PISIO078303","TR3_1","0");



TRUNCATE TABLE materias;
INSERT INTO materias VALUES("ASESOR3078303","Tutor Asesor Proyecto III","72","6","3","4","","0");
INSERT INTO materias VALUES("ASESOR4078303","Tutor Asesor Proyecto IV","72","6","3","4","","0");
INSERT INTO materias VALUES("PIABD078303","Administración de bases de datos","72","6","3","4","","1");
INSERT INTO materias VALUES("PIACA078303","Actividades acreditables IV","72","6","3","4","","1");
INSERT INTO materias VALUES("PIAUI078303","Auditoria Informática","72","6","3","4","","1");
INSERT INTO materias VALUES("PIELE078303","Electiva IV","72","6","3","4","","1");
INSERT INTO materias VALUES("PIFOC078303","Formación Crítica IV","72","6","3","4","","1");
INSERT INTO materias VALUES("PIGPI078303","Gestión de proyecto informático","72","6","3","4","","1");
INSERT INTO materias VALUES("PIIDI078303","Idiomas II","72","6","3","4","","1");
INSERT INTO materias VALUES("PIMAT156306","Matemática Aplicada","120","36","6","3","","1");
INSERT INTO materias VALUES("PIMOB078303","Modelado de bases de datos","72","6","3","2","","1");
INSERT INTO materias VALUES("PINGSO078303","Ingenieria de Software","72","6","3","4","","1");
INSERT INTO materias VALUES("PIPST078303","Proyecto Socio Tecnológico","216","18","9","6","","1");
INSERT INTO materias VALUES("PIPST078304","Proyecto Socio Tecnológico IV","72","6","3","4","","1");
INSERT INTO materias VALUES("PIREA078303","Redes Avanzadas","72","6","3","4","","1");
INSERT INTO materias VALUES("PISEI078303","Seguridad Informática","72","6","3","4","","1");
INSERT INTO materias VALUES("PISIO078303","Sistemas Operativos","72","6","3","4","","1");



TRUNCATE TABLE modulo;
INSERT INTO modulo VALUES("1","Proyecto");



TRUNCATE TABLE notas_integrante_proyecto;



TRUNCATE TABLE periodo;
INSERT INTO periodo VALUES("1","2023-03-01","2024-02-01");



TRUNCATE TABLE permisos;
INSERT INTO permisos VALUES("1","1","1","1","1","1","1");



TRUNCATE TABLE persona;
INSERT INTO persona VALUES("10464","0","Burg","Curness","PO Box 71346","1986621337","0");
INSERT INTO persona VALUES("10878","0","Isaiah","Seaborne","13th Floor","9767125659","0");
INSERT INTO persona VALUES("11277","0","Hewitt","Boseley","PO Box 38229","8918698627","0");
INSERT INTO persona VALUES("11288","0","Jeannine","Castan","Apt 237","6528481168","0");
INSERT INTO persona VALUES("11475","0","Jerrie","Fourmy","Apt 35","7224504497","0");
INSERT INTO persona VALUES("11663","0","Lucila","Canwell","Apt 709","7712401143","0");
INSERT INTO persona VALUES("12451","0","Milka","Ramet","PO Box 70119","5019478723","0");
INSERT INTO persona VALUES("13002","0","Herman","Pourvoieur","20th Floor","5335063986","0");
INSERT INTO persona VALUES("13214","0","Tait","Edyson","20th Floor","1576987846","0");
INSERT INTO persona VALUES("13627","0","Madeleine","Baldetti","17th Floor","6671550725","0");
INSERT INTO persona VALUES("13870","0","Marlena","Elleyne","PO Box 46998","9441765234","0");
INSERT INTO persona VALUES("14078","0","Des","Heed","Room 90","6007555636","0");
INSERT INTO persona VALUES("14496","0","Corrinne","Edson","Apt 611","9816599280","0");
INSERT INTO persona VALUES("14595","0","Dionne","Alfonso","Room 529","5029447898","0");
INSERT INTO persona VALUES("15408","0","Carlos","Ramirez","Urb. La Concordia","6309710917","0");
INSERT INTO persona VALUES("15517","0","Saba","Sholem","PO Box 57499","9816448614","0");
INSERT INTO persona VALUES("16082","0","Jeddy","Andrews","Suite 79","9501297593","0");
INSERT INTO persona VALUES("16269","0","Marice","Pedri","Room 210","4134459762","0");
INSERT INTO persona VALUES("16599","0","Felicio","Isley","Suite 4","7446167762","0");
INSERT INTO persona VALUES("16677","0","Aurie","Cleynman","Apt 1010","2198570999","0");
INSERT INTO persona VALUES("16737","0","Orbadiah","Garlic","Suite 69","8083924642","0");
INSERT INTO persona VALUES("17551","0","Zelig","Helkin","Suite 14","2035268349","0");
INSERT INTO persona VALUES("17666","0","Nolie","Lodwick","9th Floor","7869524650","0");
INSERT INTO persona VALUES("18141","0","Lorain","Knapton","Apt 260","7691912222","0");
INSERT INTO persona VALUES("18367","0","Vivyanne","MacGilmartin","Room 252","9895527453","0");
INSERT INTO persona VALUES("18581","0","Ronalda","Rookeby","16th Floor","5451029943","0");
INSERT INTO persona VALUES("19101","0","Harley","Fourmy","Suite 40","9278084331","0");
INSERT INTO persona VALUES("19528","0","Julie","Kinkead","Suite 37","1331286513","0");
INSERT INTO persona VALUES("19805","0","Dore","Aldie","Apt 1674","9745762617","0");
INSERT INTO persona VALUES("19873","0","Elonore","Dominichelli","PO Box 84939","4428220956","0");
INSERT INTO persona VALUES("19879","0","Othelia","Barthel","Apt 424","1918937329","0");
INSERT INTO persona VALUES("20044","0","Ronny","Basindale","PO Box 33509","3913431591","0");
INSERT INTO persona VALUES("20184","0","Isabelle","Iskower","Room 1186","1024228847","0");
INSERT INTO persona VALUES("20589","0","Lorrin","Durgan","Suite 90","5725952836","0");
INSERT INTO persona VALUES("20746","0","Susan","Fehner","Room 10","8234538049","0");
INSERT INTO persona VALUES("20796","0","Packston","Marlen","15th Floor","5778285183","0");
INSERT INTO persona VALUES("20828","0","Eileen","Temporal","PO Box 42455","9539277299","0");
INSERT INTO persona VALUES("21796","0","Randy","Goskar","Suite 96","9171525853","0");
INSERT INTO persona VALUES("21853","0","Reta","Meins","PO Box 31402","4123085639","0");
INSERT INTO persona VALUES("21933","0","Heindrick","Ingrem","10th Floor","2347514915","0");
INSERT INTO persona VALUES("22078","0","Harriet","Ohlsen","Apt 326","4299278559","0");
INSERT INTO persona VALUES("22377","0","Janaya","Tart","16th Floor","2238677288","0");
INSERT INTO persona VALUES("22847","0","Pat","Sahnow","PO Box 48936","6544215104","0");
INSERT INTO persona VALUES("23393","0","Golda","Rubinfajn","Room 946","2663111280","0");
INSERT INTO persona VALUES("23435","0","Kristen","Croce","Suite 13","6839792657","0");
INSERT INTO persona VALUES("23646","0","Theodoric","Silversmidt","Room 1809","1784221325","0");
INSERT INTO persona VALUES("23764","0","Humfried","Jozef","Suite 40","8389817223","0");
INSERT INTO persona VALUES("23820","0","Tracey","Linthead","Apt 1880","3302327781","0");
INSERT INTO persona VALUES("23888","0","Brynne","Teresi","Room 1248","2752897733","0");
INSERT INTO persona VALUES("23896","0","Delilah","Dominelli","7th Floor","1829289317","0");
INSERT INTO persona VALUES("23907","0","Benny","Philbrook","1st Floor","7072338117","0");
INSERT INTO persona VALUES("24213","0","Karna","Carriage","Suite 82","8777827020","0");
INSERT INTO persona VALUES("24592","0","Sig","Melling","PO Box 23831","6895637337","0");
INSERT INTO persona VALUES("24676","0","Malvina","Kauble","12th Floor","3925255615","0");
INSERT INTO persona VALUES("25557","0","Norrie","Meynell","Suite 44","9394349324","0");
INSERT INTO persona VALUES("25743","0","Devlin","Canavan","Suite 77","4898594624","0");
INSERT INTO persona VALUES("26143","0","Charlot","Manvell","10th Floor","6389622640","0");
INSERT INTO persona VALUES("26201","0","Olenolin","Stanwix","Room 1442","2668588091","0");
INSERT INTO persona VALUES("26315","0","Robenia","Cumes","Room 1183","2044435559","0");
INSERT INTO persona VALUES("26509","0","Friedrich","Sivills","Apt 975","1921746382","0");
INSERT INTO persona VALUES("26712","0","Taryn","Crosetto","PO Box 14845","9493924989","0");
INSERT INTO persona VALUES("26923","0","Kamilah","Winslow","19th Floor","7066444642","0");
INSERT INTO persona VALUES("27032","0","Jessika","Martina","13th Floor","1312246658","0");
INSERT INTO persona VALUES("28782","0","Martelle","Bassilashvili","Room 1795","4381008373","0");
INSERT INTO persona VALUES("28925","0","Lanie","Neilly","3rd Floor","2276908780","0");
INSERT INTO persona VALUES("29439","0","Iris","Cheverell","2nd Floor","5086803816","0");
INSERT INTO persona VALUES("29504","0","Hanan","Flynn","Apt 773","1439336344","0");
INSERT INTO persona VALUES("29547","0","Winnifred","Ambrosoli","Suite 60","7848785859","0");
INSERT INTO persona VALUES("29654","0","Zacherie","Hernik","PO Box 4043","2284105127","0");
INSERT INTO persona VALUES("29942","0","Jeffie","De La Cote","Room 1966","2412436832","0");
INSERT INTO persona VALUES("29958","0","Lewiss","Mitskevich","PO Box 23887","2389976183","0");
INSERT INTO persona VALUES("30367","0","Mollie","Nickolls","Suite 90","4233486186","0");
INSERT INTO persona VALUES("30384","0","Eveline","Kikke","Room 1453","4293541657","0");
INSERT INTO persona VALUES("30603","0","Virginia","Jerratsch","Apt 443","9301934925","0");
INSERT INTO persona VALUES("30946","0","Nap","MacMenemy","PO Box 44151","4719594980","0");
INSERT INTO persona VALUES("31622","0","Rawley","Bauser","17th Floor","5441809991","0");
INSERT INTO persona VALUES("31631","0","Casper","Ackerman","PO Box 67376","9281447962","0");
INSERT INTO persona VALUES("31661","0","Hobard","Volks","Room 414","4582439929","0");
INSERT INTO persona VALUES("32079","0","Skipp","MacEllen","Apt 121","7616833734","0");
INSERT INTO persona VALUES("32117","0","Jeff","Duddin","Room 792","1634563893","0");
INSERT INTO persona VALUES("32296","0","Barnard","Hamlet","Suite 55","7282416331","0");
INSERT INTO persona VALUES("32736","0","Deedee","Phillcox","4th Floor","3173105875","0");
INSERT INTO persona VALUES("33986","0","Aubree","Kennerley","4th Floor","3638448484","0");
INSERT INTO persona VALUES("34330","0","Stormie","Junkison","PO Box 13374","4697983058","0");
INSERT INTO persona VALUES("34539","0","Ham","Ellse","PO Box 3442","1363469412","0");
INSERT INTO persona VALUES("34765","0","Agata","Gebhard","Suite 77","9639835495","0");
INSERT INTO persona VALUES("34791","0","Lennard","Gosnall","Suite 34","6523768451","0");
INSERT INTO persona VALUES("35336","0","Idalia","Carratt","Suite 25","7226149062","0");
INSERT INTO persona VALUES("35658","0","Noble","Jurges","Suite 72","3772675562","0");
INSERT INTO persona VALUES("35756","0","Hollyanne","Kinnoch","Room 21","6197306347","0");
INSERT INTO persona VALUES("35799","0","Nigel","Levesque","Room 1634","6468697250","0");
INSERT INTO persona VALUES("35822","0","Gustav","Rothman","7th Floor","2066186687","0");
INSERT INTO persona VALUES("35839","0","Kassandra","Grassin","Suite 19","1083908556","0");
INSERT INTO persona VALUES("35977","0","Dorise","Prothero","Room 712","9988091473","0");
INSERT INTO persona VALUES("36013","0","Ingra","Beniesh","4th Floor","3983775311","0");
INSERT INTO persona VALUES("36529","0","Dur","Coote","6th Floor","4469575752","0");
INSERT INTO persona VALUES("37106","0","Happy","Courtin","Room 1974","2336023692","0");
INSERT INTO persona VALUES("37175","0","Auberon","Killingworth","Apt 958","9855584687","0");
INSERT INTO persona VALUES("37236","0","Lanie","Kalker","PO Box 12000","5921709020","0");
INSERT INTO persona VALUES("37616","0","Bartholemy","Adami","Apt 448","2171245276","0");
INSERT INTO persona VALUES("37667","0","Ewen","Cansfield","Room 1079","1799284410","0");
INSERT INTO persona VALUES("37847","0","Lilla","Rikel","Room 1669","7772486656","0");
INSERT INTO persona VALUES("38303","0","Heddi","Sorbey","Apt 1689","6465071618","0");
INSERT INTO persona VALUES("38318","0","Judd","Southon","Room 193","9974897481","0");
INSERT INTO persona VALUES("38407","0","Gerrie","Dawidowitz","Room 1485","5254109373","0");
INSERT INTO persona VALUES("39061","0","Olia","Playfair","Apt 1690","3092281771","0");
INSERT INTO persona VALUES("39229","0","Lulu","Aleshintsev","Apt 242","4271682312","0");
INSERT INTO persona VALUES("39263","0","Kevin","Heredia","Suite 3","8337046607","0");
INSERT INTO persona VALUES("39586","0","Kelli","Sloley","Apt 170","3049503178","0");
INSERT INTO persona VALUES("39829","0","D\'arcy","Jacke","PO Box 73071","8494529499","0");
INSERT INTO persona VALUES("40207","0","Joyann","Tustin","Room 27","6794971974","0");
INSERT INTO persona VALUES("40259","0","Karalee","Maynell","Apt 1512","4594782874","0");
INSERT INTO persona VALUES("40385","0","Cornelle","Hassell","Room 1077","2878168381","0");
INSERT INTO persona VALUES("40841","0","Celia","Cardello","Suite 63","4685882225","0");
INSERT INTO persona VALUES("41584","0","Mace","Neillans","Suite 66","2514369092","0");
INSERT INTO persona VALUES("41657","0","Meryl","Handes","Suite 80","8798319701","0");
INSERT INTO persona VALUES("41686","0","Bernardo","Snowding","PO Box 79970","5304883911","0");
INSERT INTO persona VALUES("42116","0","Benjy","Ganniclifft","Suite 55","7202378165","0");
INSERT INTO persona VALUES("42693","0","Veriee","Eskrigg","Apt 924","1446799661","0");
INSERT INTO persona VALUES("42745","0","Pegeen","Bucklan","Room 1678","2484109904","0");
INSERT INTO persona VALUES("43280","0","Lynn","Menchenton","Room 1343","5459450754","0");
INSERT INTO persona VALUES("43718","0","Carolyne","Rubinlicht","20th Floor","1629021428","0");
INSERT INTO persona VALUES("44366","0","Trudey","Blaxeland","4th Floor","9252799623","0");
INSERT INTO persona VALUES("44702","0","Loy","Dulany","Apt 1803","5626192130","0");
INSERT INTO persona VALUES("44738","0","Angelico","Tinston","Suite 37","3746605304","0");
INSERT INTO persona VALUES("45059","0","Zebedee","Manolov","1st Floor","5859909971","0");
INSERT INTO persona VALUES("45159","0","Dorie","Doughty","PO Box 57248","9487118110","0");
INSERT INTO persona VALUES("45305","0","Courtnay","MacGuffog","PO Box 50128","6977298060","0");
INSERT INTO persona VALUES("45550","0","Rosemarie","Belderson","PO Box 12910","2433293206","0");
INSERT INTO persona VALUES("45807","0","Calhoun","Haszard","PO Box 64965","5376303812","0");
INSERT INTO persona VALUES("46313","0","Dolli","Baudts","Room 541","5854050140","0");
INSERT INTO persona VALUES("47022","0","Brandie","Wickersley","PO Box 24842","3144988582","0");
INSERT INTO persona VALUES("47103","0","Chester","Lyffe","11th Floor","8713588055","0");
INSERT INTO persona VALUES("47193","0","Issie","Kaspar","Room 1359","9163196146","0");
INSERT INTO persona VALUES("47303","0","Aurlie","Caslane","PO Box 83046","2558179535","0");
INSERT INTO persona VALUES("48538","0","Ingrid","Neesam","Apt 1711","7132896717","0");
INSERT INTO persona VALUES("48644","0","Read","Hubback","PO Box 90297","1871473951","0");
INSERT INTO persona VALUES("48778","0","Sophie","Gluyus","Room 1563","1802695771","0");
INSERT INTO persona VALUES("48782","0","Penelope","Gifkins","PO Box 10282","7777215677","0");
INSERT INTO persona VALUES("49327","0","Phil","Strute","Suite 82","2369719228","0");
INSERT INTO persona VALUES("49467","0","Aubine","Eddie","PO Box 40197","7089997433","0");
INSERT INTO persona VALUES("49506","0","Natal","Davidov","Room 1507","7793402590","0");
INSERT INTO persona VALUES("49746","0","Malchy","Dollimore","Apt 1915","6978190304","0");
INSERT INTO persona VALUES("49908","0","Jeniffer","Brolechan","PO Box 35480","6128084682","0");
INSERT INTO persona VALUES("50315","0","Rea","Thecham","Room 461","1378201737","0");
INSERT INTO persona VALUES("50334","0","Chicky","Kimbell","Apt 70","6407749735","0");
INSERT INTO persona VALUES("50464","0","Selinda","Batchellor","Suite 77","8907240097","0");
INSERT INTO persona VALUES("51130","0","Louis","Tonepohl","Suite 35","5419941109","0");
INSERT INTO persona VALUES("51182","0","Leigh","Ruppert","Room 83","8045802131","0");
INSERT INTO persona VALUES("51835","0","Kati","Millery","15th Floor","2129601454","0");
INSERT INTO persona VALUES("51942","0","Joeann","Boule","Apt 1329","2419868870","0");
INSERT INTO persona VALUES("52038","0","Yuri","Osmar","Apt 863","3427224290","0");
INSERT INTO persona VALUES("52260","0","Hunfredo","Vaskov","Suite 22","4352382927","0");
INSERT INTO persona VALUES("52673","0","Karola","O\'Bruen","Apt 1865","5721362085","0");
INSERT INTO persona VALUES("52743","0","Magdalene","Giovanetti","PO Box 14720","7412593471","0");
INSERT INTO persona VALUES("53133","0","Thorpe","Burkinshaw","7th Floor","7203909706","0");
INSERT INTO persona VALUES("53322","0","Nickey","Brose","Apt 1319","9045575180","0");
INSERT INTO persona VALUES("53383","0","Nolan","Prince","7th Floor","9651629851","0");
INSERT INTO persona VALUES("53890","0","Sheeree","Gilding","16th Floor","5217095845","0");
INSERT INTO persona VALUES("54221","0","Dewitt","Coventry","Suite 5","9443601444","0");
INSERT INTO persona VALUES("54276","0","Alano","Rains","Suite 56","3955316807","0");
INSERT INTO persona VALUES("54482","0","Ethelbert","Mc Mechan","4th Floor","6525296597","0");
INSERT INTO persona VALUES("54539","0","Rudiger","Hildrew","Apt 74","7078930268","0");
INSERT INTO persona VALUES("54550","0","Benedicta","Rolles","Suite 51","7598721412","0");
INSERT INTO persona VALUES("54554","0","Aleksandr","Dy","Apt 609","2348363610","0");
INSERT INTO persona VALUES("55595","0","Kliment","Gumery","Room 1101","2076766144","0");
INSERT INTO persona VALUES("55667","0","Keen","Merrigan","Room 1846","9378709317","0");
INSERT INTO persona VALUES("55688","0","Madelon","Tuberfield","Apt 1356","3697989197","0");
INSERT INTO persona VALUES("55872","0","Wolfy","Bagshawe","PO Box 57590","2412265547","0");
INSERT INTO persona VALUES("56111","0","Vyky","Zanetello","17th Floor","6029422516","0");
INSERT INTO persona VALUES("56589","0","Lewes","Hemms","Apt 1893","5212135282","0");
INSERT INTO persona VALUES("56614","0","Decca","Edgeley","Suite 63","6499499642","0");
INSERT INTO persona VALUES("56670","0","Sande","Saintpierre","Apt 1363","1123519995","0");
INSERT INTO persona VALUES("57345","0","Junina","Prescott","Room 191","4421683103","0");
INSERT INTO persona VALUES("57391","0","Peirce","Bream","Room 168","8575215209","0");
INSERT INTO persona VALUES("57692","0","Adda","Cammacke","Room 34","3042762435","0");
INSERT INTO persona VALUES("58233","0","Boyce","Hunnicutt","Room 876","5881465997","0");
INSERT INTO persona VALUES("58279","0","Townsend","McDavid","Suite 58","9324828968","0");
INSERT INTO persona VALUES("58303","0","Danya","Kidston","Apt 170","4337461034","0");
INSERT INTO persona VALUES("58639","0","Joshua","Grunwald","PO Box 64934","5048577373","0");
INSERT INTO persona VALUES("58669","0","Thayne","Christoffe","Suite 45","8237916756","0");
INSERT INTO persona VALUES("58674","0","Orlando","Hancorn","14th Floor","1114111000","0");
INSERT INTO persona VALUES("58882","0","Rafaelia","Prozescky","Room 1916","7587550949","0");
INSERT INTO persona VALUES("58929","0","Debora","Geldeford","Apt 1532","5612734104","0");
INSERT INTO persona VALUES("59318","0","Wilburt","McGiff","12th Floor","6384046626","0");
INSERT INTO persona VALUES("59506","0","Levon","Stuttard","8th Floor","7414852821","0");
INSERT INTO persona VALUES("60621","0","Darda","Hawse","PO Box 53964","5321483304","0");
INSERT INTO persona VALUES("60677","0","Elise","Petry","Suite 21","6244131153","0");
INSERT INTO persona VALUES("61007","0","Karlik","Emms","Suite 8","1032090919","0");
INSERT INTO persona VALUES("61587","0","Ivett","Cristofor","7th Floor","1376234675","0");
INSERT INTO persona VALUES("62117","0","Evania","Simper","PO Box 16936","4235777329","0");
INSERT INTO persona VALUES("62153","0","Estele","Fantin","Room 1692","8182714338","0");
INSERT INTO persona VALUES("62403","0","Darren","Marques","Suite 52","6657241755","0");
INSERT INTO persona VALUES("62506","0","Raphaela","Cullinan","Apt 195","7169544160","0");
INSERT INTO persona VALUES("62963","0","Roanna","Bavage","PO Box 1875","5958629767","0");
INSERT INTO persona VALUES("63316","0","Garvin","Franz-Schoninger","Suite 74","6285286359","0");
INSERT INTO persona VALUES("63578","0","Sarai","Perez","4th Floor","5994995192","0");
INSERT INTO persona VALUES("63987","0","Curry","Harnwell","Room 1792","4854091782","0");
INSERT INTO persona VALUES("64905","0","Pearl","Kennewell","Apt 1780","5194271275","0");
INSERT INTO persona VALUES("64988","0","Sasha","Menego","4th Floor","6935537923","0");
INSERT INTO persona VALUES("67958","0","Marcy","Catling","Suite 69","8783997936","0");
INSERT INTO persona VALUES("68018","0","Jdavie","Vigus","Room 634","2106946477","0");
INSERT INTO persona VALUES("68228","0","Gregoor","Gray","Room 208","8924947930","0");
INSERT INTO persona VALUES("68229","0","Kalina","Lawther","PO Box 86968","2426890030","0");
INSERT INTO persona VALUES("68347","0","Shem","Bidder","Suite 3","6371669023","0");
INSERT INTO persona VALUES("68428","0","Boot","Steaning","Suite 8","3848141845","0");
INSERT INTO persona VALUES("68999","0","Findlay","Collingworth","Room 1873","4917882637","0");
INSERT INTO persona VALUES("69364","0","Hadleigh","Bloxham","PO Box 63196","5578328488","0");
INSERT INTO persona VALUES("69504","0","Tawnya","Castard","Apt 258","9337489168","0");
INSERT INTO persona VALUES("69632","0","Georgetta","Keveren","Suite 77","1367116223","0");
INSERT INTO persona VALUES("70199","0","Ariel","Barlie","Suite 37","7208747862","0");
INSERT INTO persona VALUES("70354","0","Nataniel","Puckinghorne","PO Box 91236","8029807414","0");
INSERT INTO persona VALUES("71403","0","Cosimo","Corbally","Suite 12","7355350697","0");
INSERT INTO persona VALUES("71654","0","Gifford","Smidmoor","Suite 74","6352466477","0");
INSERT INTO persona VALUES("71934","0","Ashley","Vickers","Apt 1183","6057517208","0");
INSERT INTO persona VALUES("72240","0","Vale","Mayte","9th Floor","6303532569","0");
INSERT INTO persona VALUES("72416","0","Corena","Barthot","Apt 1940","1714978228","0");
INSERT INTO persona VALUES("72439","0","Stephanus","Rippon","6th Floor","3014677293","0");
INSERT INTO persona VALUES("72617","0","Sela","Lavrick","Suite 64","7076489289","0");
INSERT INTO persona VALUES("72984","0","Clemens","Groucutt","Suite 20","3998623693","0");
INSERT INTO persona VALUES("73076","0","Geri","Youle","Apt 1940","5269988072","0");
INSERT INTO persona VALUES("73131","0","Karlene","McDermott","Apt 1808","8792508026","0");
INSERT INTO persona VALUES("73377","0","Ulick","Bartozzi","Apt 1294","8063427244","0");
INSERT INTO persona VALUES("73409","0","Elijah","Colgan","PO Box 11081","3994175392","0");
INSERT INTO persona VALUES("73592","0","Tony","Fancutt","Suite 55","1117236177","0");
INSERT INTO persona VALUES("73677","0","Emalee","Younghusband","PO Box 68062","7136041601","0");
INSERT INTO persona VALUES("74060","0","Demetra","Lochran","Suite 41","3706349413","0");
INSERT INTO persona VALUES("74528","0","Carrol","Hick","Room 444","4603291406","0");
INSERT INTO persona VALUES("74599","0","Alessandro","Brosius","Apt 903","2072310319","0");
INSERT INTO persona VALUES("74749","0","Ava","Ralestone","2nd Floor","1234852126","0");
INSERT INTO persona VALUES("75011","0","Emmy","Dryburgh","Apt 606","1511178117","0");
INSERT INTO persona VALUES("75067","0","Codie","Laidlow","Apt 560","9049856662","0");
INSERT INTO persona VALUES("75302","0","Perle","Sarvar","Apt 83","9175254897","0");
INSERT INTO persona VALUES("75304","0","Eal","Bault","18th Floor","8352646383","0");
INSERT INTO persona VALUES("75652","0","Bald","Rowlstone","PO Box 48805","9993137416","0");
INSERT INTO persona VALUES("76155","0","Hyacinthia","Masseo","Apt 1239","9362503883","0");
INSERT INTO persona VALUES("76947","0","Parsifal","Valadez","3rd Floor","1553868092","0");
INSERT INTO persona VALUES("77260","0","Trever","Camm","9th Floor","6154243001","0");
INSERT INTO persona VALUES("77432","0","Cal","Smaridge","19th Floor","5292176526","0");
INSERT INTO persona VALUES("77527","0","Lena","Fordy","7th Floor","9694201103","0");
INSERT INTO persona VALUES("77765","0","Earvin","Roblett","PO Box 16438","9196383852","0");
INSERT INTO persona VALUES("77809","0","Arabele","Tamburo","6th Floor","4082530276","0");
INSERT INTO persona VALUES("77922","0","Denna","Forrington","1st Floor","5159439431","0");
INSERT INTO persona VALUES("78117","0","Bernhard","Withnall","2nd Floor","2209331499","0");
INSERT INTO persona VALUES("78438","0","Maisey","Errichiello","Suite 28","9608671279","0");
INSERT INTO persona VALUES("79153","0","Alie","Doumenc","Apt 1094","7206570728","0");
INSERT INTO persona VALUES("79346","0","Adriena","Cunniffe","Suite 42","6388329604","0");
INSERT INTO persona VALUES("79460","0","Gweneth","Gilhouley","Suite 27","2782386580","0");
INSERT INTO persona VALUES("79591","0","Minerva","Kiljan","PO Box 74614","9921689379","0");
INSERT INTO persona VALUES("79810","0","Marthe","Ambrogio","PO Box 23891","9496222326","0");
INSERT INTO persona VALUES("79969","0","Leonie","Vasse","1st Floor","1918440867","0");
INSERT INTO persona VALUES("80009","0","Ainsley","Edginton","19th Floor","1634339037","0");
INSERT INTO persona VALUES("80228","0","Jasmina","MacKerley","PO Box 29831","8309167645","0");
INSERT INTO persona VALUES("80292","0","Sharla","Torri","10th Floor","6648559209","0");
INSERT INTO persona VALUES("80299","0","Dinah","Atteridge","Apt 1202","6507602465","0");
INSERT INTO persona VALUES("80325","0","Antonietta","MacBey","Apt 1383","7934581646","0");
INSERT INTO persona VALUES("80516","0","Terence","McNirlan","Room 958","2689941275","0");
INSERT INTO persona VALUES("80536","0","Ulberto","Axelbey","Suite 1","8212936860","0");
INSERT INTO persona VALUES("80711","0","Frayda","Shopcott","Apt 713","9511156756","0");
INSERT INTO persona VALUES("80853","0","Arley","Kemmish","Room 62","4256951802","0");
INSERT INTO persona VALUES("81233","0","Hurlee","Girardoni","PO Box 69262","2739975417","0");
INSERT INTO persona VALUES("81438","0","Saxe","Bartot","PO Box 1398","3104239329","0");
INSERT INTO persona VALUES("81658","0","Aeriel","Bromidge","Suite 71","4446179632","0");
INSERT INTO persona VALUES("81694","0","Gardy","Meade","Apt 722","2881284625","0");
INSERT INTO persona VALUES("82031","0","Ingaberg","Mousdall","7th Floor","5472580372","0");
INSERT INTO persona VALUES("82134","0","Dennison","Murt","PO Box 82446","7272825244","0");
INSERT INTO persona VALUES("82420","0","Renelle","Olanda","Room 34","2323173517","0");
INSERT INTO persona VALUES("82940","0","Cariotta","Warnock","Room 210","7755987589","0");
INSERT INTO persona VALUES("83350","0","Emmeline","Fernandez","Suite 43","5339847991","0");
INSERT INTO persona VALUES("83472","0","Kat","Stienton","Room 1994","8413738826","0");
INSERT INTO persona VALUES("83593","0","Aile","Leatherborrow","Suite 57","8742332799","0");
INSERT INTO persona VALUES("83922","0","Shurlocke","Goldhill","PO Box 50124","2512409439","0");
INSERT INTO persona VALUES("84054","0","Kalinda","Colhoun","2nd Floor","9878357105","0");
INSERT INTO persona VALUES("84611","0","Monica","Pridden","9th Floor","5348325287","0");
INSERT INTO persona VALUES("84669","0","Vick","Beckwith","Apt 1093","3682297458","0");
INSERT INTO persona VALUES("84692","0","Colas","Vanyukov","19th Floor","1146410243","0");
INSERT INTO persona VALUES("85460","0","Emelita","Jellicorse","PO Box 21702","5368319130","0");
INSERT INTO persona VALUES("85473","0","Hieronymus","Benet","Room 1888","2824767282","0");
INSERT INTO persona VALUES("85497","0","Chery","Hoyle","13th Floor","4864077145","0");
INSERT INTO persona VALUES("85747","0","Tricia","McGinley","Room 1297","4488079280","0");
INSERT INTO persona VALUES("86117","0","Valina","Blanshard","Suite 81","2176189600","0");
INSERT INTO persona VALUES("86385","0","Lawrence","Lofty","Apt 821","4185699169","0");
INSERT INTO persona VALUES("86463","0","Jamie","Meneghi","Apt 1350","1643168980","0");
INSERT INTO persona VALUES("86489","0","Dominique","Woollett","Suite 91","3279687967","0");
INSERT INTO persona VALUES("87306","0","Sabina","Geggus","Room 279","2188799383","0");
INSERT INTO persona VALUES("87437","0","Mellisa","MacAvaddy","Suite 29","5265540206","0");
INSERT INTO persona VALUES("87563","0","Mickie","Husbands","Room 1488","8321980269","0");
INSERT INTO persona VALUES("87569","0","Vivie","Blaase","PO Box 21641","7556321009","0");
INSERT INTO persona VALUES("87644","0","Sheridan","Stabbins","13th Floor","6107558668","0");
INSERT INTO persona VALUES("87722","0","Janean","Bloschke","Suite 40","9094430342","0");
INSERT INTO persona VALUES("87958","0","Heywood","Impleton","15th Floor","5051032810","0");
INSERT INTO persona VALUES("88211","0","Katharina","Buggs","PO Box 84095","2104622560","0");
INSERT INTO persona VALUES("88439","0","Abbye","Kissock","Apt 349","7091696196","0");
INSERT INTO persona VALUES("89226","0","Randal","Gledhall","Suite 88","2586920618","0");
INSERT INTO persona VALUES("89303","0","Leone","Benitez","11th Floor","8985861687","0");
INSERT INTO persona VALUES("89421","0","Dewey","Walford","14th Floor","7647875312","0");
INSERT INTO persona VALUES("89496","0","Christin","Blowing","Room 802","3374539569","0");
INSERT INTO persona VALUES("89609","0","Bobbie","Semaine","19th Floor","7896007919","0");
INSERT INTO persona VALUES("89755","0","Astrix","Nuzzetti","Suite 100","2152034312","0");
INSERT INTO persona VALUES("2658475","14","Marling","","ZoV52kTa1gsiY4C37GxsEUz1PPSEB7l3EWTrsLmPMkdElicxxx/X1iTzEY9v3T3S/b0YgDano3dNQwpdtLgHd4mL8dqEbaogXO5rZ7SdQIdP2mbamjq2lchTzzJiWEaTAs/S60fjoqBTM6dH9R6W5QgjHBXdrybwjnXvZl3doRzlTqJAr7rt/jnRDtiAZbAwxWJ6Q1/8u6p8dEK0ZPmeGYiXRPPMT6D3zG6RzoARHYzPeWAsTIiLCZi/Cn5j1E7cOoY1or9xsNxDL8IlUMCF6ljL0KNrn1wYLJ35kAycUEPm4JZqTcP4Y5F1K5ftCHwbQxwhvQHMoIdaYY05gaZOnyU2uwHKuf1JuGa8805sB3hOIl9IWjuhBh5CtbHFPwVn9oB7neR6qxmtARPozSXaou3GM5bc98OAlKiP48BaQ01ktxu9Wzr20nFDiMn+H3wVqYoTkQZ3eikrN2rrVyV9ixKrp0AkppoJUAXb9qMCqdP+UHAOIIwLAMiVuOx0ki+hZvPJTRx//NnpcHC+PrGEQSDMVBFj7ai+nFIjBnjRKvwRgu0Cw26e7l6Xa2dXrx92W4vZPgGO2bMWQ7KXgSeseOIbprS/iw+XsAEEH5WZMRx0Nai/YG4wCD3x9a7OkJQiIy92AJgarO0FOtvvUXjlIMf/1E8iJn3pecY5E+Y1msM=","WXsjxxCSSjrih+s2QwNSEUPPoE/D+jUqfv0W33mehLZjThcOO34Gpz/FxGACG+ivQOKrbgLnYoIpQm0npRBMtL9ZMpqzAkcXLMErvMXJED8IXXfJG0aBDH6JFKkqZSFCbNofpPI8ieEn+iiJ2QZryH/h4X3SgVlBGROWMlNboh8wX5HzihPoat8u976BT85RfUfzC1KJ+/hEJV7U2AA4z8+qXJwj+fmE2GuiIGsmZ8R1xkcDlZyqzVUPxoagxJSwJtoD9H3/cSYJJSwrd5pe/JQmxxRMdRydD78aEMxh9Y+aZX5XIZb0x9s+VLiR/3kUA3GSJ5gw/c0n5QpMQVkNjZtEfRIJAaRumOBGpL8qJcHQHd0w+MAuig1HzkTJcWVdPY8SPC8OkRoAbV3SKxWg0UQHPHnor7frlshd+3AiPy7IGibue2g2C6zQgecCDEhr0QPnhPV/Ti8/Q9RW6UHJ4JUOoBTHaoDf8OvvA7x74u5CHOGtOUsu2kL1WjgZ36jn7iOwZcxSGTKHGJDtXuckSYWB0ua5uc/HYzabn4dxS4Sxro4dpEg/kicFeeIiUoHBoosgKrIGkUhKY3/x6CnJklJ0+2oc6W/K1H5SKODRceoVLOtNjZXj6IK6hVTyumOW8T7/lanvHM8AnpK7EjRTW9xt/njNs1nVdaThX+KyLkU=","1");
INSERT INTO persona VALUES("3542874","10","Ingrid","","ZoV52kTa1gsiY4C37GxsEUz1PPSEB7l3EWTrsLmPMkdElicxxx/X1iTzEY9v3T3S/b0YgDano3dNQwpdtLgHd4mL8dqEbaogXO5rZ7SdQIdP2mbamjq2lchTzzJiWEaTAs/S60fjoqBTM6dH9R6W5QgjHBXdrybwjnXvZl3doRzlTqJAr7rt/jnRDtiAZbAwxWJ6Q1/8u6p8dEK0ZPmeGYiXRPPMT6D3zG6RzoARHYzPeWAsTIiLCZi/Cn5j1E7cOoY1or9xsNxDL8IlUMCF6ljL0KNrn1wYLJ35kAycUEPm4JZqTcP4Y5F1K5ftCHwbQxwhvQHMoIdaYY05gaZOnyU2uwHKuf1JuGa8805sB3hOIl9IWjuhBh5CtbHFPwVn9oB7neR6qxmtARPozSXaou3GM5bc98OAlKiP48BaQ01ktxu9Wzr20nFDiMn+H3wVqYoTkQZ3eikrN2rrVyV9ixKrp0AkppoJUAXb9qMCqdP+UHAOIIwLAMiVuOx0ki+hZvPJTRx//NnpcHC+PrGEQSDMVBFj7ai+nFIjBnjRKvwRgu0Cw26e7l6Xa2dXrx92W4vZPgGO2bMWQ7KXgSeseOIbprS/iw+XsAEEH5WZMRx0Nai/YG4wCD3x9a7OkJQiIy92AJgarO0FOtvvUXjlIMf/1E8iJn3pecY5E+Y1msM=","WXsjxxCSSjrih+s2QwNSEUPPoE/D+jUqfv0W33mehLZjThcOO34Gpz/FxGACG+ivQOKrbgLnYoIpQm0npRBMtL9ZMpqzAkcXLMErvMXJED8IXXfJG0aBDH6JFKkqZSFCbNofpPI8ieEn+iiJ2QZryH/h4X3SgVlBGROWMlNboh8wX5HzihPoat8u976BT85RfUfzC1KJ+/hEJV7U2AA4z8+qXJwj+fmE2GuiIGsmZ8R1xkcDlZyqzVUPxoagxJSwJtoD9H3/cSYJJSwrd5pe/JQmxxRMdRydD78aEMxh9Y+aZX5XIZb0x9s+VLiR/3kUA3GSJ5gw/c0n5QpMQVkNjZtEfRIJAaRumOBGpL8qJcHQHd0w+MAuig1HzkTJcWVdPY8SPC8OkRoAbV3SKxWg0UQHPHnor7frlshd+3AiPy7IGibue2g2C6zQgecCDEhr0QPnhPV/Ti8/Q9RW6UHJ4JUOoBTHaoDf8OvvA7x74u5CHOGtOUsu2kL1WjgZ36jn7iOwZcxSGTKHGJDtXuckSYWB0ua5uc/HYzabn4dxS4Sxro4dpEg/kicFeeIiUoHBoosgKrIGkUhKY3/x6CnJklJ0+2oc6W/K1H5SKODRceoVLOtNjZXj6IK6hVTyumOW8T7/lanvHM8AnpK7EjRTW9xt/njNs1nVdaThX+KyLkU=","1");
INSERT INTO persona VALUES("5428468","16","Jose","","ZoV52kTa1gsiY4C37GxsEUz1PPSEB7l3EWTrsLmPMkdElicxxx/X1iTzEY9v3T3S/b0YgDano3dNQwpdtLgHd4mL8dqEbaogXO5rZ7SdQIdP2mbamjq2lchTzzJiWEaTAs/S60fjoqBTM6dH9R6W5QgjHBXdrybwjnXvZl3doRzlTqJAr7rt/jnRDtiAZbAwxWJ6Q1/8u6p8dEK0ZPmeGYiXRPPMT6D3zG6RzoARHYzPeWAsTIiLCZi/Cn5j1E7cOoY1or9xsNxDL8IlUMCF6ljL0KNrn1wYLJ35kAycUEPm4JZqTcP4Y5F1K5ftCHwbQxwhvQHMoIdaYY05gaZOnyU2uwHKuf1JuGa8805sB3hOIl9IWjuhBh5CtbHFPwVn9oB7neR6qxmtARPozSXaou3GM5bc98OAlKiP48BaQ01ktxu9Wzr20nFDiMn+H3wVqYoTkQZ3eikrN2rrVyV9ixKrp0AkppoJUAXb9qMCqdP+UHAOIIwLAMiVuOx0ki+hZvPJTRx//NnpcHC+PrGEQSDMVBFj7ai+nFIjBnjRKvwRgu0Cw26e7l6Xa2dXrx92W4vZPgGO2bMWQ7KXgSeseOIbprS/iw+XsAEEH5WZMRx0Nai/YG4wCD3x9a7OkJQiIy92AJgarO0FOtvvUXjlIMf/1E8iJn3pecY5E+Y1msM=","WXsjxxCSSjrih+s2QwNSEUPPoE/D+jUqfv0W33mehLZjThcOO34Gpz/FxGACG+ivQOKrbgLnYoIpQm0npRBMtL9ZMpqzAkcXLMErvMXJED8IXXfJG0aBDH6JFKkqZSFCbNofpPI8ieEn+iiJ2QZryH/h4X3SgVlBGROWMlNboh8wX5HzihPoat8u976BT85RfUfzC1KJ+/hEJV7U2AA4z8+qXJwj+fmE2GuiIGsmZ8R1xkcDlZyqzVUPxoagxJSwJtoD9H3/cSYJJSwrd5pe/JQmxxRMdRydD78aEMxh9Y+aZX5XIZb0x9s+VLiR/3kUA3GSJ5gw/c0n5QpMQVkNjZtEfRIJAaRumOBGpL8qJcHQHd0w+MAuig1HzkTJcWVdPY8SPC8OkRoAbV3SKxWg0UQHPHnor7frlshd+3AiPy7IGibue2g2C6zQgecCDEhr0QPnhPV/Ti8/Q9RW6UHJ4JUOoBTHaoDf8OvvA7x74u5CHOGtOUsu2kL1WjgZ36jn7iOwZcxSGTKHGJDtXuckSYWB0ua5uc/HYzabn4dxS4Sxro4dpEg/kicFeeIiUoHBoosgKrIGkUhKY3/x6CnJklJ0+2oc6W/K1H5SKODRceoVLOtNjZXj6IK6hVTyumOW8T7/lanvHM8AnpK7EjRTW9xt/njNs1nVdaThX+KyLkU=","1");
INSERT INTO persona VALUES("5487531","12","Ruben","","ZoV52kTa1gsiY4C37GxsEUz1PPSEB7l3EWTrsLmPMkdElicxxx/X1iTzEY9v3T3S/b0YgDano3dNQwpdtLgHd4mL8dqEbaogXO5rZ7SdQIdP2mbamjq2lchTzzJiWEaTAs/S60fjoqBTM6dH9R6W5QgjHBXdrybwjnXvZl3doRzlTqJAr7rt/jnRDtiAZbAwxWJ6Q1/8u6p8dEK0ZPmeGYiXRPPMT6D3zG6RzoARHYzPeWAsTIiLCZi/Cn5j1E7cOoY1or9xsNxDL8IlUMCF6ljL0KNrn1wYLJ35kAycUEPm4JZqTcP4Y5F1K5ftCHwbQxwhvQHMoIdaYY05gaZOnyU2uwHKuf1JuGa8805sB3hOIl9IWjuhBh5CtbHFPwVn9oB7neR6qxmtARPozSXaou3GM5bc98OAlKiP48BaQ01ktxu9Wzr20nFDiMn+H3wVqYoTkQZ3eikrN2rrVyV9ixKrp0AkppoJUAXb9qMCqdP+UHAOIIwLAMiVuOx0ki+hZvPJTRx//NnpcHC+PrGEQSDMVBFj7ai+nFIjBnjRKvwRgu0Cw26e7l6Xa2dXrx92W4vZPgGO2bMWQ7KXgSeseOIbprS/iw+XsAEEH5WZMRx0Nai/YG4wCD3x9a7OkJQiIy92AJgarO0FOtvvUXjlIMf/1E8iJn3pecY5E+Y1msM=","WXsjxxCSSjrih+s2QwNSEUPPoE/D+jUqfv0W33mehLZjThcOO34Gpz/FxGACG+ivQOKrbgLnYoIpQm0npRBMtL9ZMpqzAkcXLMErvMXJED8IXXfJG0aBDH6JFKkqZSFCbNofpPI8ieEn+iiJ2QZryH/h4X3SgVlBGROWMlNboh8wX5HzihPoat8u976BT85RfUfzC1KJ+/hEJV7U2AA4z8+qXJwj+fmE2GuiIGsmZ8R1xkcDlZyqzVUPxoagxJSwJtoD9H3/cSYJJSwrd5pe/JQmxxRMdRydD78aEMxh9Y+aZX5XIZb0x9s+VLiR/3kUA3GSJ5gw/c0n5QpMQVkNjZtEfRIJAaRumOBGpL8qJcHQHd0w+MAuig1HzkTJcWVdPY8SPC8OkRoAbV3SKxWg0UQHPHnor7frlshd+3AiPy7IGibue2g2C6zQgecCDEhr0QPnhPV/Ti8/Q9RW6UHJ4JUOoBTHaoDf8OvvA7x74u5CHOGtOUsu2kL1WjgZ36jn7iOwZcxSGTKHGJDtXuckSYWB0ua5uc/HYzabn4dxS4Sxro4dpEg/kicFeeIiUoHBoosgKrIGkUhKY3/x6CnJklJ0+2oc6W/K1H5SKODRceoVLOtNjZXj6IK6hVTyumOW8T7/lanvHM8AnpK7EjRTW9xt/njNs1nVdaThX+KyLkU=","1");
INSERT INTO persona VALUES("23154875","15","Hermes","","ZoV52kTa1gsiY4C37GxsEUz1PPSEB7l3EWTrsLmPMkdElicxxx/X1iTzEY9v3T3S/b0YgDano3dNQwpdtLgHd4mL8dqEbaogXO5rZ7SdQIdP2mbamjq2lchTzzJiWEaTAs/S60fjoqBTM6dH9R6W5QgjHBXdrybwjnXvZl3doRzlTqJAr7rt/jnRDtiAZbAwxWJ6Q1/8u6p8dEK0ZPmeGYiXRPPMT6D3zG6RzoARHYzPeWAsTIiLCZi/Cn5j1E7cOoY1or9xsNxDL8IlUMCF6ljL0KNrn1wYLJ35kAycUEPm4JZqTcP4Y5F1K5ftCHwbQxwhvQHMoIdaYY05gaZOnyU2uwHKuf1JuGa8805sB3hOIl9IWjuhBh5CtbHFPwVn9oB7neR6qxmtARPozSXaou3GM5bc98OAlKiP48BaQ01ktxu9Wzr20nFDiMn+H3wVqYoTkQZ3eikrN2rrVyV9ixKrp0AkppoJUAXb9qMCqdP+UHAOIIwLAMiVuOx0ki+hZvPJTRx//NnpcHC+PrGEQSDMVBFj7ai+nFIjBnjRKvwRgu0Cw26e7l6Xa2dXrx92W4vZPgGO2bMWQ7KXgSeseOIbprS/iw+XsAEEH5WZMRx0Nai/YG4wCD3x9a7OkJQiIy92AJgarO0FOtvvUXjlIMf/1E8iJn3pecY5E+Y1msM=","WXsjxxCSSjrih+s2QwNSEUPPoE/D+jUqfv0W33mehLZjThcOO34Gpz/FxGACG+ivQOKrbgLnYoIpQm0npRBMtL9ZMpqzAkcXLMErvMXJED8IXXfJG0aBDH6JFKkqZSFCbNofpPI8ieEn+iiJ2QZryH/h4X3SgVlBGROWMlNboh8wX5HzihPoat8u976BT85RfUfzC1KJ+/hEJV7U2AA4z8+qXJwj+fmE2GuiIGsmZ8R1xkcDlZyqzVUPxoagxJSwJtoD9H3/cSYJJSwrd5pe/JQmxxRMdRydD78aEMxh9Y+aZX5XIZb0x9s+VLiR/3kUA3GSJ5gw/c0n5QpMQVkNjZtEfRIJAaRumOBGpL8qJcHQHd0w+MAuig1HzkTJcWVdPY8SPC8OkRoAbV3SKxWg0UQHPHnor7frlshd+3AiPy7IGibue2g2C6zQgecCDEhr0QPnhPV/Ti8/Q9RW6UHJ4JUOoBTHaoDf8OvvA7x74u5CHOGtOUsu2kL1WjgZ36jn7iOwZcxSGTKHGJDtXuckSYWB0ua5uc/HYzabn4dxS4Sxro4dpEg/kicFeeIiUoHBoosgKrIGkUhKY3/x6CnJklJ0+2oc6W/K1H5SKODRceoVLOtNjZXj6IK6hVTyumOW8T7/lanvHM8AnpK7EjRTW9xt/njNs1nVdaThX+KyLkU=","1");
INSERT INTO persona VALUES("28566432","1","Admin","admin","Urb. La Concordia","04247777777","1");
INSERT INTO persona VALUES("52213548","17","Pedro","","ZoV52kTa1gsiY4C37GxsEUz1PPSEB7l3EWTrsLmPMkdElicxxx/X1iTzEY9v3T3S/b0YgDano3dNQwpdtLgHd4mL8dqEbaogXO5rZ7SdQIdP2mbamjq2lchTzzJiWEaTAs/S60fjoqBTM6dH9R6W5QgjHBXdrybwjnXvZl3doRzlTqJAr7rt/jnRDtiAZbAwxWJ6Q1/8u6p8dEK0ZPmeGYiXRPPMT6D3zG6RzoARHYzPeWAsTIiLCZi/Cn5j1E7cOoY1or9xsNxDL8IlUMCF6ljL0KNrn1wYLJ35kAycUEPm4JZqTcP4Y5F1K5ftCHwbQxwhvQHMoIdaYY05gaZOnyU2uwHKuf1JuGa8805sB3hOIl9IWjuhBh5CtbHFPwVn9oB7neR6qxmtARPozSXaou3GM5bc98OAlKiP48BaQ01ktxu9Wzr20nFDiMn+H3wVqYoTkQZ3eikrN2rrVyV9ixKrp0AkppoJUAXb9qMCqdP+UHAOIIwLAMiVuOx0ki+hZvPJTRx//NnpcHC+PrGEQSDMVBFj7ai+nFIjBnjRKvwRgu0Cw26e7l6Xa2dXrx92W4vZPgGO2bMWQ7KXgSeseOIbprS/iw+XsAEEH5WZMRx0Nai/YG4wCD3x9a7OkJQiIy92AJgarO0FOtvvUXjlIMf/1E8iJn3pecY5E+Y1msM=","WXsjxxCSSjrih+s2QwNSEUPPoE/D+jUqfv0W33mehLZjThcOO34Gpz/FxGACG+ivQOKrbgLnYoIpQm0npRBMtL9ZMpqzAkcXLMErvMXJED8IXXfJG0aBDH6JFKkqZSFCbNofpPI8ieEn+iiJ2QZryH/h4X3SgVlBGROWMlNboh8wX5HzihPoat8u976BT85RfUfzC1KJ+/hEJV7U2AA4z8+qXJwj+fmE2GuiIGsmZ8R1xkcDlZyqzVUPxoagxJSwJtoD9H3/cSYJJSwrd5pe/JQmxxRMdRydD78aEMxh9Y+aZX5XIZb0x9s+VLiR/3kUA3GSJ5gw/c0n5QpMQVkNjZtEfRIJAaRumOBGpL8qJcHQHd0w+MAuig1HzkTJcWVdPY8SPC8OkRoAbV3SKxWg0UQHPHnor7frlshd+3AiPy7IGibue2g2C6zQgecCDEhr0QPnhPV/Ti8/Q9RW6UHJ4JUOoBTHaoDf8OvvA7x74u5CHOGtOUsu2kL1WjgZ36jn7iOwZcxSGTKHGJDtXuckSYWB0ua5uc/HYzabn4dxS4Sxro4dpEg/kicFeeIiUoHBoosgKrIGkUhKY3/x6CnJklJ0+2oc6W/K1H5SKODRceoVLOtNjZXj6IK6hVTyumOW8T7/lanvHM8AnpK7EjRTW9xt/njNs1nVdaThX+KyLkU=","1");
INSERT INTO persona VALUES("52844735","7","Pura","","ZoV52kTa1gsiY4C37GxsEUz1PPSEB7l3EWTrsLmPMkdElicxxx/X1iTzEY9v3T3S/b0YgDano3dNQwpdtLgHd4mL8dqEbaogXO5rZ7SdQIdP2mbamjq2lchTzzJiWEaTAs/S60fjoqBTM6dH9R6W5QgjHBXdrybwjnXvZl3doRzlTqJAr7rt/jnRDtiAZbAwxWJ6Q1/8u6p8dEK0ZPmeGYiXRPPMT6D3zG6RzoARHYzPeWAsTIiLCZi/Cn5j1E7cOoY1or9xsNxDL8IlUMCF6ljL0KNrn1wYLJ35kAycUEPm4JZqTcP4Y5F1K5ftCHwbQxwhvQHMoIdaYY05gaZOnyU2uwHKuf1JuGa8805sB3hOIl9IWjuhBh5CtbHFPwVn9oB7neR6qxmtARPozSXaou3GM5bc98OAlKiP48BaQ01ktxu9Wzr20nFDiMn+H3wVqYoTkQZ3eikrN2rrVyV9ixKrp0AkppoJUAXb9qMCqdP+UHAOIIwLAMiVuOx0ki+hZvPJTRx//NnpcHC+PrGEQSDMVBFj7ai+nFIjBnjRKvwRgu0Cw26e7l6Xa2dXrx92W4vZPgGO2bMWQ7KXgSeseOIbprS/iw+XsAEEH5WZMRx0Nai/YG4wCD3x9a7OkJQiIy92AJgarO0FOtvvUXjlIMf/1E8iJn3pecY5E+Y1msM=","WXsjxxCSSjrih+s2QwNSEUPPoE/D+jUqfv0W33mehLZjThcOO34Gpz/FxGACG+ivQOKrbgLnYoIpQm0npRBMtL9ZMpqzAkcXLMErvMXJED8IXXfJG0aBDH6JFKkqZSFCbNofpPI8ieEn+iiJ2QZryH/h4X3SgVlBGROWMlNboh8wX5HzihPoat8u976BT85RfUfzC1KJ+/hEJV7U2AA4z8+qXJwj+fmE2GuiIGsmZ8R1xkcDlZyqzVUPxoagxJSwJtoD9H3/cSYJJSwrd5pe/JQmxxRMdRydD78aEMxh9Y+aZX5XIZb0x9s+VLiR/3kUA3GSJ5gw/c0n5QpMQVkNjZtEfRIJAaRumOBGpL8qJcHQHd0w+MAuig1HzkTJcWVdPY8SPC8OkRoAbV3SKxWg0UQHPHnor7frlshd+3AiPy7IGibue2g2C6zQgecCDEhr0QPnhPV/Ti8/Q9RW6UHJ4JUOoBTHaoDf8OvvA7x74u5CHOGtOUsu2kL1WjgZ36jn7iOwZcxSGTKHGJDtXuckSYWB0ua5uc/HYzabn4dxS4Sxro4dpEg/kicFeeIiUoHBoosgKrIGkUhKY3/x6CnJklJ0+2oc6W/K1H5SKODRceoVLOtNjZXj6IK6hVTyumOW8T7/lanvHM8AnpK7EjRTW9xt/njNs1nVdaThX+KyLkU=","1");
INSERT INTO persona VALUES("54875538","11","Lerida","","ZoV52kTa1gsiY4C37GxsEUz1PPSEB7l3EWTrsLmPMkdElicxxx/X1iTzEY9v3T3S/b0YgDano3dNQwpdtLgHd4mL8dqEbaogXO5rZ7SdQIdP2mbamjq2lchTzzJiWEaTAs/S60fjoqBTM6dH9R6W5QgjHBXdrybwjnXvZl3doRzlTqJAr7rt/jnRDtiAZbAwxWJ6Q1/8u6p8dEK0ZPmeGYiXRPPMT6D3zG6RzoARHYzPeWAsTIiLCZi/Cn5j1E7cOoY1or9xsNxDL8IlUMCF6ljL0KNrn1wYLJ35kAycUEPm4JZqTcP4Y5F1K5ftCHwbQxwhvQHMoIdaYY05gaZOnyU2uwHKuf1JuGa8805sB3hOIl9IWjuhBh5CtbHFPwVn9oB7neR6qxmtARPozSXaou3GM5bc98OAlKiP48BaQ01ktxu9Wzr20nFDiMn+H3wVqYoTkQZ3eikrN2rrVyV9ixKrp0AkppoJUAXb9qMCqdP+UHAOIIwLAMiVuOx0ki+hZvPJTRx//NnpcHC+PrGEQSDMVBFj7ai+nFIjBnjRKvwRgu0Cw26e7l6Xa2dXrx92W4vZPgGO2bMWQ7KXgSeseOIbprS/iw+XsAEEH5WZMRx0Nai/YG4wCD3x9a7OkJQiIy92AJgarO0FOtvvUXjlIMf/1E8iJn3pecY5E+Y1msM=","WXsjxxCSSjrih+s2QwNSEUPPoE/D+jUqfv0W33mehLZjThcOO34Gpz/FxGACG+ivQOKrbgLnYoIpQm0npRBMtL9ZMpqzAkcXLMErvMXJED8IXXfJG0aBDH6JFKkqZSFCbNofpPI8ieEn+iiJ2QZryH/h4X3SgVlBGROWMlNboh8wX5HzihPoat8u976BT85RfUfzC1KJ+/hEJV7U2AA4z8+qXJwj+fmE2GuiIGsmZ8R1xkcDlZyqzVUPxoagxJSwJtoD9H3/cSYJJSwrd5pe/JQmxxRMdRydD78aEMxh9Y+aZX5XIZb0x9s+VLiR/3kUA3GSJ5gw/c0n5QpMQVkNjZtEfRIJAaRumOBGpL8qJcHQHd0w+MAuig1HzkTJcWVdPY8SPC8OkRoAbV3SKxWg0UQHPHnor7frlshd+3AiPy7IGibue2g2C6zQgecCDEhr0QPnhPV/Ti8/Q9RW6UHJ4JUOoBTHaoDf8OvvA7x74u5CHOGtOUsu2kL1WjgZ36jn7iOwZcxSGTKHGJDtXuckSYWB0ua5uc/HYzabn4dxS4Sxro4dpEg/kicFeeIiUoHBoosgKrIGkUhKY3/x6CnJklJ0+2oc6W/K1H5SKODRceoVLOtNjZXj6IK6hVTyumOW8T7/lanvHM8AnpK7EjRTW9xt/njNs1nVdaThX+KyLkU=","1");
INSERT INTO persona VALUES("132654318","6","Oswaldo","","ZoV52kTa1gsiY4C37GxsEUz1PPSEB7l3EWTrsLmPMkdElicxxx/X1iTzEY9v3T3S/b0YgDano3dNQwpdtLgHd4mL8dqEbaogXO5rZ7SdQIdP2mbamjq2lchTzzJiWEaTAs/S60fjoqBTM6dH9R6W5QgjHBXdrybwjnXvZl3doRzlTqJAr7rt/jnRDtiAZbAwxWJ6Q1/8u6p8dEK0ZPmeGYiXRPPMT6D3zG6RzoARHYzPeWAsTIiLCZi/Cn5j1E7cOoY1or9xsNxDL8IlUMCF6ljL0KNrn1wYLJ35kAycUEPm4JZqTcP4Y5F1K5ftCHwbQxwhvQHMoIdaYY05gaZOnyU2uwHKuf1JuGa8805sB3hOIl9IWjuhBh5CtbHFPwVn9oB7neR6qxmtARPozSXaou3GM5bc98OAlKiP48BaQ01ktxu9Wzr20nFDiMn+H3wVqYoTkQZ3eikrN2rrVyV9ixKrp0AkppoJUAXb9qMCqdP+UHAOIIwLAMiVuOx0ki+hZvPJTRx//NnpcHC+PrGEQSDMVBFj7ai+nFIjBnjRKvwRgu0Cw26e7l6Xa2dXrx92W4vZPgGO2bMWQ7KXgSeseOIbprS/iw+XsAEEH5WZMRx0Nai/YG4wCD3x9a7OkJQiIy92AJgarO0FOtvvUXjlIMf/1E8iJn3pecY5E+Y1msM=","WXsjxxCSSjrih+s2QwNSEUPPoE/D+jUqfv0W33mehLZjThcOO34Gpz/FxGACG+ivQOKrbgLnYoIpQm0npRBMtL9ZMpqzAkcXLMErvMXJED8IXXfJG0aBDH6JFKkqZSFCbNofpPI8ieEn+iiJ2QZryH/h4X3SgVlBGROWMlNboh8wX5HzihPoat8u976BT85RfUfzC1KJ+/hEJV7U2AA4z8+qXJwj+fmE2GuiIGsmZ8R1xkcDlZyqzVUPxoagxJSwJtoD9H3/cSYJJSwrd5pe/JQmxxRMdRydD78aEMxh9Y+aZX5XIZb0x9s+VLiR/3kUA3GSJ5gw/c0n5QpMQVkNjZtEfRIJAaRumOBGpL8qJcHQHd0w+MAuig1HzkTJcWVdPY8SPC8OkRoAbV3SKxWg0UQHPHnor7frlshd+3AiPy7IGibue2g2C6zQgecCDEhr0QPnhPV/Ti8/Q9RW6UHJ4JUOoBTHaoDf8OvvA7x74u5CHOGtOUsu2kL1WjgZ36jn7iOwZcxSGTKHGJDtXuckSYWB0ua5uc/HYzabn4dxS4Sxro4dpEg/kicFeeIiUoHBoosgKrIGkUhKY3/x6CnJklJ0+2oc6W/K1H5SKODRceoVLOtNjZXj6IK6hVTyumOW8T7/lanvHM8AnpK7EjRTW9xt/njNs1nVdaThX+KyLkU=","1");
INSERT INTO persona VALUES("135482354","2","Sonia","","ZoV52kTa1gsiY4C37GxsEUz1PPSEB7l3EWTrsLmPMkdElicxxx/X1iTzEY9v3T3S/b0YgDano3dNQwpdtLgHd4mL8dqEbaogXO5rZ7SdQIdP2mbamjq2lchTzzJiWEaTAs/S60fjoqBTM6dH9R6W5QgjHBXdrybwjnXvZl3doRzlTqJAr7rt/jnRDtiAZbAwxWJ6Q1/8u6p8dEK0ZPmeGYiXRPPMT6D3zG6RzoARHYzPeWAsTIiLCZi/Cn5j1E7cOoY1or9xsNxDL8IlUMCF6ljL0KNrn1wYLJ35kAycUEPm4JZqTcP4Y5F1K5ftCHwbQxwhvQHMoIdaYY05gaZOnyU2uwHKuf1JuGa8805sB3hOIl9IWjuhBh5CtbHFPwVn9oB7neR6qxmtARPozSXaou3GM5bc98OAlKiP48BaQ01ktxu9Wzr20nFDiMn+H3wVqYoTkQZ3eikrN2rrVyV9ixKrp0AkppoJUAXb9qMCqdP+UHAOIIwLAMiVuOx0ki+hZvPJTRx//NnpcHC+PrGEQSDMVBFj7ai+nFIjBnjRKvwRgu0Cw26e7l6Xa2dXrx92W4vZPgGO2bMWQ7KXgSeseOIbprS/iw+XsAEEH5WZMRx0Nai/YG4wCD3x9a7OkJQiIy92AJgarO0FOtvvUXjlIMf/1E8iJn3pecY5E+Y1msM=","WXsjxxCSSjrih+s2QwNSEUPPoE/D+jUqfv0W33mehLZjThcOO34Gpz/FxGACG+ivQOKrbgLnYoIpQm0npRBMtL9ZMpqzAkcXLMErvMXJED8IXXfJG0aBDH6JFKkqZSFCbNofpPI8ieEn+iiJ2QZryH/h4X3SgVlBGROWMlNboh8wX5HzihPoat8u976BT85RfUfzC1KJ+/hEJV7U2AA4z8+qXJwj+fmE2GuiIGsmZ8R1xkcDlZyqzVUPxoagxJSwJtoD9H3/cSYJJSwrd5pe/JQmxxRMdRydD78aEMxh9Y+aZX5XIZb0x9s+VLiR/3kUA3GSJ5gw/c0n5QpMQVkNjZtEfRIJAaRumOBGpL8qJcHQHd0w+MAuig1HzkTJcWVdPY8SPC8OkRoAbV3SKxWg0UQHPHnor7frlshd+3AiPy7IGibue2g2C6zQgecCDEhr0QPnhPV/Ti8/Q9RW6UHJ4JUOoBTHaoDf8OvvA7x74u5CHOGtOUsu2kL1WjgZ36jn7iOwZcxSGTKHGJDtXuckSYWB0ua5uc/HYzabn4dxS4Sxro4dpEg/kicFeeIiUoHBoosgKrIGkUhKY3/x6CnJklJ0+2oc6W/K1H5SKODRceoVLOtNjZXj6IK6hVTyumOW8T7/lanvHM8AnpK7EjRTW9xt/njNs1nVdaThX+KyLkU=","1");
INSERT INTO persona VALUES("234565423","4","Orlando","","ZoV52kTa1gsiY4C37GxsEUz1PPSEB7l3EWTrsLmPMkdElicxxx/X1iTzEY9v3T3S/b0YgDano3dNQwpdtLgHd4mL8dqEbaogXO5rZ7SdQIdP2mbamjq2lchTzzJiWEaTAs/S60fjoqBTM6dH9R6W5QgjHBXdrybwjnXvZl3doRzlTqJAr7rt/jnRDtiAZbAwxWJ6Q1/8u6p8dEK0ZPmeGYiXRPPMT6D3zG6RzoARHYzPeWAsTIiLCZi/Cn5j1E7cOoY1or9xsNxDL8IlUMCF6ljL0KNrn1wYLJ35kAycUEPm4JZqTcP4Y5F1K5ftCHwbQxwhvQHMoIdaYY05gaZOnyU2uwHKuf1JuGa8805sB3hOIl9IWjuhBh5CtbHFPwVn9oB7neR6qxmtARPozSXaou3GM5bc98OAlKiP48BaQ01ktxu9Wzr20nFDiMn+H3wVqYoTkQZ3eikrN2rrVyV9ixKrp0AkppoJUAXb9qMCqdP+UHAOIIwLAMiVuOx0ki+hZvPJTRx//NnpcHC+PrGEQSDMVBFj7ai+nFIjBnjRKvwRgu0Cw26e7l6Xa2dXrx92W4vZPgGO2bMWQ7KXgSeseOIbprS/iw+XsAEEH5WZMRx0Nai/YG4wCD3x9a7OkJQiIy92AJgarO0FOtvvUXjlIMf/1E8iJn3pecY5E+Y1msM=","WXsjxxCSSjrih+s2QwNSEUPPoE/D+jUqfv0W33mehLZjThcOO34Gpz/FxGACG+ivQOKrbgLnYoIpQm0npRBMtL9ZMpqzAkcXLMErvMXJED8IXXfJG0aBDH6JFKkqZSFCbNofpPI8ieEn+iiJ2QZryH/h4X3SgVlBGROWMlNboh8wX5HzihPoat8u976BT85RfUfzC1KJ+/hEJV7U2AA4z8+qXJwj+fmE2GuiIGsmZ8R1xkcDlZyqzVUPxoagxJSwJtoD9H3/cSYJJSwrd5pe/JQmxxRMdRydD78aEMxh9Y+aZX5XIZb0x9s+VLiR/3kUA3GSJ5gw/c0n5QpMQVkNjZtEfRIJAaRumOBGpL8qJcHQHd0w+MAuig1HzkTJcWVdPY8SPC8OkRoAbV3SKxWg0UQHPHnor7frlshd+3AiPy7IGibue2g2C6zQgecCDEhr0QPnhPV/Ti8/Q9RW6UHJ4JUOoBTHaoDf8OvvA7x74u5CHOGtOUsu2kL1WjgZ36jn7iOwZcxSGTKHGJDtXuckSYWB0ua5uc/HYzabn4dxS4Sxro4dpEg/kicFeeIiUoHBoosgKrIGkUhKY3/x6CnJklJ0+2oc6W/K1H5SKODRceoVLOtNjZXj6IK6hVTyumOW8T7/lanvHM8AnpK7EjRTW9xt/njNs1nVdaThX+KyLkU=","1");
INSERT INTO persona VALUES("354485234","8","Sonia","","ZoV52kTa1gsiY4C37GxsEUz1PPSEB7l3EWTrsLmPMkdElicxxx/X1iTzEY9v3T3S/b0YgDano3dNQwpdtLgHd4mL8dqEbaogXO5rZ7SdQIdP2mbamjq2lchTzzJiWEaTAs/S60fjoqBTM6dH9R6W5QgjHBXdrybwjnXvZl3doRzlTqJAr7rt/jnRDtiAZbAwxWJ6Q1/8u6p8dEK0ZPmeGYiXRPPMT6D3zG6RzoARHYzPeWAsTIiLCZi/Cn5j1E7cOoY1or9xsNxDL8IlUMCF6ljL0KNrn1wYLJ35kAycUEPm4JZqTcP4Y5F1K5ftCHwbQxwhvQHMoIdaYY05gaZOnyU2uwHKuf1JuGa8805sB3hOIl9IWjuhBh5CtbHFPwVn9oB7neR6qxmtARPozSXaou3GM5bc98OAlKiP48BaQ01ktxu9Wzr20nFDiMn+H3wVqYoTkQZ3eikrN2rrVyV9ixKrp0AkppoJUAXb9qMCqdP+UHAOIIwLAMiVuOx0ki+hZvPJTRx//NnpcHC+PrGEQSDMVBFj7ai+nFIjBnjRKvwRgu0Cw26e7l6Xa2dXrx92W4vZPgGO2bMWQ7KXgSeseOIbprS/iw+XsAEEH5WZMRx0Nai/YG4wCD3x9a7OkJQiIy92AJgarO0FOtvvUXjlIMf/1E8iJn3pecY5E+Y1msM=","WXsjxxCSSjrih+s2QwNSEUPPoE/D+jUqfv0W33mehLZjThcOO34Gpz/FxGACG+ivQOKrbgLnYoIpQm0npRBMtL9ZMpqzAkcXLMErvMXJED8IXXfJG0aBDH6JFKkqZSFCbNofpPI8ieEn+iiJ2QZryH/h4X3SgVlBGROWMlNboh8wX5HzihPoat8u976BT85RfUfzC1KJ+/hEJV7U2AA4z8+qXJwj+fmE2GuiIGsmZ8R1xkcDlZyqzVUPxoagxJSwJtoD9H3/cSYJJSwrd5pe/JQmxxRMdRydD78aEMxh9Y+aZX5XIZb0x9s+VLiR/3kUA3GSJ5gw/c0n5QpMQVkNjZtEfRIJAaRumOBGpL8qJcHQHd0w+MAuig1HzkTJcWVdPY8SPC8OkRoAbV3SKxWg0UQHPHnor7frlshd+3AiPy7IGibue2g2C6zQgecCDEhr0QPnhPV/Ti8/Q9RW6UHJ4JUOoBTHaoDf8OvvA7x74u5CHOGtOUsu2kL1WjgZ36jn7iOwZcxSGTKHGJDtXuckSYWB0ua5uc/HYzabn4dxS4Sxro4dpEg/kicFeeIiUoHBoosgKrIGkUhKY3/x6CnJklJ0+2oc6W/K1H5SKODRceoVLOtNjZXj6IK6hVTyumOW8T7/lanvHM8AnpK7EjRTW9xt/njNs1nVdaThX+KyLkU=","1");
INSERT INTO persona VALUES("354487534","9","Ligia","","ZoV52kTa1gsiY4C37GxsEUz1PPSEB7l3EWTrsLmPMkdElicxxx/X1iTzEY9v3T3S/b0YgDano3dNQwpdtLgHd4mL8dqEbaogXO5rZ7SdQIdP2mbamjq2lchTzzJiWEaTAs/S60fjoqBTM6dH9R6W5QgjHBXdrybwjnXvZl3doRzlTqJAr7rt/jnRDtiAZbAwxWJ6Q1/8u6p8dEK0ZPmeGYiXRPPMT6D3zG6RzoARHYzPeWAsTIiLCZi/Cn5j1E7cOoY1or9xsNxDL8IlUMCF6ljL0KNrn1wYLJ35kAycUEPm4JZqTcP4Y5F1K5ftCHwbQxwhvQHMoIdaYY05gaZOnyU2uwHKuf1JuGa8805sB3hOIl9IWjuhBh5CtbHFPwVn9oB7neR6qxmtARPozSXaou3GM5bc98OAlKiP48BaQ01ktxu9Wzr20nFDiMn+H3wVqYoTkQZ3eikrN2rrVyV9ixKrp0AkppoJUAXb9qMCqdP+UHAOIIwLAMiVuOx0ki+hZvPJTRx//NnpcHC+PrGEQSDMVBFj7ai+nFIjBnjRKvwRgu0Cw26e7l6Xa2dXrx92W4vZPgGO2bMWQ7KXgSeseOIbprS/iw+XsAEEH5WZMRx0Nai/YG4wCD3x9a7OkJQiIy92AJgarO0FOtvvUXjlIMf/1E8iJn3pecY5E+Y1msM=","WXsjxxCSSjrih+s2QwNSEUPPoE/D+jUqfv0W33mehLZjThcOO34Gpz/FxGACG+ivQOKrbgLnYoIpQm0npRBMtL9ZMpqzAkcXLMErvMXJED8IXXfJG0aBDH6JFKkqZSFCbNofpPI8ieEn+iiJ2QZryH/h4X3SgVlBGROWMlNboh8wX5HzihPoat8u976BT85RfUfzC1KJ+/hEJV7U2AA4z8+qXJwj+fmE2GuiIGsmZ8R1xkcDlZyqzVUPxoagxJSwJtoD9H3/cSYJJSwrd5pe/JQmxxRMdRydD78aEMxh9Y+aZX5XIZb0x9s+VLiR/3kUA3GSJ5gw/c0n5QpMQVkNjZtEfRIJAaRumOBGpL8qJcHQHd0w+MAuig1HzkTJcWVdPY8SPC8OkRoAbV3SKxWg0UQHPHnor7frlshd+3AiPy7IGibue2g2C6zQgecCDEhr0QPnhPV/Ti8/Q9RW6UHJ4JUOoBTHaoDf8OvvA7x74u5CHOGtOUsu2kL1WjgZ36jn7iOwZcxSGTKHGJDtXuckSYWB0ua5uc/HYzabn4dxS4Sxro4dpEg/kicFeeIiUoHBoosgKrIGkUhKY3/x6CnJklJ0+2oc6W/K1H5SKODRceoVLOtNjZXj6IK6hVTyumOW8T7/lanvHM8AnpK7EjRTW9xt/njNs1nVdaThX+KyLkU=","1");
INSERT INTO persona VALUES("523156847","13","Indira","","ZoV52kTa1gsiY4C37GxsEUz1PPSEB7l3EWTrsLmPMkdElicxxx/X1iTzEY9v3T3S/b0YgDano3dNQwpdtLgHd4mL8dqEbaogXO5rZ7SdQIdP2mbamjq2lchTzzJiWEaTAs/S60fjoqBTM6dH9R6W5QgjHBXdrybwjnXvZl3doRzlTqJAr7rt/jnRDtiAZbAwxWJ6Q1/8u6p8dEK0ZPmeGYiXRPPMT6D3zG6RzoARHYzPeWAsTIiLCZi/Cn5j1E7cOoY1or9xsNxDL8IlUMCF6ljL0KNrn1wYLJ35kAycUEPm4JZqTcP4Y5F1K5ftCHwbQxwhvQHMoIdaYY05gaZOnyU2uwHKuf1JuGa8805sB3hOIl9IWjuhBh5CtbHFPwVn9oB7neR6qxmtARPozSXaou3GM5bc98OAlKiP48BaQ01ktxu9Wzr20nFDiMn+H3wVqYoTkQZ3eikrN2rrVyV9ixKrp0AkppoJUAXb9qMCqdP+UHAOIIwLAMiVuOx0ki+hZvPJTRx//NnpcHC+PrGEQSDMVBFj7ai+nFIjBnjRKvwRgu0Cw26e7l6Xa2dXrx92W4vZPgGO2bMWQ7KXgSeseOIbprS/iw+XsAEEH5WZMRx0Nai/YG4wCD3x9a7OkJQiIy92AJgarO0FOtvvUXjlIMf/1E8iJn3pecY5E+Y1msM=","WXsjxxCSSjrih+s2QwNSEUPPoE/D+jUqfv0W33mehLZjThcOO34Gpz/FxGACG+ivQOKrbgLnYoIpQm0npRBMtL9ZMpqzAkcXLMErvMXJED8IXXfJG0aBDH6JFKkqZSFCbNofpPI8ieEn+iiJ2QZryH/h4X3SgVlBGROWMlNboh8wX5HzihPoat8u976BT85RfUfzC1KJ+/hEJV7U2AA4z8+qXJwj+fmE2GuiIGsmZ8R1xkcDlZyqzVUPxoagxJSwJtoD9H3/cSYJJSwrd5pe/JQmxxRMdRydD78aEMxh9Y+aZX5XIZb0x9s+VLiR/3kUA3GSJ5gw/c0n5QpMQVkNjZtEfRIJAaRumOBGpL8qJcHQHd0w+MAuig1HzkTJcWVdPY8SPC8OkRoAbV3SKxWg0UQHPHnor7frlshd+3AiPy7IGibue2g2C6zQgecCDEhr0QPnhPV/Ti8/Q9RW6UHJ4JUOoBTHaoDf8OvvA7x74u5CHOGtOUsu2kL1WjgZ36jn7iOwZcxSGTKHGJDtXuckSYWB0ua5uc/HYzabn4dxS4Sxro4dpEg/kicFeeIiUoHBoosgKrIGkUhKY3/x6CnJklJ0+2oc6W/K1H5SKODRceoVLOtNjZXj6IK6hVTyumOW8T7/lanvHM8AnpK7EjRTW9xt/njNs1nVdaThX+KyLkU=","1");
INSERT INTO persona VALUES("654854354","3","Ricardo","Tillero","ZoV52kTa1gsiY4C37GxsEUz1PPSEB7l3EWTrsLmPMkdElicxxx/X1iTzEY9v3T3S/b0YgDano3dNQwpdtLgHd4mL8dqEbaogXO5rZ7SdQIdP2mbamjq2lchTzzJiWEaTAs/S60fjoqBTM6dH9R6W5QgjHBXdrybwjnXvZl3doRzlTqJAr7rt/jnRDtiAZbAwxWJ6Q1/8u6p8dEK0ZPmeGYiXRPPMT6D3zG6RzoARHYzPeWAsTIiLCZi/Cn5j1E7cOoY1or9xsNxDL8IlUMCF6ljL0KNrn1wYLJ35kAycUEPm4JZqTcP4Y5F1K5ftCHwbQxwhvQHMoIdaYY05gaZOnyU2uwHKuf1JuGa8805sB3hOIl9IWjuhBh5CtbHFPwVn9oB7neR6qxmtARPozSXaou3GM5bc98OAlKiP48BaQ01ktxu9Wzr20nFDiMn+H3wVqYoTkQZ3eikrN2rrVyV9ixKrp0AkppoJUAXb9qMCqdP+UHAOIIwLAMiVuOx0ki+hZvPJTRx//NnpcHC+PrGEQSDMVBFj7ai+nFIjBnjRKvwRgu0Cw26e7l6Xa2dXrx92W4vZPgGO2bMWQ7KXgSeseOIbprS/iw+XsAEEH5WZMRx0Nai/YG4wCD3x9a7OkJQiIy92AJgarO0FOtvvUXjlIMf/1E8iJn3pecY5E+Y1msM=","WXsjxxCSSjrih+s2QwNSEUPPoE/D+jUqfv0W33mehLZjThcOO34Gpz/FxGACG+ivQOKrbgLnYoIpQm0npRBMtL9ZMpqzAkcXLMErvMXJED8IXXfJG0aBDH6JFKkqZSFCbNofpPI8ieEn+iiJ2QZryH/h4X3SgVlBGROWMlNboh8wX5HzihPoat8u976BT85RfUfzC1KJ+/hEJV7U2AA4z8+qXJwj+fmE2GuiIGsmZ8R1xkcDlZyqzVUPxoagxJSwJtoD9H3/cSYJJSwrd5pe/JQmxxRMdRydD78aEMxh9Y+aZX5XIZb0x9s+VLiR/3kUA3GSJ5gw/c0n5QpMQVkNjZtEfRIJAaRumOBGpL8qJcHQHd0w+MAuig1HzkTJcWVdPY8SPC8OkRoAbV3SKxWg0UQHPHnor7frlshd+3AiPy7IGibue2g2C6zQgecCDEhr0QPnhPV/Ti8/Q9RW6UHJ4JUOoBTHaoDf8OvvA7x74u5CHOGtOUsu2kL1WjgZ36jn7iOwZcxSGTKHGJDtXuckSYWB0ua5uc/HYzabn4dxS4Sxro4dpEg/kicFeeIiUoHBoosgKrIGkUhKY3/x6CnJklJ0+2oc6W/K1H5SKODRceoVLOtNjZXj6IK6hVTyumOW8T7/lanvHM8AnpK7EjRTW9xt/njNs1nVdaThX+KyLkU=","1");
INSERT INTO persona VALUES("2147483647","5","Lisset","","ZoV52kTa1gsiY4C37GxsEUz1PPSEB7l3EWTrsLmPMkdElicxxx/X1iTzEY9v3T3S/b0YgDano3dNQwpdtLgHd4mL8dqEbaogXO5rZ7SdQIdP2mbamjq2lchTzzJiWEaTAs/S60fjoqBTM6dH9R6W5QgjHBXdrybwjnXvZl3doRzlTqJAr7rt/jnRDtiAZbAwxWJ6Q1/8u6p8dEK0ZPmeGYiXRPPMT6D3zG6RzoARHYzPeWAsTIiLCZi/Cn5j1E7cOoY1or9xsNxDL8IlUMCF6ljL0KNrn1wYLJ35kAycUEPm4JZqTcP4Y5F1K5ftCHwbQxwhvQHMoIdaYY05gaZOnyU2uwHKuf1JuGa8805sB3hOIl9IWjuhBh5CtbHFPwVn9oB7neR6qxmtARPozSXaou3GM5bc98OAlKiP48BaQ01ktxu9Wzr20nFDiMn+H3wVqYoTkQZ3eikrN2rrVyV9ixKrp0AkppoJUAXb9qMCqdP+UHAOIIwLAMiVuOx0ki+hZvPJTRx//NnpcHC+PrGEQSDMVBFj7ai+nFIjBnjRKvwRgu0Cw26e7l6Xa2dXrx92W4vZPgGO2bMWQ7KXgSeseOIbprS/iw+XsAEEH5WZMRx0Nai/YG4wCD3x9a7OkJQiIy92AJgarO0FOtvvUXjlIMf/1E8iJn3pecY5E+Y1msM=","WXsjxxCSSjrih+s2QwNSEUPPoE/D+jUqfv0W33mehLZjThcOO34Gpz/FxGACG+ivQOKrbgLnYoIpQm0npRBMtL9ZMpqzAkcXLMErvMXJED8IXXfJG0aBDH6JFKkqZSFCbNofpPI8ieEn+iiJ2QZryH/h4X3SgVlBGROWMlNboh8wX5HzihPoat8u976BT85RfUfzC1KJ+/hEJV7U2AA4z8+qXJwj+fmE2GuiIGsmZ8R1xkcDlZyqzVUPxoagxJSwJtoD9H3/cSYJJSwrd5pe/JQmxxRMdRydD78aEMxh9Y+aZX5XIZb0x9s+VLiR/3kUA3GSJ5gw/c0n5QpMQVkNjZtEfRIJAaRumOBGpL8qJcHQHd0w+MAuig1HzkTJcWVdPY8SPC8OkRoAbV3SKxWg0UQHPHnor7frlshd+3AiPy7IGibue2g2C6zQgecCDEhr0QPnhPV/Ti8/Q9RW6UHJ4JUOoBTHaoDf8OvvA7x74u5CHOGtOUsu2kL1WjgZ36jn7iOwZcxSGTKHGJDtXuckSYWB0ua5uc/HYzabn4dxS4Sxro4dpEg/kicFeeIiUoHBoosgKrIGkUhKY3/x6CnJklJ0+2oc6W/K1H5SKODRceoVLOtNjZXj6IK6hVTyumOW8T7/lanvHM8AnpK7EjRTW9xt/njNs1nVdaThX+KyLkU=","1");



TRUNCATE TABLE profesor;
INSERT INTO profesor VALUES("p-2658475","2658475");
INSERT INTO profesor VALUES("p-3542874","3542874");
INSERT INTO profesor VALUES("p-5428468","5428468");
INSERT INTO profesor VALUES("p-5487531","5487531");
INSERT INTO profesor VALUES("p-23154875","23154875");
INSERT INTO profesor VALUES("p-52213548","52213548");
INSERT INTO profesor VALUES("p-52844735","52844735");
INSERT INTO profesor VALUES("p-54875538","54875538");
INSERT INTO profesor VALUES("p-132654318","132654318");
INSERT INTO profesor VALUES("p-135482354","135482354");
INSERT INTO profesor VALUES("p-234565423","234565423");
INSERT INTO profesor VALUES("p-354485234","354485234");
INSERT INTO profesor VALUES("p-354487534","354487534");
INSERT INTO profesor VALUES("p-523156847","523156847");
INSERT INTO profesor VALUES("p-654854354","654854354");
INSERT INTO profesor VALUES("p-5482315748","2147483647");



TRUNCATE TABLE proyecto;
INSERT INTO proyecto VALUES("1","TR3_1","Gestion de proyectos sociotecnologicos","UPTAEB","","Gestión de proyectos para el PNF en informática","Av. Los Horcones, Av. La Salle, Barquisimeto 3001, Lara","iribarren","Ana Soto","p-135482354","Jose Sequera","41254875","41255478","0");



TRUNCATE TABLE proyecto_historico;



TRUNCATE TABLE roles;
INSERT INTO roles VALUES("1","administrador");
INSERT INTO roles VALUES("2","profesor");
INSERT INTO roles VALUES("3","coordinador");
INSERT INTO roles VALUES("4","estudiante");



TRUNCATE TABLE seccion;
INSERT INTO seccion VALUES("IN1104","TR1","");
INSERT INTO seccion VALUES("IN1114","TR1","");
INSERT INTO seccion VALUES("IN1124","TR1","");
INSERT INTO seccion VALUES("IN1134","TR1","REPITENCIA");
INSERT INTO seccion VALUES("IN1202","TR1","");
INSERT INTO seccion VALUES("IN1203","TR1","");
INSERT INTO seccion VALUES("IN1213","TR1","");
INSERT INTO seccion VALUES("IN2102","TR2","");
INSERT INTO seccion VALUES("IN2103","TR2","");
INSERT INTO seccion VALUES("IN2112","TR2","");
INSERT INTO seccion VALUES("IN2113","TR2","");
INSERT INTO seccion VALUES("IN3102","TR3","");
INSERT INTO seccion VALUES("IN3103","TR3","");
INSERT INTO seccion VALUES("IN3104","TR3","");
INSERT INTO seccion VALUES("IN3301","TR3","");
INSERT INTO seccion VALUES("IN3302","TR3","");
INSERT INTO seccion VALUES("IN4301","TR4","");
INSERT INTO seccion VALUES("IN4302","TR4","");
INSERT INTO seccion VALUES("IN4303","TR4","IUJO");



TRUNCATE TABLE trayecto;
INSERT INTO trayecto VALUES("TR1","1","Trayecto I");
INSERT INTO trayecto VALUES("TR2","1","Trayecto II");
INSERT INTO trayecto VALUES("TR3","1","Trayecto III");
INSERT INTO trayecto VALUES("TR4","1","Trayecto IV");



TRUNCATE TABLE usuario;
INSERT INTO usuario VALUES("1","1","root@gmail.com","$2y$10$rLBxGygGRsLKk.nNNhbs1OD5PeH4ST/.LNG/93b49/lUA2/iaeM72","205842937bb6488339bf8635b787b5d8554fdec2b82ab644f45338fa41fdcf78");
INSERT INTO usuario VALUES("2","2","sonia@gmail.com","$2y$10$rLBxGygGRsLKk.nNNhbs1OD5PeH4ST/.LNG/93b49/lUA2/iaeM72","");
INSERT INTO usuario VALUES("3","2","ricardo@gmail.com","$2y$10$rLBxGygGRsLKk.nNNhbs1OD5PeH4ST/.LNG/93b49/lUA2/iaeM72","");
INSERT INTO usuario VALUES("4","2","orlando@gmail.com","$2y$10$rLBxGygGRsLKk.nNNhbs1OD5PeH4ST/.LNG/93b49/lUA2/iaeM72","");
INSERT INTO usuario VALUES("5","2","lisset@gmail.com","$2y$10$rLBxGygGRsLKk.nNNhbs1OD5PeH4ST/.LNG/93b49/lUA2/iaeM72","");
INSERT INTO usuario VALUES("6","2","oswaldo@gmail.com","$2y$10$rLBxGygGRsLKk.nNNhbs1OD5PeH4ST/.LNG/93b49/lUA2/iaeM72","");
INSERT INTO usuario VALUES("7","2","pura@gmail.com","$2y$10$rLBxGygGRsLKk.nNNhbs1OD5PeH4ST/.LNG/93b49/lUA2/iaeM72","");
INSERT INTO usuario VALUES("8","2","sonia@gmail.com","$2y$10$rLBxGygGRsLKk.nNNhbs1OD5PeH4ST/.LNG/93b49/lUA2/iaeM72","");
INSERT INTO usuario VALUES("9","2","ligia@gmail.com","$2y$10$rLBxGygGRsLKk.nNNhbs1OD5PeH4ST/.LNG/93b49/lUA2/iaeM72","");
INSERT INTO usuario VALUES("10","2","ingrid@gmail.com","$2y$10$rLBxGygGRsLKk.nNNhbs1OD5PeH4ST/.LNG/93b49/lUA2/iaeM72","");
INSERT INTO usuario VALUES("11","2","lerida@gmail.com","$2y$10$rLBxGygGRsLKk.nNNhbs1OD5PeH4ST/.LNG/93b49/lUA2/iaeM72","");
INSERT INTO usuario VALUES("12","2","ruben@gmail.com","$2y$10$rLBxGygGRsLKk.nNNhbs1OD5PeH4ST/.LNG/93b49/lUA2/iaeM72","");
INSERT INTO usuario VALUES("13","2","indira@gmail.com","$2y$10$rLBxGygGRsLKk.nNNhbs1OD5PeH4ST/.LNG/93b49/lUA2/iaeM72","");
INSERT INTO usuario VALUES("14","2","marling@gmail.com","$2y$10$rLBxGygGRsLKk.nNNhbs1OD5PeH4ST/.LNG/93b49/lUA2/iaeM72","");
INSERT INTO usuario VALUES("15","2","hermes@gmail.com","$2y$10$rLBxGygGRsLKk.nNNhbs1OD5PeH4ST/.LNG/93b49/lUA2/iaeM72","");
INSERT INTO usuario VALUES("16","2","josesequera@gmail.com","$2y$10$rLBxGygGRsLKk.nNNhbs1OD5PeH4ST/.LNG/93b49/lUA2/iaeM72","");
INSERT INTO usuario VALUES("17","2","pedro@gmail.com","$2y$10$rLBxGygGRsLKk.nNNhbs1OD5PeH4ST/.LNG/93b49/lUA2/iaeM72","");



SET FOREIGN_KEY_CHECKS=1;
DELETE FROM bitacora WHERE fecha > "2023-10-16 13:06:19";