SET FOREIGN_KEY_CHECKS=0;
SET @usuario_id=1;

SET CHARACTER SET utf8; 
TRUNCATE TABLE bitacora;
INSERT INTO bitacora VALUES("1","1","2023-11-20","Mozilla/5.0 (Windows NT 10.0; Win64; x64; rv:120.0) Gecko/20100101 Firefox/120.0\n\n","16:35:42","","Admin","admin","f947384a5aad9ac2b041ec5d4fcbcca374c3bfc3f561b25a610f67dbf11f4db4");
INSERT INTO bitacora VALUES("2","1","2023-11-21","Mozilla/5.0 (Windows NT 10.0; Win64; x64; rv:120.0) Gecko/20100101 Firefox/120.0\n\n","20:05:20","","Admin","admin","b38a31e7781294bfcf9dba771aa41c98b06e95653e51c7e6fa510769661ef0ee");
INSERT INTO bitacora VALUES("3","1","2023-11-21","Mozilla/5.0 (Windows NT 10.0; Win64; x64; rv:120.0) Gecko/20100101 Firefox/120.0\n\n","09:57:34","","Admin","admin","f6cb1ab74bf09c2088a75aadb59c4256eac4425890d2931c7bffe4c52dbde06a");
INSERT INTO bitacora VALUES("4","1","2023-11-21","Mozilla/5.0 (Windows NT 10.0; Win64; x64; rv:120.0) Gecko/20100101 Firefox/120.0\n\n","09:58:24","","Admin","admin","63fa669da5d37e0da82d13a432b35eb4dedbaba24f0a54d89aa39d1a81f08939");
INSERT INTO bitacora VALUES("5","1","2023-11-22","Mozilla/5.0 (Windows NT 10.0; Win64; x64; rv:121.0) Gecko/20100101 Firefox/121.0\n\n","23:42:40","","Admin","admin","2906972227c1d44c4a090730d4b36fe4218c1829f9edb4ce98a6a52e30305f60");
INSERT INTO bitacora VALUES("6","1","2023-11-22","Mozilla/5.0 (Windows NT 10.0; Win64; x64; rv:121.0) Gecko/20100101 Firefox/121.0\n\n","06:19:45","","Admin","admin","7c2c9073134a1b36e8e473bae5fe3cdb7aa75d2f1f932eea85e201926ba87d72");
INSERT INTO bitacora VALUES("7","1","2023-11-22","Mozilla/5.0 (Windows NT 10.0; Win64; x64; rv:121.0) Gecko/20100101 Firefox/121.0\n\n","07:51:38","","Admin","admin","9150c585e034fa5d752fbf4870b9601fd6fdf8f9a9b8d2eed90275414d8d5423");
INSERT INTO bitacora VALUES("8","1","2023-11-29","Mozilla/5.0 (Windows NT 10.0; Win64; x64) AppleWebKit/537.36 (KHTML, like Gecko) Chrome/119.0.0.0 Safari/","07:36:51","","Admin","admin","e4e5dd243c06fdb9a3a6bc26fad81cef1d7c8070060fdb1c2ae6ffe71862ae2f");
INSERT INTO bitacora VALUES("9","1","2023-11-30","Mozilla/5.0 (Windows NT 10.0; Win64; x64) AppleWebKit/537.36 (KHTML, like Gecko) Chrome/119.0.0.0 Safari/","08:45:44","","Admin","admin","9a55bdc5d3cc6dbe1682e587f195efc35c14bec4b438808bb4b40fed024d3337");
INSERT INTO bitacora VALUES("10","1","2024-03-20","Mozilla/5.0 (Windows NT 10.0; Win64; x64) AppleWebKit/537.36 (KHTML, like Gecko) Chrome/122.0.0.0 Safari/","17:37:02","","Admin","admin","9031d24cf71adef6cf42713065667c87cbf3a988210080ab2478ca60e13bcc4e");
INSERT INTO bitacora VALUES("11","1","2024-03-20","Mozilla/5.0 (Windows NT 10.0; Win64; x64) AppleWebKit/537.36 (KHTML, like Gecko) Chrome/122.0.0.0 Safari/","17:43:04","","Admin","admin","144319ee7d3f1dc7d5ac2352ee9dabdc8e7c86b58f21e18203730b2331d94ea9");
INSERT INTO bitacora VALUES("12","1","2024-03-21","Mozilla/5.0 (Windows NT 10.0; Win64; x64) AppleWebKit/537.36 (KHTML, like Gecko) Chrome/122.0.0.0 Safari/","20:12:30","","Admin","admin","5080d02ca9c91bb4fc08c8ac390d3bd5d513b4426a826789d1587389ebd61f46");
INSERT INTO bitacora VALUES("13","1","2024-03-21","Mozilla/5.0 (Windows NT 10.0; Win64; x64) AppleWebKit/537.36 (KHTML, like Gecko) Chrome/122.0.0.0 Safari/","20:30:39","","Admin","admin","e0f9f225475e9f1bcb526350de52c1dc08ab6d6b82dc0892b7b00aea31f82bdb");
INSERT INTO bitacora VALUES("14","1","2024-03-21","Mozilla/5.0 (Windows NT 10.0; Win64; x64) AppleWebKit/537.36 (KHTML, like Gecko) Chrome/122.0.0.0 Safari/","18:47:59","","Admin","admin","f9bb3dab1129295dfb1d8603c5ab8092939739b1cf3bb04dee27b3fa7e4d7b69");
INSERT INTO bitacora VALUES("15","1","2024-03-21","Mozilla/5.0 (Windows NT 10.0; Win64; x64) AppleWebKit/537.36 (KHTML, like Gecko) Chrome/122.0.0.0 Safari/","18:48:14","","Admin","admin","2e91d4cb082fca5b6a14f4a042ef551fe25f3525f9745a0f39aa5d12f6526b90");



TRUNCATE TABLE bitacora_acciones;
INSERT INTO bitacora_acciones VALUES("1","1","4","2024-03-21 11:26:11","Mozilla/5.0 (Windows NT 10.0; Win64; x64) AppleWebKit/537.36 (KHTML, like Gecko) Chrome/122.0.0.0 Safari/","0");
INSERT INTO bitacora_acciones VALUES("2","1","5","2024-03-21 11:27:37","Mozilla/5.0 (Windows NT 10.0; Win64; x64) AppleWebKit/537.36 (KHTML, like Gecko) Chrome/122.0.0.0 Safari/","1");



TRUNCATE TABLE consejo_comunal;
INSERT INTO consejo_comunal VALUES("1","Consejo Comunal Pueblo Nuevo","Carlos Ramirez","426545456","1");
INSERT INTO consejo_comunal VALUES("2","Consejo Comunal Concordia","Angela","426545456","2");
INSERT INTO consejo_comunal VALUES("3","ccfd","ccfd","4120651025","1");
INSERT INTO consejo_comunal VALUES("4","dfsnmm","dfsnmm","4265021537","2");
INSERT INTO consejo_comunal VALUES("5","fhghf","kevin","4248596630","1");
INSERT INTO consejo_comunal VALUES("6","dfffffffffff","dfffffffffffd","4245203396","1");
INSERT INTO consejo_comunal VALUES("7","KEVIN","KEVIN","4125862140","1");
INSERT INTO consejo_comunal VALUES("8","Bitacora","Bitacora","4145820236","1");
INSERT INTO consejo_comunal VALUES("9","Bitacora","455","4145820236","2");
INSERT INTO consejo_comunal VALUES("10","Bitacora","455","4145820236","1");
INSERT INTO consejo_comunal VALUES("11","Bitacoras","4554","4145820236","1");
INSERT INTO consejo_comunal VALUES("12","Bitacoras","lklj","4145820236","2");
INSERT INTO consejo_comunal VALUES("13","Bitacorars","4554","4145820236","1");
INSERT INTO consejo_comunal VALUES("14","Bitac","lonjiknkin","4145820236","1");






















TRUNCATE TABLE dimension;
INSERT INTO dimension VALUES("1","ASESOR4078303_1","Desempeño Individual","0");
INSERT INTO dimension VALUES("2","ASESOR4078303_1","Desempeño Grupal","1");
INSERT INTO dimension VALUES("3","ASESOR4078303_1","Avance del Producto Final","1");
INSERT INTO dimension VALUES("4","PIGPI078303_1","Evaluación Tecnica Individual","0");
INSERT INTO dimension VALUES("5","PIABD078303_1","Evaluación Tecnica Individual","0");
INSERT INTO dimension VALUES("6","PIPST078304_1","Evaluación Del Docente de Proyecto","1");
INSERT INTO dimension VALUES("7","PISEI078303_1","Evaluación Tecnica Individual","0");
INSERT INTO dimension VALUES("8","ASESOR4078303_2","Desempeño Individual","0");
INSERT INTO dimension VALUES("9","ASESOR4078303_2","Desempeño Grupal","1");
INSERT INTO dimension VALUES("10","ASESOR4078303_2","Evaluacion Tecnica Individual","0");
INSERT INTO dimension VALUES("11","ASESOR4078303_2","Plan de Mantenimiento al sistema","0");
INSERT INTO dimension VALUES("13","PIPST078304_2","Aspectos a Evaluar en el Informe de Proyecto","1");
INSERT INTO dimension VALUES("14","PIAUI078303_2","Tipo de Auditoria","1");
INSERT INTO dimension VALUES("15","PIAUI078303_2","Plan de Mantenimiento","1");
INSERT INTO dimension VALUES("16","ASESOR3078303_1","Sistema","0");
INSERT INTO dimension VALUES("17","ASESOR3078303_1","Informe","1");
INSERT INTO dimension VALUES("18","ASESOR3078303_1","Manejo de Equipo","1");
INSERT INTO dimension VALUES("19","PINGSO078303_1","Modelado del Negocio","1");
INSERT INTO dimension VALUES("20","PINGSO078303_1","Modelado del Sistema","0");
INSERT INTO dimension VALUES("21","PIMOB078303_1","Diseño de la Base de datos","0");
INSERT INTO dimension VALUES("22","PIPST078303_1","Aspectos a evaluar","1");
INSERT INTO dimension VALUES("23","ASESOR3078303_2","Desempeño Individual","0");
INSERT INTO dimension VALUES("24","ASESOR3078303_2","Desempeño grupal","1");
INSERT INTO dimension VALUES("25","ASESOR3078303_2","Avances de programación (Por Modulo)","0");
INSERT INTO dimension VALUES("26","ASESOR3078303_2","Interfaz y estilo","0");
INSERT INTO dimension VALUES("27","PINGSO078303_2","Desempeño Tecnico","0");
INSERT INTO dimension VALUES("28","PINGSO078303_2","Usabilidad","1");
INSERT INTO dimension VALUES("29","PIPST078303_2","Capitulo III","1");
INSERT INTO dimension VALUES("30","PIPST078303_2","Capitulo IV","1");
INSERT INTO dimension VALUES("31","PIPST078303_2","Capitulo V","1");
INSERT INTO dimension VALUES("32","PIBAD090203_1","Diseño de la Base de Datos","1");
INSERT INTO dimension VALUES("33","PIBAD090203_1","Diseño de la Base de Datos","0");
INSERT INTO dimension VALUES("34","PIINS090203_1","Desempeño Grupal","1");
INSERT INTO dimension VALUES("35","PIINS090203_1","Desempeño individual","1");
INSERT INTO dimension VALUES("36","PIPST234209_1","Desempeño Individual","0");
INSERT INTO dimension VALUES("37","PIPST234209_1","Desempeño Grupal","1");
INSERT INTO dimension VALUES("38","PIPRO306212_1","Prototipo","1");
INSERT INTO dimension VALUES("39","PIPRO306212_1","Desempeño Individual","0");
INSERT INTO dimension VALUES("40","ASESOR3078845_1","Desempeño Individual","1");
INSERT INTO dimension VALUES("41","ASESOR3078845_1","Desempeño Individual","1");
INSERT INTO dimension VALUES("42","ASESOR3078554_1","Desempeño Individual","0");
INSERT INTO dimension VALUES("43","ASESOR3078554_1","Evaluación Técnica Grupal","1");
INSERT INTO dimension VALUES("44","PIPST548751_1","Impacto Social","0");
INSERT INTO dimension VALUES("45","PIPST548751_1","Desenvolvimiento de los Ponentes","0");
INSERT INTO dimension VALUES("46","PIPST548751_1","Evaluación Técnica Grupal","1");
INSERT INTO dimension VALUES("47","ARQUIT1254578_1","Evaluación Técnica Individual","0");
INSERT INTO dimension VALUES("48","PIELE548756_1","Desempeño Grupal","1");
INSERT INTO dimension VALUES("49","PIELE548756_1","Desempeño Individual","0");
INSERT INTO dimension VALUES("50","PIELE548756_2","Evaluación Técnica Individual","0");
INSERT INTO dimension VALUES("51","PIPST548751_2","Evaluación Técnica Individual","0");
INSERT INTO dimension VALUES("52","PIPST548751_2","Exposición","1");
INSERT INTO dimension VALUES("53","PIPST548751_2","Desempeño Grupal Informe","1");
INSERT INTO dimension VALUES("54","ARQUIT1254578_1","Evaluación Técnica Individual","0");
INSERT INTO dimension VALUES("55","ASESOR3078554_2","Evaluación Técnica del Plan de Soporte Técnico a Equipos y Usuarios","0");
INSERT INTO dimension VALUES("56","ASESOR3078554_2","Evaluación Técnica Grupal","1");



TRUNCATE TABLE estudiante;
INSERT INTO estudiante VALUES("e-15408","15408");
INSERT INTO estudiante VALUES("e-39263","39263");
INSERT INTO estudiante VALUES("e-63578","63578");
INSERT INTO estudiante VALUES("e-17227723","17227723");
INSERT INTO estudiante VALUES("e-19432505","19432505");
INSERT INTO estudiante VALUES("e-20009949","20009949");
INSERT INTO estudiante VALUES("e-24399094","24399094");
INSERT INTO estudiante VALUES("e-24417327","24417327");
INSERT INTO estudiante VALUES("e-25442380","25442380");
INSERT INTO estudiante VALUES("e-25526317","25526317");
INSERT INTO estudiante VALUES("e-25526435","25526435");
INSERT INTO estudiante VALUES("e-25541868","25541868");
INSERT INTO estudiante VALUES("e-25894780","25894780");
INSERT INTO estudiante VALUES("e-25956573","25956573");
INSERT INTO estudiante VALUES("e-25961485","25961485");
INSERT INTO estudiante VALUES("e-26076982","26076982");
INSERT INTO estudiante VALUES("e-26141422","26141422");
INSERT INTO estudiante VALUES("e-26197135","26197135");
INSERT INTO estudiante VALUES("e-26555637","26555637");
INSERT INTO estudiante VALUES("e-26779660","26779660");
INSERT INTO estudiante VALUES("e-26800302","26800302");
INSERT INTO estudiante VALUES("e-26831466","26831466");
INSERT INTO estudiante VALUES("e-26945388","26945388");
INSERT INTO estudiante VALUES("e-26976737","26976737");
INSERT INTO estudiante VALUES("e-27025337","27025337");
INSERT INTO estudiante VALUES("e-27120700","27120700");
INSERT INTO estudiante VALUES("e-27198786","27198786");
INSERT INTO estudiante VALUES("e-27199177","27199177");
INSERT INTO estudiante VALUES("e-27210776","27210776");
INSERT INTO estudiante VALUES("e-27388616","27388616");
INSERT INTO estudiante VALUES("e-27397112","27397112");
INSERT INTO estudiante VALUES("e-27411195","27411195");
INSERT INTO estudiante VALUES("e-27436179","27436179");
INSERT INTO estudiante VALUES("e-27554490","27554490");
INSERT INTO estudiante VALUES("e-27586482","27586482");
INSERT INTO estudiante VALUES("e-27629456","27629456");
INSERT INTO estudiante VALUES("e-27629581","27629581");
INSERT INTO estudiante VALUES("e-27666555","27666555");
INSERT INTO estudiante VALUES("e-27667928","27667928");
INSERT INTO estudiante VALUES("e-27736558","27736558");
INSERT INTO estudiante VALUES("e-27737198","27737198");
INSERT INTO estudiante VALUES("e-27737458","27737458");
INSERT INTO estudiante VALUES("e-27828169","27828169");
INSERT INTO estudiante VALUES("e-27831369","27831369");
INSERT INTO estudiante VALUES("e-28019244","28019244");
INSERT INTO estudiante VALUES("e-28020203","28020203");
INSERT INTO estudiante VALUES("e-28055655","28055655");
INSERT INTO estudiante VALUES("e-28113106","28113106");
INSERT INTO estudiante VALUES("e-28150004","28150004");
INSERT INTO estudiante VALUES("e-28204985","28204985");
INSERT INTO estudiante VALUES("e-28256789","28256789");
INSERT INTO estudiante VALUES("e-28286982","28286982");
INSERT INTO estudiante VALUES("e-28297900","28297900");
INSERT INTO estudiante VALUES("e-28338690","28338690");
INSERT INTO estudiante VALUES("e-28363656","28363656");
INSERT INTO estudiante VALUES("e-28363772","28363772");
INSERT INTO estudiante VALUES("e-28363903","28363903");
INSERT INTO estudiante VALUES("e-28381831","28381831");
INSERT INTO estudiante VALUES("e-28406215","28406215");
INSERT INTO estudiante VALUES("e-28406618","28406618");
INSERT INTO estudiante VALUES("e-28406661","28406661");
INSERT INTO estudiante VALUES("e-28406924","28406924");
INSERT INTO estudiante VALUES("e-28453954","28453954");
INSERT INTO estudiante VALUES("e-28454122","28454122");
INSERT INTO estudiante VALUES("e-28466973","28466973");
INSERT INTO estudiante VALUES("e-28493197","28493197");
INSERT INTO estudiante VALUES("e-28516209","28516209");
INSERT INTO estudiante VALUES("e-28528588","28528588");
INSERT INTO estudiante VALUES("e-28539728","28539728");
INSERT INTO estudiante VALUES("e-28591973","28591973");
INSERT INTO estudiante VALUES("e-28609972","28609972");
INSERT INTO estudiante VALUES("e-28646706","28646706");
INSERT INTO estudiante VALUES("e-28661484","28661484");
INSERT INTO estudiante VALUES("e-28672771","28672771");
INSERT INTO estudiante VALUES("e-28699599","28699599");
INSERT INTO estudiante VALUES("e-29442380","29442380");
INSERT INTO estudiante VALUES("e-29506241","29506241");
INSERT INTO estudiante VALUES("e-29506862","29506862");
INSERT INTO estudiante VALUES("e-29506932","29506932");
INSERT INTO estudiante VALUES("e-29517871","29517871");
INSERT INTO estudiante VALUES("e-29531465","29531465");
INSERT INTO estudiante VALUES("e-29531677","29531677");
INSERT INTO estudiante VALUES("e-29560584","29560584");
INSERT INTO estudiante VALUES("e-29604245","29604245");
INSERT INTO estudiante VALUES("e-29623228","29623228");
INSERT INTO estudiante VALUES("e-29623277","29623277");
INSERT INTO estudiante VALUES("e-29624646","29624646");
INSERT INTO estudiante VALUES("e-29624981","29624981");
INSERT INTO estudiante VALUES("e-29654148","29654148");
INSERT INTO estudiante VALUES("e-29707067","29707067");
INSERT INTO estudiante VALUES("e-29707117","29707117");
INSERT INTO estudiante VALUES("e-29778208","29778208");
INSERT INTO estudiante VALUES("e-29795114","29795114");
INSERT INTO estudiante VALUES("e-29805941","29805941");
INSERT INTO estudiante VALUES("e-29831184","29831184");
INSERT INTO estudiante VALUES("e-29851122","29851122");
INSERT INTO estudiante VALUES("e-29873164","29873164");
INSERT INTO estudiante VALUES("e-29873456","29873456");
INSERT INTO estudiante VALUES("e-29873538","29873538");
INSERT INTO estudiante VALUES("e-29880397","29880397");
INSERT INTO estudiante VALUES("e-29880973","29880973");
INSERT INTO estudiante VALUES("e-29895827","29895827");
INSERT INTO estudiante VALUES("e-29896041","29896041");
INSERT INTO estudiante VALUES("e-29913125","29913125");
INSERT INTO estudiante VALUES("e-29913199","29913199");
INSERT INTO estudiante VALUES("e-29944858","29944858");
INSERT INTO estudiante VALUES("e-29945099","29945099");
INSERT INTO estudiante VALUES("e-29945119","29945119");
INSERT INTO estudiante VALUES("e-29957469","29957469");
INSERT INTO estudiante VALUES("e-29972530","29972530");
INSERT INTO estudiante VALUES("e-29976008","29976008");
INSERT INTO estudiante VALUES("e-29976514","29976514");
INSERT INTO estudiante VALUES("e-29976685","29976685");
INSERT INTO estudiante VALUES("e-29997704","29997704");
INSERT INTO estudiante VALUES("e-29997994","29997994");
INSERT INTO estudiante VALUES("e-30014771","30014771");
INSERT INTO estudiante VALUES("e-30071615","30071615");
INSERT INTO estudiante VALUES("e-30072062","30072062");
INSERT INTO estudiante VALUES("e-30074007","30074007");
INSERT INTO estudiante VALUES("e-30087582","30087582");
INSERT INTO estudiante VALUES("e-30088197","30088197");
INSERT INTO estudiante VALUES("e-30095928","30095928");
INSERT INTO estudiante VALUES("e-30105192","30105192");
INSERT INTO estudiante VALUES("e-30105575","30105575");
INSERT INTO estudiante VALUES("e-30125965","30125965");
INSERT INTO estudiante VALUES("e-30128473","30128473");
INSERT INTO estudiante VALUES("e-30128602","30128602");
INSERT INTO estudiante VALUES("e-30129964","30129964");
INSERT INTO estudiante VALUES("e-30130281","30130281");
INSERT INTO estudiante VALUES("e-30130317","30130317");
INSERT INTO estudiante VALUES("e-30145565","30145565");
INSERT INTO estudiante VALUES("e-30145618","30145618");
INSERT INTO estudiante VALUES("e-30205068","30205068");
INSERT INTO estudiante VALUES("e-30218425","30218425");
INSERT INTO estudiante VALUES("e-30218482","30218482");
INSERT INTO estudiante VALUES("e-30218708","30218708");
INSERT INTO estudiante VALUES("e-30218990","30218990");
INSERT INTO estudiante VALUES("e-30226558","30226558");
INSERT INTO estudiante VALUES("e-30266398","30266398");
INSERT INTO estudiante VALUES("e-30266400","30266400");
INSERT INTO estudiante VALUES("e-30266577","30266577");
INSERT INTO estudiante VALUES("e-30300960","30300960");
INSERT INTO estudiante VALUES("e-30304373","30304373");
INSERT INTO estudiante VALUES("e-30317355","30317355");
INSERT INTO estudiante VALUES("e-30317478","30317478");
INSERT INTO estudiante VALUES("e-30318222","30318222");
INSERT INTO estudiante VALUES("e-30324703","30324703");
INSERT INTO estudiante VALUES("e-30324954","30324954");
INSERT INTO estudiante VALUES("e-30335417","30335417");
INSERT INTO estudiante VALUES("e-30344763","30344763");
INSERT INTO estudiante VALUES("e-30353397","30353397");
INSERT INTO estudiante VALUES("e-30353577","30353577");
INSERT INTO estudiante VALUES("e-30376386","30376386");
INSERT INTO estudiante VALUES("e-30396029","30396029");
INSERT INTO estudiante VALUES("e-30396184","30396184");
INSERT INTO estudiante VALUES("e-30405566","30405566");
INSERT INTO estudiante VALUES("e-30405571","30405571");
INSERT INTO estudiante VALUES("e-30405793","30405793");
INSERT INTO estudiante VALUES("e-30434563","30434563");
INSERT INTO estudiante VALUES("e-30448190","30448190");
INSERT INTO estudiante VALUES("e-30454597","30454597");
INSERT INTO estudiante VALUES("e-30479630","30479630");
INSERT INTO estudiante VALUES("e-30485795","30485795");
INSERT INTO estudiante VALUES("e-30528058","30528058");
INSERT INTO estudiante VALUES("e-30529335","30529335");
INSERT INTO estudiante VALUES("e-30529448","30529448");
INSERT INTO estudiante VALUES("e-30553759","30553759");
INSERT INTO estudiante VALUES("e-30554053","30554053");
INSERT INTO estudiante VALUES("e-30554088","30554088");
INSERT INTO estudiante VALUES("e-30554145","30554145");
INSERT INTO estudiante VALUES("e-30554404","30554404");
INSERT INTO estudiante VALUES("e-30554657","30554657");
INSERT INTO estudiante VALUES("e-30560144","30560144");
INSERT INTO estudiante VALUES("e-30560426","30560426");
INSERT INTO estudiante VALUES("e-30560560","30560560");
INSERT INTO estudiante VALUES("e-30587563","30587563");
INSERT INTO estudiante VALUES("e-30587785","30587785");
INSERT INTO estudiante VALUES("e-30588476","30588476");
INSERT INTO estudiante VALUES("e-30591237","30591237");
INSERT INTO estudiante VALUES("e-30591468","30591468");
INSERT INTO estudiante VALUES("e-30601403","30601403");
INSERT INTO estudiante VALUES("e-30601663","30601663");
INSERT INTO estudiante VALUES("e-30601666","30601666");
INSERT INTO estudiante VALUES("e-30621800","30621800");
INSERT INTO estudiante VALUES("e-30621851","30621851");
INSERT INTO estudiante VALUES("e-30621894","30621894");
INSERT INTO estudiante VALUES("e-30657597","30657597");
INSERT INTO estudiante VALUES("e-30657852","30657852");
INSERT INTO estudiante VALUES("e-30664122","30664122");
INSERT INTO estudiante VALUES("e-30664596","30664596");
INSERT INTO estudiante VALUES("e-30664778","30664778");
INSERT INTO estudiante VALUES("e-30668285","30668285");
INSERT INTO estudiante VALUES("e-30672886","30672886");
INSERT INTO estudiante VALUES("e-30675539","30675539");
INSERT INTO estudiante VALUES("e-30694379","30694379");
INSERT INTO estudiante VALUES("e-30716220","30716220");
INSERT INTO estudiante VALUES("e-30716405","30716405");
INSERT INTO estudiante VALUES("e-30716541","30716541");
INSERT INTO estudiante VALUES("e-30753799","30753799");
INSERT INTO estudiante VALUES("e-30753955","30753955");
INSERT INTO estudiante VALUES("e-30753995","30753995");
INSERT INTO estudiante VALUES("e-30754113","30754113");
INSERT INTO estudiante VALUES("e-30754260","30754260");
INSERT INTO estudiante VALUES("e-30759776","30759776");
INSERT INTO estudiante VALUES("e-30803098","30803098");
INSERT INTO estudiante VALUES("e-30803623","30803623");
INSERT INTO estudiante VALUES("e-30845389","30845389");
INSERT INTO estudiante VALUES("e-30846149","30846149");
INSERT INTO estudiante VALUES("e-30873409","30873409");
INSERT INTO estudiante VALUES("e-30880746","30880746");
INSERT INTO estudiante VALUES("e-30894865","30894865");
INSERT INTO estudiante VALUES("e-30894974","30894974");
INSERT INTO estudiante VALUES("e-30895294","30895294");
INSERT INTO estudiante VALUES("e-30916580","30916580");
INSERT INTO estudiante VALUES("e-30979558","30979558");
INSERT INTO estudiante VALUES("e-30979684","30979684");
INSERT INTO estudiante VALUES("e-30979806","30979806");
INSERT INTO estudiante VALUES("e-30987377","30987377");
INSERT INTO estudiante VALUES("e-31018207","31018207");
INSERT INTO estudiante VALUES("e-31018229","31018229");
INSERT INTO estudiante VALUES("e-31026149","31026149");
INSERT INTO estudiante VALUES("e-31027477","31027477");
INSERT INTO estudiante VALUES("e-31066439","31066439");
INSERT INTO estudiante VALUES("e-31066519","31066519");
INSERT INTO estudiante VALUES("e-31111539","31111539");
INSERT INTO estudiante VALUES("e-31117996","31117996");
INSERT INTO estudiante VALUES("e-31118074","31118074");
INSERT INTO estudiante VALUES("e-31162171","31162171");
INSERT INTO estudiante VALUES("e-31169313","31169313");
INSERT INTO estudiante VALUES("e-31194917","31194917");
INSERT INTO estudiante VALUES("e-31212573","31212573");
INSERT INTO estudiante VALUES("e-31212599","31212599");
INSERT INTO estudiante VALUES("e-31212740","31212740");
INSERT INTO estudiante VALUES("e-31233952","31233952");
INSERT INTO estudiante VALUES("e-31244876","31244876");
INSERT INTO estudiante VALUES("e-31258935","31258935");
INSERT INTO estudiante VALUES("e-31271852","31271852");
INSERT INTO estudiante VALUES("e-31272034","31272034");
INSERT INTO estudiante VALUES("e-31300939","31300939");
INSERT INTO estudiante VALUES("e-31366952","31366952");
INSERT INTO estudiante VALUES("e-31388606","31388606");
INSERT INTO estudiante VALUES("e-31401678","31401678");
INSERT INTO estudiante VALUES("e-31464007","31464007");
INSERT INTO estudiante VALUES("e-31492771","31492771");
INSERT INTO estudiante VALUES("e-31493172","31493172");
INSERT INTO estudiante VALUES("e-31544822","31544822");
INSERT INTO estudiante VALUES("e-31550201","31550201");
INSERT INTO estudiante VALUES("e-31766216","31766216");
INSERT INTO estudiante VALUES("e-31835884","31835884");
INSERT INTO estudiante VALUES("e-31842780","31842780");
INSERT INTO estudiante VALUES("e-31843937","31843937");
INSERT INTO estudiante VALUES("e-31926201","31926201");
INSERT INTO estudiante VALUES("e-31986901","31986901");
INSERT INTO estudiante VALUES("e-32023069","32023069");
INSERT INTO estudiante VALUES("e-32029094","32029094");
INSERT INTO estudiante VALUES("e-32593540","32593540");
INSERT INTO estudiante VALUES("e-34234234","34234234");
INSERT INTO estudiante VALUES("e-63578247","63578247");




TRUNCATE TABLE fase;
INSERT INTO fase VALUES("TR1_1","TR1","Fase 1","TR1_2");
INSERT INTO fase VALUES("TR1_2","TR1","Fase 2","");
INSERT INTO fase VALUES("TR2_1","TR2","Fase 1","TR2_2");
INSERT INTO fase VALUES("TR2_2","TR2","Fase 2","");
INSERT INTO fase VALUES("TR3_1","TR3","Fase 1","TR3_2");
INSERT INTO fase VALUES("TR3_2","TR3","Fase 2","");
INSERT INTO fase VALUES("TR4_1","TR4","Fase 1","TR4_2");
INSERT INTO fase VALUES("TR4_2","TR4","Fase 2","");



TRUNCATE TABLE indicadores;
INSERT INTO indicadores VALUES("1","1","Responsabilidad","1.5");
INSERT INTO indicadores VALUES("2","1","Activo y participativo","0.25");
INSERT INTO indicadores VALUES("3","1","Integración al grupo","0.5");
INSERT INTO indicadores VALUES("4","1","Sensibilidad Social","0.25");
INSERT INTO indicadores VALUES("5","2","Manejo de conflictos","0.25");
INSERT INTO indicadores VALUES("6","2","Proactividad","0.25");
INSERT INTO indicadores VALUES("7","2","Recibe de su equipo de proyecto los entregables de trayecto IV","2");
INSERT INTO indicadores VALUES("8","3","Se evidencia que los riesgos presentados en el proyecto están vinculados con la comunidad.","1");
INSERT INTO indicadores VALUES("9","3","Se verifica la existencia de elementos técnicos en cuanto a la base de datos, están aplicados en el proyecto","2");
INSERT INTO indicadores VALUES("10","3","Los aspectos relacionados a seguridad informática (Métodos de cifrado) están presentes en el proyecto","2");
INSERT INTO indicadores VALUES("11","4","Gestiona los riesgos del proyecto","1");
INSERT INTO indicadores VALUES("12","4","Analiza y crea estrategias para la administración de riesgo","1.5");
INSERT INTO indicadores VALUES("13","4","Controla el proyecto mediante rutas críticas en PERT/CPM","2.5");
INSERT INTO indicadores VALUES("14","5","Presenta plan de optimización de la base de datos.","2");
INSERT INTO indicadores VALUES("15","5","Presenta plan de monitoreo del rendimiento de la base de datos","3");
INSERT INTO indicadores VALUES("16","5","Presenta plan de control de seguridad de la base de datos","4");
INSERT INTO indicadores VALUES("17","5","Presenta plan de respaldos y recuperación de la base de datos","4");
INSERT INTO indicadores VALUES("18","5","Presenta plan de cambios de la base de datos, para la integración de sistemas.","2");
INSERT INTO indicadores VALUES("19","6","Presenta en forma coherente el diagnóstico del proyecto instalado en la comunidad.","1");
INSERT INTO indicadores VALUES("20","6","El objetivo general se relaciona con los alcances requeridos en Trayecto IV.","0.5");
INSERT INTO indicadores VALUES("21","6","Los objetivos específicos reflejan el alcance del proyecto y se relacionan con la propuesta del objetivo general.","0.5");
INSERT INTO indicadores VALUES("22","6","Aborda teorías y conocimientos relacionados al Trayecto respectivo y su acreditación","1");
INSERT INTO indicadores VALUES("23","6","Presenta la planificación de actividades del proyecto. (Gestión de Proyecto, Base de Datos y Seguridad Informática)","1");
INSERT INTO indicadores VALUES("24","6","Identifican, analizan y valoran los riesgos del proyecto con propuestas de administración, monitoreo o mitigación.","1");
INSERT INTO indicadores VALUES("25","6","Presenta la evaluación de la base de datos del proyecto considerando las transacciones, la concurrencia, el volumen de crecimiento con planes de administración; además de la integración del sistema.","1");
INSERT INTO indicadores VALUES("26","6","Incorpora el análisis de la seguridad física y lógica donde está ubicado el proyecto en la comunidad.","0.5");
INSERT INTO indicadores VALUES("27","6","Describe la aplicación de métodos de cifrado al sistema con su respectivo algoritmo y establecen políticas de seguridad del proyecto de acuerdo a los resultados generados en el diagnóstico.","0.5");
INSERT INTO indicadores VALUES("28","6","Evidencia el cumplimiento de las tareas y actividades Programadas. (Entregaron Plan de trabajo y avances del Proyecto de acuerdo a sus requerimientos).","1");
INSERT INTO indicadores VALUES("29","6","Presenta de forma correcta la sistematizaciónde los Capítulos I, II y III en conjunto con las páginas preliminares, de acuerdo a los requerimientos exigidos","1");
INSERT INTO indicadores VALUES("30","6","La redacción, análisis y ortografía se adecua a las características de un informe técnico.","1");
INSERT INTO indicadores VALUES("31","7","Explica como realizo el Diagnóstico sobre la Seguridad Física, Lógica, Redes y Estaciones de Trabajo, BD en proyecto.","2");
INSERT INTO indicadores VALUES("32","7","Demuestra que el Algoritmo asimétrico fue el empleado según el método de cifrado seleccionado en el sistema.","11");
INSERT INTO indicadores VALUES("33","7","Analiza la matriz de riesgo de seguridad.","2");
INSERT INTO indicadores VALUES("34","8","Responsabilidad","1.5");
INSERT INTO indicadores VALUES("35","8","Activo y participativo","0.25");
INSERT INTO indicadores VALUES("36","8","Integración al grupo","0.5");
INSERT INTO indicadores VALUES("37","8","Sensibilidad Social","0.25");
INSERT INTO indicadores VALUES("38","9","","0.5");
INSERT INTO indicadores VALUES("39","9","","1");
INSERT INTO indicadores VALUES("40","9","","1");
INSERT INTO indicadores VALUES("41","10","","2");
INSERT INTO indicadores VALUES("42","10","","2");
INSERT INTO indicadores VALUES("43","10","","2");
INSERT INTO indicadores VALUES("44","10","","2");
INSERT INTO indicadores VALUES("45","10","","2");
INSERT INTO indicadores VALUES("46","11","","1");
INSERT INTO indicadores VALUES("47","11","","2");
INSERT INTO indicadores VALUES("48","11","","2");
INSERT INTO indicadores VALUES("49","13","Refleja la planificación de actividades del proyecto. Auditoría informática y plan de mantenimiento al sistema)","1");
INSERT INTO indicadores VALUES("50","13","Plasma la Identificación, análisis y aplicación de la auditoría al sistema. ","1.5");
INSERT INTO indicadores VALUES("51","13","Presenta el análisis del tipo de mantenimiento que deben aplicar y resultados del plan de mantenimiento","1.5");
INSERT INTO indicadores VALUES("52","13","Se evidencia el cumplimiento de las tareas y actividades programadas. (Entregaron Plan de trabajo y avances del Proyecto de acuerdo a sus requerimientos). ","1");
INSERT INTO indicadores VALUES("53","13","Presenta la sistematización de los Capítulos IV, V y VI","1.5");
INSERT INTO indicadores VALUES("54","13","Presenta las Conclusiones y Recomendaciones, Referencias y Anexos.","1");
INSERT INTO indicadores VALUES("55","13","La redacción, análisis y ortografía se adecuan a las características de un informe técnico.","1.5");
INSERT INTO indicadores VALUES("56","13","Se entrega, en el tiempo indicado,  el informe final de proyecto IV con todos los requerimientos exigidos","1");
INSERT INTO indicadores VALUES("57","14","Auditoría aplicada al sistema (Explicación del módulo auditado) Tipo de auditoría seleccionada.","1.25");
INSERT INTO indicadores VALUES("58","14","Herramienta utilizada. ¿Cuál Utilizo?","1.25");
INSERT INTO indicadores VALUES("59","14","Metodología y técnica empleada.","2.5");
INSERT INTO indicadores VALUES("60","14","Resultado en el sistema. (Visualizarlo).","2.5");
INSERT INTO indicadores VALUES("61","15","Explicar  el propósito del mantenimiento","1.5");
INSERT INTO indicadores VALUES("62","15","Equipos, periféricos, servidores,  sistemas y documentación. ","1.5");
INSERT INTO indicadores VALUES("63","15","Tipo de mantenimiento. (Predictivo, correctivo, preventivo). (A corto y largo plazo). ","1.5");
INSERT INTO indicadores VALUES("64","15","Establecimiento del plan de mantenimiento Informe de resultados del Mantenimiento.","1.5");
INSERT INTO indicadores VALUES("65","15","Visualizar en el sistema cuál fue el mantenimiento aplicado.","1.5");
INSERT INTO indicadores VALUES("66","16","Interfaz de menú amigable al usuario","2");
INSERT INTO indicadores VALUES("67","16","Interfaz de inserción o captura de datos","1");
INSERT INTO indicadores VALUES("68","16","Interfaz de confirmación de eliminación de datos","1");
INSERT INTO indicadores VALUES("69","16","Interfaz de consultar con filtros de búsqueda","1");
INSERT INTO indicadores VALUES("70","16","Demuestra conocimiento en la programación modular del Sistema","1");
INSERT INTO indicadores VALUES("71","16","Modulo de reportes básicos","1");
INSERT INTO indicadores VALUES("72","16","Utiliza modelo vista-controlador","2");
INSERT INTO indicadores VALUES("73","16","Codifica basado en el Diseño","1");
INSERT INTO indicadores VALUES("74","16","Justifica la Metodología","1");
INSERT INTO indicadores VALUES("75","17","Capitulo 1","2");
INSERT INTO indicadores VALUES("76","17","Capitulo 2","2");
INSERT INTO indicadores VALUES("77","18","Manejo de conflictos","1");
INSERT INTO indicadores VALUES("78","18","Responsabilidad","2");
INSERT INTO indicadores VALUES("79","18","Hábitos de trabajo","2");
INSERT INTO indicadores VALUES("80","19","Documento de Requisitos S.R.S","2");
INSERT INTO indicadores VALUES("81","19","Diagramas y Plantilla IBM","5");
INSERT INTO indicadores VALUES("82","20","Diagrama de Casos de Uso","2");
INSERT INTO indicadores VALUES("83","20","Diagrama de Actividad","2");
INSERT INTO indicadores VALUES("84","20","Descripción de casos de uso en Plantillas IBM","2");
INSERT INTO indicadores VALUES("85","20","Diagrama de clase","1");
INSERT INTO indicadores VALUES("86","20","Mapa Navegacional","1");
INSERT INTO indicadores VALUES("87","21","Modelo Entidad Relacion","1");
INSERT INTO indicadores VALUES("88","21","Modelo Logico Relacional","1");
INSERT INTO indicadores VALUES("89","21","Modelo Fisico","1");
INSERT INTO indicadores VALUES("90","21","Utiliza postgres para el diseño fisico de la base de datos","1");
INSERT INTO indicadores VALUES("91","21","Diccionario de datos","1");
INSERT INTO indicadores VALUES("92","22","Titulo del proyecto","0.5");
INSERT INTO indicadores VALUES("93","22","La descripcion del diagnostico situacional","0.75");
INSERT INTO indicadores VALUES("94","22","Aplica e interpreta instrumentos para el levantamiento de la niformación y captura de requisitos","0.5");
INSERT INTO indicadores VALUES("95","22","Presenta una propuesta de solución coherente","0.5");
INSERT INTO indicadores VALUES("96","22","Objetivo general se relaciona con la propuesta de solución","0.5");
INSERT INTO indicadores VALUES("97","22","Objetivos especificos: reflejan el alcance del proyecto y se relacionan con la propuesta de solución del objetivo general","0.5");
INSERT INTO indicadores VALUES("98","22","Justifica las razones para el uso de la propuesta de solución","0.5");
INSERT INTO indicadores VALUES("99","22","El proyecto describe los procesos llevados a cabo dentro de la comunidad","0.75");
INSERT INTO indicadores VALUES("100","22","Aborda teorías y conocimientos cónsonos al trayecto respectivo y su acreditación","1");
INSERT INTO indicadores VALUES("101","22","Se aborda el marco legal","0.5");
INSERT INTO indicadores VALUES("102","22","Realiza planificación de actividades del proyecto","0.5");
INSERT INTO indicadores VALUES("103","22","Entrega a tiempo de artefactos correspondientes al diseño del sistema","0.5");
INSERT INTO indicadores VALUES("104","22","Sistematiza Capitulo 1 y 2 del proyecto","0.5");
INSERT INTO indicadores VALUES("105","22","Aplica normas para representar cuadros y figuras","0.5");
INSERT INTO indicadores VALUES("106","22","Redacción, analisis y ortografia","0.5");
INSERT INTO indicadores VALUES("107","22","Los participantes se integraron como equipo de trabajo para la resolución de conflictos","0.5");
INSERT INTO indicadores VALUES("108","22","Los participantes aplicaron instrumentos de recolección de información","0.5");
INSERT INTO indicadores VALUES("109","22","Los participantes cumplieron con las tareas y actividades programadas","0.5");
INSERT INTO indicadores VALUES("110","23","CRUD del sistema. (Por Modulo)","1");
INSERT INTO indicadores VALUES("111","23","Validación de datos. (Por Modulo)","1");
INSERT INTO indicadores VALUES("112","24","Responsabilidad","1");
INSERT INTO indicadores VALUES("113","24","Integración al grupo","0.5");
INSERT INTO indicadores VALUES("114","24","proactividad","0.5");
INSERT INTO indicadores VALUES("115","25","Instalación del software necesario para la ejecución de la aplicación o componentes","1");
INSERT INTO indicadores VALUES("116","25","Pantallas bien conectadas con la Base de datos","1");
INSERT INTO indicadores VALUES("117","25","Los módulos de modificación de base de datos garantizan la integridad referencial","1");
INSERT INTO indicadores VALUES("118","25","Desarrollo de todos los modulos diseñados en los diagramas de casos de uso","1");
INSERT INTO indicadores VALUES("119","25","Módulos acordes al Diagrama de clases","1");
INSERT INTO indicadores VALUES("120","25","Funcionamiento completo de los módulos de automatización","1");
INSERT INTO indicadores VALUES("121","25","Correctitud en los reportes estadisticos","1");
INSERT INTO indicadores VALUES("122","25","Cumplimiento del estandar de programación entregado","1");
INSERT INTO indicadores VALUES("123","25","Control de errores","1");
INSERT INTO indicadores VALUES("124","25","Gestión de bitácora","1");
INSERT INTO indicadores VALUES("125","25","Manejo de sesiones respecto a concurrencia de usuarios","1");
INSERT INTO indicadores VALUES("126","26","Uso adecuado de los colores en la aplicación","1");
INSERT INTO indicadores VALUES("127","26","Fondos claros y sencillos","1");
INSERT INTO indicadores VALUES("128","26","Uso de iamgenes","1");
INSERT INTO indicadores VALUES("129","26","Distribución de la interfaz","2");
INSERT INTO indicadores VALUES("130","27","Cumple con actividades Asignadas","1");
INSERT INTO indicadores VALUES("131","27","Conoce con exactitud el Sistema","2");
INSERT INTO indicadores VALUES("132","27","Conoce el uso de Bitacora","1");
INSERT INTO indicadores VALUES("133","27","Codifica los requerimientos dados por el docente","1");
INSERT INTO indicadores VALUES("134","27","Desarrollo y programo el módulo asignado","1");
INSERT INTO indicadores VALUES("135","27","Integro el módulo desarrollado","1");
INSERT INTO indicadores VALUES("136","27","Planifica el proceso de Desarrollo del software","1");
INSERT INTO indicadores VALUES("137","27","Identifica los escenarios y casos de prueba en el sistema","1");
INSERT INTO indicadores VALUES("138","27","Detecta errores, fallas, defectos en el sistema","1");
INSERT INTO indicadores VALUES("139","27","Planifica las activdades de capacitación","1");
INSERT INTO indicadores VALUES("140","28","Facilidad de uso","1");
INSERT INTO indicadores VALUES("141","28","Tiempos de respuesta del sistema","1");
INSERT INTO indicadores VALUES("142","28","Interactividad con el usuario","1");
INSERT INTO indicadores VALUES("143","28","Ayuda al Usuario","1");
INSERT INTO indicadores VALUES("144","29","Manual de usuario","2");
INSERT INTO indicadores VALUES("145","29","Manual de Sistema","2");
INSERT INTO indicadores VALUES("146","29","Plan de Pruebas","3");
INSERT INTO indicadores VALUES("147","29","Plan de Instalación","2");
INSERT INTO indicadores VALUES("148","29","Plan de Capacitación","2");
INSERT INTO indicadores VALUES("149","30","Recomendaciones y Evolución Previsible del sistema.","2");
INSERT INTO indicadores VALUES("150","31","Anexos y Referencias","2");
INSERT INTO indicadores VALUES("151","32","BD contempla lo expuesto en el alcance del Sistema","2");
INSERT INTO indicadores VALUES("152","32","Modelo Lógico Relacional","2");
INSERT INTO indicadores VALUES("153","32","Diccionario de Datos","0.5");
INSERT INTO indicadores VALUES("154","32","Modelo Físico","0.5");
INSERT INTO indicadores VALUES("155","33","Exporta e Importa BD","1");
INSERT INTO indicadores VALUES("156","33","Explica la Estructura de Tabla (tipos de datos, clave primaria, clave foránea, integridad referencial)","2");
INSERT INTO indicadores VALUES("157","33","Explica Sentencias SQL (Inserción de datos, consulta de datos de una tabla)","2");
INSERT INTO indicadores VALUES("158","34","Cuadro de Procesos (análisis de los instrumentos de recolección de datos)","1");
INSERT INTO indicadores VALUES("159","34","Modelado del Negocio","1");
INSERT INTO indicadores VALUES("160","34","Documento SRS","0.5");
INSERT INTO indicadores VALUES("161","34","Casos de Usos del Sistema","1");
INSERT INTO indicadores VALUES("162","34","Mapa de Navegación del Sistema","0.5");
INSERT INTO indicadores VALUES("163","35","Explica con detalle el diagrama de actividades del Negocio","1");
INSERT INTO indicadores VALUES("164","35","Explica RF y RNF del sistema","1");
INSERT INTO indicadores VALUES("165","35","Explica con detalle el Casos de Uso de su modulo","1");
INSERT INTO indicadores VALUES("166","35","Diagrama de Actividad relacionado directamente con su modulo","2");
INSERT INTO indicadores VALUES("167","35","Descripción Plantilla de procesos IBM","1");
INSERT INTO indicadores VALUES("168","36","Dominio de la información referente a la comunidad","1");
INSERT INTO indicadores VALUES("169","36","Asistencia al EVA de PSTII","1");
INSERT INTO indicadores VALUES("170","36","Demuestra facilidad de transmitir y dominio del tema en la presentación de su proyecto","1");
INSERT INTO indicadores VALUES("171","36","Realiza Correcciones","2");
INSERT INTO indicadores VALUES("172","37","Capítulo I","1");
INSERT INTO indicadores VALUES("173","37","Capítulo II","1");
INSERT INTO indicadores VALUES("174","37","Análisis, Redacción y Ortografía del Informe","2");
INSERT INTO indicadores VALUES("175","37","Aplican las Reglas APA","1");
INSERT INTO indicadores VALUES("176","38","Integración Sistema –Casos de Usos","1");
INSERT INTO indicadores VALUES("177","38","Integración Sistema –Mapa Navegación","0.5");
INSERT INTO indicadores VALUES("178","38","Conexión con BD ( registra-consulta)","2");
INSERT INTO indicadores VALUES("179","38","Alojamiento en el Servidor Web","0.5");
INSERT INTO indicadores VALUES("180","39","Analiza los RF para codificar el sistema","1");
INSERT INTO indicadores VALUES("181","39","Demuestra conocimiento en la sintaxis de PHP","2");
INSERT INTO indicadores VALUES("182","39","Explica el uso de clases y Objetos","2");
INSERT INTO indicadores VALUES("183","39","Explica detalladamente el Patrón MVC","1");
INSERT INTO indicadores VALUES("184","40","Cumple con el Rol Analista, Diseñador y Programador de Software","1");
INSERT INTO indicadores VALUES("185","40","Demuestra Conocimiento sobre la Comunidad","1");
INSERT INTO indicadores VALUES("186","40","Demuestra conocimiento en cuanto al análisis de los requerimientos del sistema","1");
INSERT INTO indicadores VALUES("187","40","Integración al grupo, responsabilidad y desempeño","1");
INSERT INTO indicadores VALUES("188","40","Realiza Correcciones tanto del sistema como al informe.","1");
INSERT INTO indicadores VALUES("189","41","Informe de Proyecto Capítulos I,II ","2");
INSERT INTO indicadores VALUES("190","41","Distribución de la interfaz, uso adecuado de los colores institucionales en la aplicación (Fondos claros y sencillos)","1");
INSERT INTO indicadores VALUES("191","41","Usabilidad y Navegabilidad del Sistema","1");
INSERT INTO indicadores VALUES("192","41","La aplicación cumple con la necesidad de la Comunidad.","1");
INSERT INTO indicadores VALUES("193","42","Proactividad","1");
INSERT INTO indicadores VALUES("194","42","Responsabilidad / Asesorías","1");
INSERT INTO indicadores VALUES("195","42","Hábitos de trabajo","1");
INSERT INTO indicadores VALUES("196","42","Integración al grupo","1");
INSERT INTO indicadores VALUES("197","42","Puntualidad en la entrega de las correcciones.","1");
INSERT INTO indicadores VALUES("198","43","Presentación de los Capítulos según las normas establecidas en el manual.","1");
INSERT INTO indicadores VALUES("199","43","Redacción, ortografía y lenguaje técnico.","1");
INSERT INTO indicadores VALUES("200","43","El Título del Proyecto define el alcance del mismo.","1");
INSERT INTO indicadores VALUES("201","43","Expone la problemática y su alternativa de solución.","1");
INSERT INTO indicadores VALUES("202","43","Definen Objetivo General","1");
INSERT INTO indicadores VALUES("203","43","Los Objetivos Específicos son consonó con el objetivo General.","1");
INSERT INTO indicadores VALUES("204","43","Aplicación del Instrumento de Recolección de Datos en la comunidad.","1");
INSERT INTO indicadores VALUES("205","43","El Cronograma de actividades refleja las tareas para el alcance de los objetivos específicos.","2");
INSERT INTO indicadores VALUES("206","43","Inventario Tecnológico.","1");
INSERT INTO indicadores VALUES("207","44","Integración Grupal","1");
INSERT INTO indicadores VALUES("208","44","Proactividad","1");
INSERT INTO indicadores VALUES("209","44","Asistencia e Integración al EVA","1");
INSERT INTO indicadores VALUES("210","45","Manejo correcto del lenguaje","0.5");
INSERT INTO indicadores VALUES("211","45","Presentación Vocabulario Técnico adecuado","0.5");
INSERT INTO indicadores VALUES("212","45","Manejo del tiempo adecuado","0.5");
INSERT INTO indicadores VALUES("213","45","Uso y manejo del material","0.5");
INSERT INTO indicadores VALUES("214","46","Título del proyecto: presenta en forma general el tema de estudio, relacionándose con el objetivo general.","0.5");
INSERT INTO indicadores VALUES("215","46","La descripción del diagnóstico situacional: refleja el Problema investigativo de acuerdo a las necesidades de la comunidad abordada.","0.5");
INSERT INTO indicadores VALUES("216","46","Aplica instrumentos para el levantamiento de la información.","0.5");
INSERT INTO indicadores VALUES("217","46","El objetivo general y específico: reflejan el alcance del proyecto, y se relacionan con el título y la propuesta de solución del objetivo general.","0.5");
INSERT INTO indicadores VALUES("218","46","Aborda la Metodología de Investigación","0.5");
INSERT INTO indicadores VALUES("219","46","Diseña Instrumentos de Recolección de Datos así como la interpretación de la información recaba","1");
INSERT INTO indicadores VALUES("220","46","Redacción, ortografía y lenguaje técnico","1");
INSERT INTO indicadores VALUES("221","46","Presentan sus referencias Bibliográficas y Electrónicas Siguiendo las Normas APA","0.5");
INSERT INTO indicadores VALUES("222","47","Reconoce periféricos de E/S/A del computador.","2");
INSERT INTO indicadores VALUES("223","47","Reconoce los componentes Internos del computador (Tarjeta Madre, CPU, Fuente, Memorias, Puertos E/S, D.D, entre otros).","3");
INSERT INTO indicadores VALUES("224","47","Conoce cómo Ensamblar y Desarmar un equipo.","3");
INSERT INTO indicadores VALUES("225","47","Demuestra dominio del lenguaje técnico durante el diagnostico.","3");
INSERT INTO indicadores VALUES("226","47","Detecta y corrige las fallas de hardware en una computadora.","4");
INSERT INTO indicadores VALUES("227","47","Aplica normas y procedimientos para el mantenimiento preventivo de la PC.","2");
INSERT INTO indicadores VALUES("228","47","Identifica y Configura la BIOS.","2");
INSERT INTO indicadores VALUES("229","47","Posee Conocimiento acerca del software necesario para el uso del computador requerido por el usuario.","1");
INSERT INTO indicadores VALUES("230","47","Participa en el levantamiento del Inventario Tecnológico.","2");
INSERT INTO indicadores VALUES("231","47","Participa de forma activa en las Jornadas de Arquitectura del computador (Prácticas profesionales de soporte técnico)","3");
INSERT INTO indicadores VALUES("232","48","Diseño sitio Web Básico (etiquetas básicas, css)","2");
INSERT INTO indicadores VALUES("233","49","Asistencia a Talleres","3");
INSERT INTO indicadores VALUES("234","50","Creatividad en el Diseño (colores, imágenes, textos, cuadros entre otros)","2");
INSERT INTO indicadores VALUES("235","50","Dominio de HTML5","2");
INSERT INTO indicadores VALUES("236","50","Aplicación de Atributos Responsive","2");
INSERT INTO indicadores VALUES("237","50","Aplicación de menú desplegable","1");
INSERT INTO indicadores VALUES("238","50","Dominio de clases e identificadores","2");
INSERT INTO indicadores VALUES("239","50","Diseña Maquetación Web Aplicación de header, nav, footer y section","2");
INSERT INTO indicadores VALUES("240","50","Dominio de uso de atributos CSS3 y media-min y media-max CSS3","2");
INSERT INTO indicadores VALUES("241","50","Diseña Formularios con diferentes tipos de elementos","2");
INSERT INTO indicadores VALUES("242","51","Responsabilidad y Proactividad","2");
INSERT INTO indicadores VALUES("243","52","Se presenta adecuadamente, señala el tema a exponer y viste de manera adecuada","0.5");
INSERT INTO indicadores VALUES("244","52","Se expresa con claridad, firmeza y precisión","1");
INSERT INTO indicadores VALUES("245","52","Demuestra Dominio en el desarrollo del Tema","2");
INSERT INTO indicadores VALUES("246","53","Presenta Conclusiones y Recomendaciones según el desarrollo del Proyecto","1");
INSERT INTO indicadores VALUES("247","53","Las bases teóricas están bien fundamentadas en la propuesta presentada.","1");
INSERT INTO indicadores VALUES("248","53","Describen el Impacto Social del Proyecto para la comunidad","1");
INSERT INTO indicadores VALUES("249","53","Redacción, ortografía , lenguaje técnico y aplicación de las normas APA","1");
INSERT INTO indicadores VALUES("250","53","Presentación de Referencias Bibliográficas y electrónicas","1");
INSERT INTO indicadores VALUES("251","54","Instala sistemas operativos libres y propietarios en la computadora","2");
INSERT INTO indicadores VALUES("252","54","Configurar driver y paquetes de instalación básicos luego de instalar el sistema operativo","2");
INSERT INTO indicadores VALUES("253","54","Aplica normas y procedimientos para el mantenimiento preventivo de la Computadora","2");
INSERT INTO indicadores VALUES("254","54","Reconoce y detecta las fallas de Hardware y software de un PC","2");
INSERT INTO indicadores VALUES("255","54","Resuelve las fallas de Hardware y software detectadas.","2");
INSERT INTO indicadores VALUES("256","55","","1");
INSERT INTO indicadores VALUES("257","55","","0.5");
INSERT INTO indicadores VALUES("258","55","","0.5");
INSERT INTO indicadores VALUES("259","55","","0.5");
INSERT INTO indicadores VALUES("260","55","","0.5");
INSERT INTO indicadores VALUES("261","55","","1");
INSERT INTO indicadores VALUES("262","55","","1");
INSERT INTO indicadores VALUES("263","56","","0.5");
INSERT INTO indicadores VALUES("264","56","","0.5");
INSERT INTO indicadores VALUES("265","56","","2");
INSERT INTO indicadores VALUES("266","56","","2");



TRUNCATE TABLE inscripcion;
INSERT INTO inscripcion VALUES("1","p-654854354","IN4401","PIABD078303_1","e-15408","","1");
INSERT INTO inscripcion VALUES("2","p-654854354","IN4401","PIABD078303_1","e-63578","","1");
INSERT INTO inscripcion VALUES("3","p-654854354","IN4401","PIABD078303_1","e-39263","","1");
INSERT INTO inscripcion VALUES("4","p-234565423","IN4401","PIGPI078303_1","e-15408","","1");
INSERT INTO inscripcion VALUES("5","p-234565423","IN4401","PIGPI078303_1","e-63578","","1");
INSERT INTO inscripcion VALUES("6","p-234565423","IN4401","PIGPI078303_1","e-39263","","1");
INSERT INTO inscripcion VALUES("7","p-5428468","IN4401","PISEI078303_1","e-15408","","1");
INSERT INTO inscripcion VALUES("8","p-5428468","IN4401","PISEI078303_1","e-63578","","1");
INSERT INTO inscripcion VALUES("9","p-5428468","IN4401","PISEI078303_1","e-39263","","1");
INSERT INTO inscripcion VALUES("10","p-234565423","IN4401","PIAUI078303_2","e-15408","","1");
INSERT INTO inscripcion VALUES("11","p-234565423","IN4401","PIAUI078303_2","e-39263","","1");
INSERT INTO inscripcion VALUES("12","p-234565423","IN4401","PIAUI078303_2","e-63578","","1");
INSERT INTO inscripcion VALUES("13","p-234565423","IN4401","PIAUI078303_2","e-29913125","","1");



TRUNCATE TABLE integrante_proyecto;
INSERT INTO integrante_proyecto VALUES("1","e-15408","1","1");
INSERT INTO integrante_proyecto VALUES("2","e-63578","1","1");
INSERT INTO integrante_proyecto VALUES("3","e-39263","1","1");



TRUNCATE TABLE malla_curricular;
INSERT INTO malla_curricular VALUES("ARQUIT1254578_1","ARQUIT1254578","TR1_1","");
INSERT INTO malla_curricular VALUES("ARQUIT1254578_2","ARQUIT1254578","TR1_2","");
INSERT INTO malla_curricular VALUES("ASESOR3078303_1","ASESOR3078303","TR3_1","");
INSERT INTO malla_curricular VALUES("ASESOR3078303_2","ASESOR3078303","TR3_2","");
INSERT INTO malla_curricular VALUES("ASESOR3078554_1","ASESOR3078554","TR1_1","");
INSERT INTO malla_curricular VALUES("ASESOR3078554_2","ASESOR3078554","TR1_2","");
INSERT INTO malla_curricular VALUES("ASESOR3078845_1","ASESOR3078845","TR2_1","");
INSERT INTO malla_curricular VALUES("ASESOR3078845_2","ASESOR3078845","TR2_2","");
INSERT INTO malla_curricular VALUES("ASESOR4078303_1","ASESOR4078303","TR4_1","");
INSERT INTO malla_curricular VALUES("ASESOR4078303_2","ASESOR4078303","TR4_2","");
INSERT INTO malla_curricular VALUES("PIABD078303_1","PIABD078303","TR4_1","");
INSERT INTO malla_curricular VALUES("PIAUI078303_2","PIAUI078303","TR4_2","");
INSERT INTO malla_curricular VALUES("PIBAD090203_1","PIBAD090203","TR2_1","");
INSERT INTO malla_curricular VALUES("PIELE548756_1","PIELE548756","TR1_1","");
INSERT INTO malla_curricular VALUES("PIELE548756_2","PIELE548756","TR1_2","");
INSERT INTO malla_curricular VALUES("PIGPI078303_1","PIGPI078303","TR4_1","");
INSERT INTO malla_curricular VALUES("PIINS090203_1","PIINS090203","TR2_1","");
INSERT INTO malla_curricular VALUES("PIMOB078303_1","PIMOB078303","TR3_1","");
INSERT INTO malla_curricular VALUES("PINGSO078303_1","PINGSO078303","TR3_1","");
INSERT INTO malla_curricular VALUES("PINGSO078303_2","PINGSO078303","TR3_2","");
INSERT INTO malla_curricular VALUES("PIPRO306212_1","PIPRO306212","TR2_1","");
INSERT INTO malla_curricular VALUES("PIPRO306212_2","PIPRO306212","TR2_2","");
INSERT INTO malla_curricular VALUES("PIPST078303_1","PIPST078303","TR3_1","");
INSERT INTO malla_curricular VALUES("PIPST078303_2","PIPST078303","TR3_2","");
INSERT INTO malla_curricular VALUES("PIPST078304_1","PIPST078304","TR4_1","");
INSERT INTO malla_curricular VALUES("PIPST078304_2","PIPST078304","TR4_2","");
INSERT INTO malla_curricular VALUES("PIPST234209_1","PIPST234209","TR2_1","");
INSERT INTO malla_curricular VALUES("PIPST234209_2","PIPST234209","TR2_2","");
INSERT INTO malla_curricular VALUES("PIPST548751_1","PIPST548751","TR1_1","");
INSERT INTO malla_curricular VALUES("PIPST548751_2","PIPST548751","TR1_2","");
INSERT INTO malla_curricular VALUES("PISEI078303_1","PISEI078303","TR4_1","");



TRUNCATE TABLE materias;
INSERT INTO materias VALUES("ARQUIT1254578","Arquitectura del Computador","72","6","3","4","","1");
INSERT INTO materias VALUES("ASESOR3078303","Tutor Asesor Proyecto III","72","6","3","4","","0");
INSERT INTO materias VALUES("ASESOR3078554","Tutor Asesor Proyecto I","72","6","3","4","","0");
INSERT INTO materias VALUES("ASESOR3078845","Tutor Asesor Proyecto II","72","6","3","4","","0");
INSERT INTO materias VALUES("ASESOR4078303","Tutor Asesor Proyecto IV","72","6","3","4","","0");
INSERT INTO materias VALUES("PIABD078303","Administración de bases de datos","72","6","3","4","","1");
INSERT INTO materias VALUES("PIAUI078303","Auditoria Informática","72","6","3","4","","1");
INSERT INTO materias VALUES("PIBAD090203","Base de Datos","72","6","3","4","","1");
INSERT INTO materias VALUES("PIELE548756","Electiva I","72","6","3","4","","1");
INSERT INTO materias VALUES("PIGPI078303","Gestión de proyecto informático","72","6","3","4","","1");
INSERT INTO materias VALUES("PIINS090203","Ingenieria del Software I","72","6","3","4","","1");
INSERT INTO materias VALUES("PIMOB078303","Modelado de bases de datos","72","6","3","2","","1");
INSERT INTO materias VALUES("PINGSO078303","Ingenieria de Software","72","6","3","4","","1");
INSERT INTO materias VALUES("PIPRO306212","Programación II","72","6","3","4","","1");
INSERT INTO materias VALUES("PIPST078303","Proyecto Socio Tecnológico","216","18","9","6","","1");
INSERT INTO materias VALUES("PIPST078304","Proyecto Socio Tecnológico IV","72","6","3","4","","1");
INSERT INTO materias VALUES("PIPST234209","Proyecto Socio Tecnológico II","72","6","3","4","","1");
INSERT INTO materias VALUES("PIPST548751","Proyecto Socio Tecnológico","216","18","9","6","","1");
INSERT INTO materias VALUES("PISEI078303","Seguridad Informática","72","6","3","4","","1");



TRUNCATE TABLE modulo;
INSERT INTO modulo VALUES("1","Proyecto");
INSERT INTO modulo VALUES("2","Materias");
INSERT INTO modulo VALUES("3","Docentes");
INSERT INTO modulo VALUES("4","Estudiantes");
INSERT INTO modulo VALUES("5","Secciones");



TRUNCATE TABLE municipios;
INSERT INTO municipios VALUES("1","Iribarren");
INSERT INTO municipios VALUES("2","Jiménez");



TRUNCATE TABLE notas_integrante_proyecto;



TRUNCATE TABLE parroquias;
INSERT INTO parroquias VALUES("1","Ana Soto","1");
INSERT INTO parroquias VALUES("2","Santa Rosa","1");
INSERT INTO parroquias VALUES("3","Tamaca","1");
INSERT INTO parroquias VALUES("4","Catedral","1");
INSERT INTO parroquias VALUES("5","Concepción","1");
INSERT INTO parroquias VALUES("6","El Cují","1");
INSERT INTO parroquias VALUES("7","Buena Vista","1");
INSERT INTO parroquias VALUES("8","Aguedo Felipe Alvarado","1");
INSERT INTO parroquias VALUES("9","Unión","1");
INSERT INTO parroquias VALUES("10","Coronel Mariano Peraza","2");
INSERT INTO parroquias VALUES("11","Juan Bautista Rodríguez","2");
INSERT INTO parroquias VALUES("12","Cuara","2");
INSERT INTO parroquias VALUES("13","Diego de Lozada","2");
INSERT INTO parroquias VALUES("14","Paraíso de San José","2");
INSERT INTO parroquias VALUES("15","San Miguel","2");
INSERT INTO parroquias VALUES("16","Tintorero","2");
INSERT INTO parroquias VALUES("17","José Bernardo Dorante","2");



TRUNCATE TABLE periodo;
INSERT INTO periodo VALUES("1","2023-03-01","2024-02-01");



TRUNCATE TABLE permisos;
INSERT INTO permisos VALUES("1","1","1","1","1","1","1");
INSERT INTO permisos VALUES("2","1","2","1","1","1","1");



TRUNCATE TABLE persona;
INSERT INTO persona VALUES("15408","19","Carlos","Ramirez","Urb. La Concordia","6309710917","");
INSERT INTO persona VALUES("39263","21","Kevin","Heredia","Suite 3","8337046607","");
INSERT INTO persona VALUES("63578","20","Sarai","Perez","4th Floor","5994995192","");
INSERT INTO persona VALUES("125487","5","Lissette","Torrealba","ZoV52kTa1gsiY4C37GxsEUz1PPSEB7l3EWTrsLmPMkdElicxxx/X1iTzEY9v3T3S/b0YgDano3dNQwpdtLgHd4mL8dqEbaogXO5rZ7SdQIdP2mbamjq2lchTzzJiWEaTAs/S60fjoqBTM6dH9R6W5QgjHBXdrybwjnXvZl3doRzlTqJAr7rt/jnRDtiAZbAwxWJ6Q1/8u6p8dEK0ZPmeGYiXRPPMT6D3zG6RzoARHYzPeWAsTIiLCZi/Cn5j1E7cOoY1or9xsNxDL8IlUMCF6ljL0KNrn1wYLJ35kAycUEPm4JZqTcP4Y5F1K5ftCHwbQxwhvQHMoIdaYY05gaZOnyU2uwHKuf1JuGa8805sB3hOIl9IWjuhBh5CtbHFPwVn9oB7neR6qxmtARPozSXaou3GM5bc98OAlKiP48BaQ01ktxu9Wzr20nFDiMn+H3wVqYoTkQZ3eikrN2rrVyV9ixKrp0AkppoJUAXb9qMCqdP+UHAOIIwLAMiVuOx0ki+hZvPJTRx//NnpcHC+PrGEQSDMVBFj7ai+nFIjBnjRKvwRgu0Cw26e7l6Xa2dXrx92W4vZPgGO2bMWQ7KXgSeseOIbprS/iw+XsAEEH5WZMRx0Nai/YG4wCD3x9a7OkJQiIy92AJgarO0FOtvvUXjlIMf/1E8iJn3pecY5E+Y1msM=","2548475154","1");
INSERT INTO persona VALUES("5428468","17","Jose","Sequera","ZoV52kTa1gsiY4C37GxsEUz1PPSEB7l3EWTrsLmPMkdElicxxx/X1iTzEY9v3T3S/b0YgDano3dNQwpdtLgHd4mL8dqEbaogXO5rZ7SdQIdP2mbamjq2lchTzzJiWEaTAs/S60fjoqBTM6dH9R6W5QgjHBXdrybwjnXvZl3doRzlTqJAr7rt/jnRDtiAZbAwxWJ6Q1/8u6p8dEK0ZPmeGYiXRPPMT6D3zG6RzoARHYzPeWAsTIiLCZi/Cn5j1E7cOoY1or9xsNxDL8IlUMCF6ljL0KNrn1wYLJ35kAycUEPm4JZqTcP4Y5F1K5ftCHwbQxwhvQHMoIdaYY05gaZOnyU2uwHKuf1JuGa8805sB3hOIl9IWjuhBh5CtbHFPwVn9oB7neR6qxmtARPozSXaou3GM5bc98OAlKiP48BaQ01ktxu9Wzr20nFDiMn+H3wVqYoTkQZ3eikrN2rrVyV9ixKrp0AkppoJUAXb9qMCqdP+UHAOIIwLAMiVuOx0ki+hZvPJTRx//NnpcHC+PrGEQSDMVBFj7ai+nFIjBnjRKvwRgu0Cw26e7l6Xa2dXrx92W4vZPgGO2bMWQ7KXgSeseOIbprS/iw+XsAEEH5WZMRx0Nai/YG4wCD3x9a7OkJQiIy92AJgarO0FOtvvUXjlIMf/1E8iJn3pecY5E+Y1msM=","WXsjxxCSSjrih+s2QwNSEUPPoE/D+jUqfv0W33mehLZjThcOO34Gpz/FxGACG+ivQOKrbgLnYoIpQm0npRBMtL9ZMpqzAkcXLMErvMXJED8IXXfJG0aBDH6JFKkqZSFCbNofpPI8ieEn+iiJ2QZryH/h4X3SgVlBGROWMlNboh8wX5HzihPoat8u976BT85RfUfzC1KJ+/hEJV7U2AA4z8+qXJwj+fmE2GuiIGsmZ8R1xkcDlZyqzVUPxoagxJSwJtoD9H3/cSYJJSwrd5pe/JQmxxRMdRydD78aEMxh9Y+aZX5XIZb0x9s+VLiR/3kUA3GSJ5gw/c0n5QpMQVkNjZtEfRIJAaRumOBGpL8qJcHQHd0w+MAuig1HzkTJcWVdPY8SPC8OkRoAbV3SKxWg0UQHPHnor7frlshd+3AiPy7IGibue2g2C6zQgecCDEhr0QPnhPV/Ti8/Q9RW6UHJ4JUOoBTHaoDf8OvvA7x74u5CHOGtOUsu2kL1WjgZ36jn7iOwZcxSGTKHGJDtXuckSYWB0ua5uc/HYzabn4dxS4Sxro4dpEg/kicFeeIiUoHBoosgKrIGkUhKY3/x6CnJklJ0+2oc6W/K1H5SKODRceoVLOtNjZXj6IK6hVTyumOW8T7/lanvHM8AnpK7EjRTW9xt/njNs1nVdaThX+KyLkU=","1");
INSERT INTO persona VALUES("7392496","7","Pura","Castillo","ZoV52kTa1gsiY4C37GxsEUz1PPSEB7l3EWTrsLmPMkdElicxxx/X1iTzEY9v3T3S/b0YgDano3dNQwpdtLgHd4mL8dqEbaogXO5rZ7SdQIdP2mbamjq2lchTzzJiWEaTAs/S60fjoqBTM6dH9R6W5QgjHBXdrybwjnXvZl3doRzlTqJAr7rt/jnRDtiAZbAwxWJ6Q1/8u6p8dEK0ZPmeGYiXRPPMT6D3zG6RzoARHYzPeWAsTIiLCZi/Cn5j1E7cOoY1or9xsNxDL8IlUMCF6ljL0KNrn1wYLJ35kAycUEPm4JZqTcP4Y5F1K5ftCHwbQxwhvQHMoIdaYY05gaZOnyU2uwHKuf1JuGa8805sB3hOIl9IWjuhBh5CtbHFPwVn9oB7neR6qxmtARPozSXaou3GM5bc98OAlKiP48BaQ01ktxu9Wzr20nFDiMn+H3wVqYoTkQZ3eikrN2rrVyV9ixKrp0AkppoJUAXb9qMCqdP+UHAOIIwLAMiVuOx0ki+hZvPJTRx//NnpcHC+PrGEQSDMVBFj7ai+nFIjBnjRKvwRgu0Cw26e7l6Xa2dXrx92W4vZPgGO2bMWQ7KXgSeseOIbprS/iw+XsAEEH5WZMRx0Nai/YG4wCD3x9a7OkJQiIy92AJgarO0FOtvvUXjlIMf/1E8iJn3pecY5E+Y1msM=","WXsjxxCSSjrih+s2QwNSEUPPoE/D+jUqfv0W33mehLZjThcOO34Gpz/FxGACG+ivQOKrbgLnYoIpQm0npRBMtL9ZMpqzAkcXLMErvMXJED8IXXfJG0aBDH6JFKkqZSFCbNofpPI8ieEn+iiJ2QZryH/h4X3SgVlBGROWMlNboh8wX5HzihPoat8u976BT85RfUfzC1KJ+/hEJV7U2AA4z8+qXJwj+fmE2GuiIGsmZ8R1xkcDlZyqzVUPxoagxJSwJtoD9H3/cSYJJSwrd5pe/JQmxxRMdRydD78aEMxh9Y+aZX5XIZb0x9s+VLiR/3kUA3GSJ5gw/c0n5QpMQVkNjZtEfRIJAaRumOBGpL8qJcHQHd0w+MAuig1HzkTJcWVdPY8SPC8OkRoAbV3SKxWg0UQHPHnor7frlshd+3AiPy7IGibue2g2C6zQgecCDEhr0QPnhPV/Ti8/Q9RW6UHJ4JUOoBTHaoDf8OvvA7x74u5CHOGtOUsu2kL1WjgZ36jn7iOwZcxSGTKHGJDtXuckSYWB0ua5uc/HYzabn4dxS4Sxro4dpEg/kicFeeIiUoHBoosgKrIGkUhKY3/x6CnJklJ0+2oc6W/K1H5SKODRceoVLOtNjZXj6IK6hVTyumOW8T7/lanvHM8AnpK7EjRTW9xt/njNs1nVdaThX+KyLkU=","1");
INSERT INTO persona VALUES("7404027","6","Oswaldo","Aparicio","ZoV52kTa1gsiY4C37GxsEUz1PPSEB7l3EWTrsLmPMkdElicxxx/X1iTzEY9v3T3S/b0YgDano3dNQwpdtLgHd4mL8dqEbaogXO5rZ7SdQIdP2mbamjq2lchTzzJiWEaTAs/S60fjoqBTM6dH9R6W5QgjHBXdrybwjnXvZl3doRzlTqJAr7rt/jnRDtiAZbAwxWJ6Q1/8u6p8dEK0ZPmeGYiXRPPMT6D3zG6RzoARHYzPeWAsTIiLCZi/Cn5j1E7cOoY1or9xsNxDL8IlUMCF6ljL0KNrn1wYLJ35kAycUEPm4JZqTcP4Y5F1K5ftCHwbQxwhvQHMoIdaYY05gaZOnyU2uwHKuf1JuGa8805sB3hOIl9IWjuhBh5CtbHFPwVn9oB7neR6qxmtARPozSXaou3GM5bc98OAlKiP48BaQ01ktxu9Wzr20nFDiMn+H3wVqYoTkQZ3eikrN2rrVyV9ixKrp0AkppoJUAXb9qMCqdP+UHAOIIwLAMiVuOx0ki+hZvPJTRx//NnpcHC+PrGEQSDMVBFj7ai+nFIjBnjRKvwRgu0Cw26e7l6Xa2dXrx92W4vZPgGO2bMWQ7KXgSeseOIbprS/iw+XsAEEH5WZMRx0Nai/YG4wCD3x9a7OkJQiIy92AJgarO0FOtvvUXjlIMf/1E8iJn3pecY5E+Y1msM=","WXsjxxCSSjrih+s2QwNSEUPPoE/D+jUqfv0W33mehLZjThcOO34Gpz/FxGACG+ivQOKrbgLnYoIpQm0npRBMtL9ZMpqzAkcXLMErvMXJED8IXXfJG0aBDH6JFKkqZSFCbNofpPI8ieEn+iiJ2QZryH/h4X3SgVlBGROWMlNboh8wX5HzihPoat8u976BT85RfUfzC1KJ+/hEJV7U2AA4z8+qXJwj+fmE2GuiIGsmZ8R1xkcDlZyqzVUPxoagxJSwJtoD9H3/cSYJJSwrd5pe/JQmxxRMdRydD78aEMxh9Y+aZX5XIZb0x9s+VLiR/3kUA3GSJ5gw/c0n5QpMQVkNjZtEfRIJAaRumOBGpL8qJcHQHd0w+MAuig1HzkTJcWVdPY8SPC8OkRoAbV3SKxWg0UQHPHnor7frlshd+3AiPy7IGibue2g2C6zQgecCDEhr0QPnhPV/Ti8/Q9RW6UHJ4JUOoBTHaoDf8OvvA7x74u5CHOGtOUsu2kL1WjgZ36jn7iOwZcxSGTKHGJDtXuckSYWB0ua5uc/HYzabn4dxS4Sxro4dpEg/kicFeeIiUoHBoosgKrIGkUhKY3/x6CnJklJ0+2oc6W/K1H5SKODRceoVLOtNjZXj6IK6hVTyumOW8T7/lanvHM8AnpK7EjRTW9xt/njNs1nVdaThX+KyLkU=","1");
INSERT INTO persona VALUES("7423485","10","Ingrid","Figueroa","ZoV52kTa1gsiY4C37GxsEUz1PPSEB7l3EWTrsLmPMkdElicxxx/X1iTzEY9v3T3S/b0YgDano3dNQwpdtLgHd4mL8dqEbaogXO5rZ7SdQIdP2mbamjq2lchTzzJiWEaTAs/S60fjoqBTM6dH9R6W5QgjHBXdrybwjnXvZl3doRzlTqJAr7rt/jnRDtiAZbAwxWJ6Q1/8u6p8dEK0ZPmeGYiXRPPMT6D3zG6RzoARHYzPeWAsTIiLCZi/Cn5j1E7cOoY1or9xsNxDL8IlUMCF6ljL0KNrn1wYLJ35kAycUEPm4JZqTcP4Y5F1K5ftCHwbQxwhvQHMoIdaYY05gaZOnyU2uwHKuf1JuGa8805sB3hOIl9IWjuhBh5CtbHFPwVn9oB7neR6qxmtARPozSXaou3GM5bc98OAlKiP48BaQ01ktxu9Wzr20nFDiMn+H3wVqYoTkQZ3eikrN2rrVyV9ixKrp0AkppoJUAXb9qMCqdP+UHAOIIwLAMiVuOx0ki+hZvPJTRx//NnpcHC+PrGEQSDMVBFj7ai+nFIjBnjRKvwRgu0Cw26e7l6Xa2dXrx92W4vZPgGO2bMWQ7KXgSeseOIbprS/iw+XsAEEH5WZMRx0Nai/YG4wCD3x9a7OkJQiIy92AJgarO0FOtvvUXjlIMf/1E8iJn3pecY5E+Y1msM=","WXsjxxCSSjrih+s2QwNSEUPPoE/D+jUqfv0W33mehLZjThcOO34Gpz/FxGACG+ivQOKrbgLnYoIpQm0npRBMtL9ZMpqzAkcXLMErvMXJED8IXXfJG0aBDH6JFKkqZSFCbNofpPI8ieEn+iiJ2QZryH/h4X3SgVlBGROWMlNboh8wX5HzihPoat8u976BT85RfUfzC1KJ+/hEJV7U2AA4z8+qXJwj+fmE2GuiIGsmZ8R1xkcDlZyqzVUPxoagxJSwJtoD9H3/cSYJJSwrd5pe/JQmxxRMdRydD78aEMxh9Y+aZX5XIZb0x9s+VLiR/3kUA3GSJ5gw/c0n5QpMQVkNjZtEfRIJAaRumOBGpL8qJcHQHd0w+MAuig1HzkTJcWVdPY8SPC8OkRoAbV3SKxWg0UQHPHnor7frlshd+3AiPy7IGibue2g2C6zQgecCDEhr0QPnhPV/Ti8/Q9RW6UHJ4JUOoBTHaoDf8OvvA7x74u5CHOGtOUsu2kL1WjgZ36jn7iOwZcxSGTKHGJDtXuckSYWB0ua5uc/HYzabn4dxS4Sxro4dpEg/kicFeeIiUoHBoosgKrIGkUhKY3/x6CnJklJ0+2oc6W/K1H5SKODRceoVLOtNjZXj6IK6hVTyumOW8T7/lanvHM8AnpK7EjRTW9xt/njNs1nVdaThX+KyLkU=","1");
INSERT INTO persona VALUES("9619518","2","Sonia","Cordoba","ZoV52kTa1gsiY4C37GxsEUz1PPSEB7l3EWTrsLmPMkdElicxxx/X1iTzEY9v3T3S/b0YgDano3dNQwpdtLgHd4mL8dqEbaogXO5rZ7SdQIdP2mbamjq2lchTzzJiWEaTAs/S60fjoqBTM6dH9R6W5QgjHBXdrybwjnXvZl3doRzlTqJAr7rt/jnRDtiAZbAwxWJ6Q1/8u6p8dEK0ZPmeGYiXRPPMT6D3zG6RzoARHYzPeWAsTIiLCZi/Cn5j1E7cOoY1or9xsNxDL8IlUMCF6ljL0KNrn1wYLJ35kAycUEPm4JZqTcP4Y5F1K5ftCHwbQxwhvQHMoIdaYY05gaZOnyU2uwHKuf1JuGa8805sB3hOIl9IWjuhBh5CtbHFPwVn9oB7neR6qxmtARPozSXaou3GM5bc98OAlKiP48BaQ01ktxu9Wzr20nFDiMn+H3wVqYoTkQZ3eikrN2rrVyV9ixKrp0AkppoJUAXb9qMCqdP+UHAOIIwLAMiVuOx0ki+hZvPJTRx//NnpcHC+PrGEQSDMVBFj7ai+nFIjBnjRKvwRgu0Cw26e7l6Xa2dXrx92W4vZPgGO2bMWQ7KXgSeseOIbprS/iw+XsAEEH5WZMRx0Nai/YG4wCD3x9a7OkJQiIy92AJgarO0FOtvvUXjlIMf/1E8iJn3pecY5E+Y1msM=","2548475154","1");
INSERT INTO persona VALUES("9629702","12","Ruben","Godoy","ZoV52kTa1gsiY4C37GxsEUz1PPSEB7l3EWTrsLmPMkdElicxxx/X1iTzEY9v3T3S/b0YgDano3dNQwpdtLgHd4mL8dqEbaogXO5rZ7SdQIdP2mbamjq2lchTzzJiWEaTAs/S60fjoqBTM6dH9R6W5QgjHBXdrybwjnXvZl3doRzlTqJAr7rt/jnRDtiAZbAwxWJ6Q1/8u6p8dEK0ZPmeGYiXRPPMT6D3zG6RzoARHYzPeWAsTIiLCZi/Cn5j1E7cOoY1or9xsNxDL8IlUMCF6ljL0KNrn1wYLJ35kAycUEPm4JZqTcP4Y5F1K5ftCHwbQxwhvQHMoIdaYY05gaZOnyU2uwHKuf1JuGa8805sB3hOIl9IWjuhBh5CtbHFPwVn9oB7neR6qxmtARPozSXaou3GM5bc98OAlKiP48BaQ01ktxu9Wzr20nFDiMn+H3wVqYoTkQZ3eikrN2rrVyV9ixKrp0AkppoJUAXb9qMCqdP+UHAOIIwLAMiVuOx0ki+hZvPJTRx//NnpcHC+PrGEQSDMVBFj7ai+nFIjBnjRKvwRgu0Cw26e7l6Xa2dXrx92W4vZPgGO2bMWQ7KXgSeseOIbprS/iw+XsAEEH5WZMRx0Nai/YG4wCD3x9a7OkJQiIy92AJgarO0FOtvvUXjlIMf/1E8iJn3pecY5E+Y1msM=","WXsjxxCSSjrih+s2QwNSEUPPoE/D+jUqfv0W33mehLZjThcOO34Gpz/FxGACG+ivQOKrbgLnYoIpQm0npRBMtL9ZMpqzAkcXLMErvMXJED8IXXfJG0aBDH6JFKkqZSFCbNofpPI8ieEn+iiJ2QZryH/h4X3SgVlBGROWMlNboh8wX5HzihPoat8u976BT85RfUfzC1KJ+/hEJV7U2AA4z8+qXJwj+fmE2GuiIGsmZ8R1xkcDlZyqzVUPxoagxJSwJtoD9H3/cSYJJSwrd5pe/JQmxxRMdRydD78aEMxh9Y+aZX5XIZb0x9s+VLiR/3kUA3GSJ5gw/c0n5QpMQVkNjZtEfRIJAaRumOBGpL8qJcHQHd0w+MAuig1HzkTJcWVdPY8SPC8OkRoAbV3SKxWg0UQHPHnor7frlshd+3AiPy7IGibue2g2C6zQgecCDEhr0QPnhPV/Ti8/Q9RW6UHJ4JUOoBTHaoDf8OvvA7x74u5CHOGtOUsu2kL1WjgZ36jn7iOwZcxSGTKHGJDtXuckSYWB0ua5uc/HYzabn4dxS4Sxro4dpEg/kicFeeIiUoHBoosgKrIGkUhKY3/x6CnJklJ0+2oc6W/K1H5SKODRceoVLOtNjZXj6IK6hVTyumOW8T7/lanvHM8AnpK7EjRTW9xt/njNs1nVdaThX+KyLkU=","1");
INSERT INTO persona VALUES("11264888","11","Lerida","Figueroa","ZoV52kTa1gsiY4C37GxsEUz1PPSEB7l3EWTrsLmPMkdElicxxx/X1iTzEY9v3T3S/b0YgDano3dNQwpdtLgHd4mL8dqEbaogXO5rZ7SdQIdP2mbamjq2lchTzzJiWEaTAs/S60fjoqBTM6dH9R6W5QgjHBXdrybwjnXvZl3doRzlTqJAr7rt/jnRDtiAZbAwxWJ6Q1/8u6p8dEK0ZPmeGYiXRPPMT6D3zG6RzoARHYzPeWAsTIiLCZi/Cn5j1E7cOoY1or9xsNxDL8IlUMCF6ljL0KNrn1wYLJ35kAycUEPm4JZqTcP4Y5F1K5ftCHwbQxwhvQHMoIdaYY05gaZOnyU2uwHKuf1JuGa8805sB3hOIl9IWjuhBh5CtbHFPwVn9oB7neR6qxmtARPozSXaou3GM5bc98OAlKiP48BaQ01ktxu9Wzr20nFDiMn+H3wVqYoTkQZ3eikrN2rrVyV9ixKrp0AkppoJUAXb9qMCqdP+UHAOIIwLAMiVuOx0ki+hZvPJTRx//NnpcHC+PrGEQSDMVBFj7ai+nFIjBnjRKvwRgu0Cw26e7l6Xa2dXrx92W4vZPgGO2bMWQ7KXgSeseOIbprS/iw+XsAEEH5WZMRx0Nai/YG4wCD3x9a7OkJQiIy92AJgarO0FOtvvUXjlIMf/1E8iJn3pecY5E+Y1msM=","WXsjxxCSSjrih+s2QwNSEUPPoE/D+jUqfv0W33mehLZjThcOO34Gpz/FxGACG+ivQOKrbgLnYoIpQm0npRBMtL9ZMpqzAkcXLMErvMXJED8IXXfJG0aBDH6JFKkqZSFCbNofpPI8ieEn+iiJ2QZryH/h4X3SgVlBGROWMlNboh8wX5HzihPoat8u976BT85RfUfzC1KJ+/hEJV7U2AA4z8+qXJwj+fmE2GuiIGsmZ8R1xkcDlZyqzVUPxoagxJSwJtoD9H3/cSYJJSwrd5pe/JQmxxRMdRydD78aEMxh9Y+aZX5XIZb0x9s+VLiR/3kUA3GSJ5gw/c0n5QpMQVkNjZtEfRIJAaRumOBGpL8qJcHQHd0w+MAuig1HzkTJcWVdPY8SPC8OkRoAbV3SKxWg0UQHPHnor7frlshd+3AiPy7IGibue2g2C6zQgecCDEhr0QPnhPV/Ti8/Q9RW6UHJ4JUOoBTHaoDf8OvvA7x74u5CHOGtOUsu2kL1WjgZ36jn7iOwZcxSGTKHGJDtXuckSYWB0ua5uc/HYzabn4dxS4Sxro4dpEg/kicFeeIiUoHBoosgKrIGkUhKY3/x6CnJklJ0+2oc6W/K1H5SKODRceoVLOtNjZXj6IK6hVTyumOW8T7/lanvHM8AnpK7EjRTW9xt/njNs1nVdaThX+KyLkU=","1");
INSERT INTO persona VALUES("13527711","14","Marling","Brito","ZoV52kTa1gsiY4C37GxsEUz1PPSEB7l3EWTrsLmPMkdElicxxx/X1iTzEY9v3T3S/b0YgDano3dNQwpdtLgHd4mL8dqEbaogXO5rZ7SdQIdP2mbamjq2lchTzzJiWEaTAs/S60fjoqBTM6dH9R6W5QgjHBXdrybwjnXvZl3doRzlTqJAr7rt/jnRDtiAZbAwxWJ6Q1/8u6p8dEK0ZPmeGYiXRPPMT6D3zG6RzoARHYzPeWAsTIiLCZi/Cn5j1E7cOoY1or9xsNxDL8IlUMCF6ljL0KNrn1wYLJ35kAycUEPm4JZqTcP4Y5F1K5ftCHwbQxwhvQHMoIdaYY05gaZOnyU2uwHKuf1JuGa8805sB3hOIl9IWjuhBh5CtbHFPwVn9oB7neR6qxmtARPozSXaou3GM5bc98OAlKiP48BaQ01ktxu9Wzr20nFDiMn+H3wVqYoTkQZ3eikrN2rrVyV9ixKrp0AkppoJUAXb9qMCqdP+UHAOIIwLAMiVuOx0ki+hZvPJTRx//NnpcHC+PrGEQSDMVBFj7ai+nFIjBnjRKvwRgu0Cw26e7l6Xa2dXrx92W4vZPgGO2bMWQ7KXgSeseOIbprS/iw+XsAEEH5WZMRx0Nai/YG4wCD3x9a7OkJQiIy92AJgarO0FOtvvUXjlIMf/1E8iJn3pecY5E+Y1msM=","WXsjxxCSSjrih+s2QwNSEUPPoE/D+jUqfv0W33mehLZjThcOO34Gpz/FxGACG+ivQOKrbgLnYoIpQm0npRBMtL9ZMpqzAkcXLMErvMXJED8IXXfJG0aBDH6JFKkqZSFCbNofpPI8ieEn+iiJ2QZryH/h4X3SgVlBGROWMlNboh8wX5HzihPoat8u976BT85RfUfzC1KJ+/hEJV7U2AA4z8+qXJwj+fmE2GuiIGsmZ8R1xkcDlZyqzVUPxoagxJSwJtoD9H3/cSYJJSwrd5pe/JQmxxRMdRydD78aEMxh9Y+aZX5XIZb0x9s+VLiR/3kUA3GSJ5gw/c0n5QpMQVkNjZtEfRIJAaRumOBGpL8qJcHQHd0w+MAuig1HzkTJcWVdPY8SPC8OkRoAbV3SKxWg0UQHPHnor7frlshd+3AiPy7IGibue2g2C6zQgecCDEhr0QPnhPV/Ti8/Q9RW6UHJ4JUOoBTHaoDf8OvvA7x74u5CHOGtOUsu2kL1WjgZ36jn7iOwZcxSGTKHGJDtXuckSYWB0ua5uc/HYzabn4dxS4Sxro4dpEg/kicFeeIiUoHBoosgKrIGkUhKY3/x6CnJklJ0+2oc6W/K1H5SKODRceoVLOtNjZXj6IK6hVTyumOW8T7/lanvHM8AnpK7EjRTW9xt/njNs1nVdaThX+KyLkU=","1");
INSERT INTO persona VALUES("13991250","9","Ligia","Durán","ZoV52kTa1gsiY4C37GxsEUz1PPSEB7l3EWTrsLmPMkdElicxxx/X1iTzEY9v3T3S/b0YgDano3dNQwpdtLgHd4mL8dqEbaogXO5rZ7SdQIdP2mbamjq2lchTzzJiWEaTAs/S60fjoqBTM6dH9R6W5QgjHBXdrybwjnXvZl3doRzlTqJAr7rt/jnRDtiAZbAwxWJ6Q1/8u6p8dEK0ZPmeGYiXRPPMT6D3zG6RzoARHYzPeWAsTIiLCZi/Cn5j1E7cOoY1or9xsNxDL8IlUMCF6ljL0KNrn1wYLJ35kAycUEPm4JZqTcP4Y5F1K5ftCHwbQxwhvQHMoIdaYY05gaZOnyU2uwHKuf1JuGa8805sB3hOIl9IWjuhBh5CtbHFPwVn9oB7neR6qxmtARPozSXaou3GM5bc98OAlKiP48BaQ01ktxu9Wzr20nFDiMn+H3wVqYoTkQZ3eikrN2rrVyV9ixKrp0AkppoJUAXb9qMCqdP+UHAOIIwLAMiVuOx0ki+hZvPJTRx//NnpcHC+PrGEQSDMVBFj7ai+nFIjBnjRKvwRgu0Cw26e7l6Xa2dXrx92W4vZPgGO2bMWQ7KXgSeseOIbprS/iw+XsAEEH5WZMRx0Nai/YG4wCD3x9a7OkJQiIy92AJgarO0FOtvvUXjlIMf/1E8iJn3pecY5E+Y1msM=","WXsjxxCSSjrih+s2QwNSEUPPoE/D+jUqfv0W33mehLZjThcOO34Gpz/FxGACG+ivQOKrbgLnYoIpQm0npRBMtL9ZMpqzAkcXLMErvMXJED8IXXfJG0aBDH6JFKkqZSFCbNofpPI8ieEn+iiJ2QZryH/h4X3SgVlBGROWMlNboh8wX5HzihPoat8u976BT85RfUfzC1KJ+/hEJV7U2AA4z8+qXJwj+fmE2GuiIGsmZ8R1xkcDlZyqzVUPxoagxJSwJtoD9H3/cSYJJSwrd5pe/JQmxxRMdRydD78aEMxh9Y+aZX5XIZb0x9s+VLiR/3kUA3GSJ5gw/c0n5QpMQVkNjZtEfRIJAaRumOBGpL8qJcHQHd0w+MAuig1HzkTJcWVdPY8SPC8OkRoAbV3SKxWg0UQHPHnor7frlshd+3AiPy7IGibue2g2C6zQgecCDEhr0QPnhPV/Ti8/Q9RW6UHJ4JUOoBTHaoDf8OvvA7x74u5CHOGtOUsu2kL1WjgZ36jn7iOwZcxSGTKHGJDtXuckSYWB0ua5uc/HYzabn4dxS4Sxro4dpEg/kicFeeIiUoHBoosgKrIGkUhKY3/x6CnJklJ0+2oc6W/K1H5SKODRceoVLOtNjZXj6IK6hVTyumOW8T7/lanvHM8AnpK7EjRTW9xt/njNs1nVdaThX+KyLkU=","1");
INSERT INTO persona VALUES("15693145","13","Indira","Gonzáles","ZoV52kTa1gsiY4C37GxsEUz1PPSEB7l3EWTrsLmPMkdElicxxx/X1iTzEY9v3T3S/b0YgDano3dNQwpdtLgHd4mL8dqEbaogXO5rZ7SdQIdP2mbamjq2lchTzzJiWEaTAs/S60fjoqBTM6dH9R6W5QgjHBXdrybwjnXvZl3doRzlTqJAr7rt/jnRDtiAZbAwxWJ6Q1/8u6p8dEK0ZPmeGYiXRPPMT6D3zG6RzoARHYzPeWAsTIiLCZi/Cn5j1E7cOoY1or9xsNxDL8IlUMCF6ljL0KNrn1wYLJ35kAycUEPm4JZqTcP4Y5F1K5ftCHwbQxwhvQHMoIdaYY05gaZOnyU2uwHKuf1JuGa8805sB3hOIl9IWjuhBh5CtbHFPwVn9oB7neR6qxmtARPozSXaou3GM5bc98OAlKiP48BaQ01ktxu9Wzr20nFDiMn+H3wVqYoTkQZ3eikrN2rrVyV9ixKrp0AkppoJUAXb9qMCqdP+UHAOIIwLAMiVuOx0ki+hZvPJTRx//NnpcHC+PrGEQSDMVBFj7ai+nFIjBnjRKvwRgu0Cw26e7l6Xa2dXrx92W4vZPgGO2bMWQ7KXgSeseOIbprS/iw+XsAEEH5WZMRx0Nai/YG4wCD3x9a7OkJQiIy92AJgarO0FOtvvUXjlIMf/1E8iJn3pecY5E+Y1msM=","WXsjxxCSSjrih+s2QwNSEUPPoE/D+jUqfv0W33mehLZjThcOO34Gpz/FxGACG+ivQOKrbgLnYoIpQm0npRBMtL9ZMpqzAkcXLMErvMXJED8IXXfJG0aBDH6JFKkqZSFCbNofpPI8ieEn+iiJ2QZryH/h4X3SgVlBGROWMlNboh8wX5HzihPoat8u976BT85RfUfzC1KJ+/hEJV7U2AA4z8+qXJwj+fmE2GuiIGsmZ8R1xkcDlZyqzVUPxoagxJSwJtoD9H3/cSYJJSwrd5pe/JQmxxRMdRydD78aEMxh9Y+aZX5XIZb0x9s+VLiR/3kUA3GSJ5gw/c0n5QpMQVkNjZtEfRIJAaRumOBGpL8qJcHQHd0w+MAuig1HzkTJcWVdPY8SPC8OkRoAbV3SKxWg0UQHPHnor7frlshd+3AiPy7IGibue2g2C6zQgecCDEhr0QPnhPV/Ti8/Q9RW6UHJ4JUOoBTHaoDf8OvvA7x74u5CHOGtOUsu2kL1WjgZ36jn7iOwZcxSGTKHGJDtXuckSYWB0ua5uc/HYzabn4dxS4Sxro4dpEg/kicFeeIiUoHBoosgKrIGkUhKY3/x6CnJklJ0+2oc6W/K1H5SKODRceoVLOtNjZXj6IK6hVTyumOW8T7/lanvHM8AnpK7EjRTW9xt/njNs1nVdaThX+KyLkU=","1");
INSERT INTO persona VALUES("17227723","280","Esleidys","Rodriguez","direccion","04261234567","1");
INSERT INTO persona VALUES("19432505","160","Arturo","Vila","Dirección","04141234567","1");
INSERT INTO persona VALUES("20009949","227","Lenny","Yépez","direccion","04261234567","1");
INSERT INTO persona VALUES("24399094","89","Gerardo ","Bravo","Dirección","04141234567","1");
INSERT INTO persona VALUES("24417327","190","Daniel","Mujica","direccion","04126461698","1");
INSERT INTO persona VALUES("25442380","288","Kevin","Heredia","Calle 5 Nº S/N Urbanización del Este. Diagonal al","02514568099","1");
INSERT INTO persona VALUES("25526317","281","Jhonny","Alvarado","direccion","04261234567","1");
INSERT INTO persona VALUES("25526435","126","Hermes Millo","Hernández Arias","direccion","04166550234","1");
INSERT INTO persona VALUES("25541868","276","Gabriel","Márquez","direccion","04261234567","1");
INSERT INTO persona VALUES("25894780","57","Sarai","Perez","Direccion","04245128963","1");
INSERT INTO persona VALUES("25956573","147","Hennys Enrique","Perez Perez","Dirección","04163140197","1");
INSERT INTO persona VALUES("25961485","185","Edixon","Torres","direccion","04261234567","1");
INSERT INTO persona VALUES("26076982","70","Yonny Jesus","Pargas","direccion","04245339829","1");
INSERT INTO persona VALUES("26141422","45","Frank","Pineda","direccion","04122687417","1");
INSERT INTO persona VALUES("26197135","33","Maria Jose","Diaz","direccion","04245044351","1");
INSERT INTO persona VALUES("26555637","115","Daniel Josue","Arenas Peñaloza","Dirección","04141234567","1");
INSERT INTO persona VALUES("26779660","239","Daniel","Rojas","direccion","04261234567","1");
INSERT INTO persona VALUES("26800302","213","Gustavo","Mendoza","direccion","04261234567","1");
INSERT INTO persona VALUES("26831466","138","Guy Castillo","Albert Daniel","direccion","04261234567","1");
INSERT INTO persona VALUES("26945388","78","Jesus Alejandro","Martinez Escobar","Dirección","04141234567","1");
INSERT INTO persona VALUES("26976737","277","Diana","Escalona","direccion","04261234567","1");
INSERT INTO persona VALUES("27025337","83","Leonardo Jose","Melendez","Dirección","04141234567","1");
INSERT INTO persona VALUES("27120700","285","JESUS ALBERTO","BORZELLINO GUEDEZ","direccion","04266586616","1");
INSERT INTO persona VALUES("27198786","117","Gabriel Alejandro","Fernandez Arrieche","Dirección","04141234567","1");
INSERT INTO persona VALUES("27199177","60","Jesus","Canelon","direccion","04143545920","1");
INSERT INTO persona VALUES("27210776","30","Robert","Luna","Dirección","04141234567","1");
INSERT INTO persona VALUES("27388616","67","Jesus Alexander","Perdomo Perdomo","direccion","04245772272","1");
INSERT INTO persona VALUES("27397112","98","Anny Geraldine","Reyes Rivero","direccion","04261234567","1");
INSERT INTO persona VALUES("27411195","212","Jesús","Calderas","direccion","04261234567","1");
INSERT INTO persona VALUES("27436179","82","Jose Angel ","Morales Gonzalez","Dirección","04141234567","1");
INSERT INTO persona VALUES("27554490","279","Joverly","Díaz","direccion","04261234567","1");
INSERT INTO persona VALUES("27586482","121","Rosbely ","Guedez","Dirección","04120502474","1");
INSERT INTO persona VALUES("27629456","146","Adrian Jose","Quintero Rojas","Dirección","04245996332","1");
INSERT INTO persona VALUES("27629581","39","Arianna","Colmenarez","direccion","04267346011","1");
INSERT INTO persona VALUES("27666555","58","Jesus","Aguirre","direccion","04122689578","1");
INSERT INTO persona VALUES("27667928","282","DARLA ANGELINA","PERAZA ESPINOZA","direccion","04166546047","1");
INSERT INTO persona VALUES("27736558","199","Angie","Bayona","direccion","04261234567","1");
INSERT INTO persona VALUES("27737198","113","Luis","Yepez","Dirección","04141234567","1");
INSERT INTO persona VALUES("27737458","56","Ricardo Andres","Hernandez Gonzalez","Dirección","04141234567","1");
INSERT INTO persona VALUES("27828169","119","Heyker David","Vargas Fernandez","Dirección","04141234567","1");
INSERT INTO persona VALUES("27831369","100","Abraham Isaac","Amaro Camejo","direccion","04261234567","1");
INSERT INTO persona VALUES("28019244","211","Daniel","López","direccion","04261234567","1");
INSERT INTO persona VALUES("28020203","106","Joseph","Suarez","Dirección","04141234567","1");
INSERT INTO persona VALUES("28055655","29","Cesar","Vides","direccion","04120318406","1");
INSERT INTO persona VALUES("28113106","32","Jose","Vasquez","Dirección","04141234567","1");
INSERT INTO persona VALUES("28150004","66","Juan Ernesto","Silva Linarez","direccion","04121338031","1");
INSERT INTO persona VALUES("28204985","31","Luis","Quevedo","direccion","04125247872","1");
INSERT INTO persona VALUES("28256789","179","Erian Antonio","Arrechera Bello","direccion","04261234567","1");
INSERT INTO persona VALUES("28286982","144","Jose","De Marzo","Dirección","04245359186","1");
INSERT INTO persona VALUES("28297900","171","Angel Daniel","García Pérez","direccion","04261234567","1");
INSERT INTO persona VALUES("28338690","145","Benito Antonio","Uzcategui Rodriguez","Dirección","04161393796","1");
INSERT INTO persona VALUES("28363656","49","Kevin","Falcon","direccion","04245506186","1");
INSERT INTO persona VALUES("28363772","44","Gabriel","Garcia","direccion","04145514422","1");
INSERT INTO persona VALUES("28363903","172","Josmer","Cueri","Dirección","04120582637","1");
INSERT INTO persona VALUES("28381831","64","Kelvin Joel","Mendez Frankiz","Dirección","04141234567","1");
INSERT INTO persona VALUES("28406215","112","Nathan","Mendoza","Dirección","04141234567","1");
INSERT INTO persona VALUES("28406618","80","Yonaiker Francisco","Peña Matos","Dirección","04141234567","1");
INSERT INTO persona VALUES("28406661","65","Fernando Jose","Alvarado Alvarado","Dirección","04141234567","1");
INSERT INTO persona VALUES("28406924","169","Braynt de Jesús ","Medina Briseño","direccion","04261234567","1");
INSERT INTO persona VALUES("28453954","193","Angel","Oliveira","direccion","04120535207","1");
INSERT INTO persona VALUES("28454122","156","Danielson","Goyo","Dirección","04141234567","1");
INSERT INTO persona VALUES("28466973","91","Manuel Alejandro","Rojas Soteldo","Dirección","04141234567","1");
INSERT INTO persona VALUES("28493197","201","Daniel","Corro","direccion","04261234567","1");
INSERT INTO persona VALUES("28516209","244","Manuela","Mujica","direccion","04261234567","1");
INSERT INTO persona VALUES("28528588","109","Javier","Rojas","Dirección","04141234567","1");
INSERT INTO persona VALUES("28539728","140","Hernan Alejandro","Meza Perez","Dirección","04245679063","1");
INSERT INTO persona VALUES("28566432","1","Admin","admin","Urb. La Concordia","04247777777","1");
INSERT INTO persona VALUES("28591973","35","Jesus David","Regalado Torrealba","d","04141234567","1");
INSERT INTO persona VALUES("28609972","97","Ariangel Stefany","Valladares Pérez","direccion","04261234567","1");
INSERT INTO persona VALUES("28646706","157","Engels David","Grau Arias ","direccion","04261234567","1");
INSERT INTO persona VALUES("28661484","114","Zenon","Barradas","direccion","04261234567","1");
INSERT INTO persona VALUES("28672771","50","Miguel","Pacini","direccion","04245647236","1");
INSERT INTO persona VALUES("28699599","275","Samuel","Arriechi","direccion","04261234567","1");
INSERT INTO persona VALUES("29442380","51","Kevin","Heredia","direccion","04263076322","1");
INSERT INTO persona VALUES("29506241","88","Jesus Santiago","Hernandez Perez","direccion","04120549313","1");
INSERT INTO persona VALUES("29506862","79","Surelys Cristina","Perez Estrada","direccion","04244982882","1");
INSERT INTO persona VALUES("29506932","59","Moises Jesus","Torrellas Colmenarez","Dirección","04141234567","1");
INSERT INTO persona VALUES("29517871","62","Leonardo Antonio","Medina Garcia","Dirección","04141234567","1");
INSERT INTO persona VALUES("29531465","142","Yonathan Joseph","Mogollon Duran","Dirección","04123652677","1");
INSERT INTO persona VALUES("29531677","116","Gerson Jesus","Ballestero Salcedo","Dirección","04141234567","1");
INSERT INTO persona VALUES("29560584","192","Enderson","Medina","direccion","04261234567","1");
INSERT INTO persona VALUES("29604245","42","Ruander","Cuello","direccion","04241234567","1");
INSERT INTO persona VALUES("29623228","52","Yonjarman Jesus","Perez Alvarez","Dirección","04141234567","1");
INSERT INTO persona VALUES("29623277","274","Jesús","Pérez","direccion","04261234567","1");
INSERT INTO persona VALUES("29624646","278","Micchelle","Sánchez","direccion","04261234567","1");
INSERT INTO persona VALUES("29624981","200","Cesar Antonio","Carrera Días ","direccion","04261234567","1");
INSERT INTO persona VALUES("29654148","118","Bedalys Coromoto","Vivas Gil","Dirección","04141234567","1");
INSERT INTO persona VALUES("29707067","107","Freiderth","Alvarado ","Dirección","04141234567","1");
INSERT INTO persona VALUES("29707117","48","Carlos","Gomez","direccion","04245336144","1");
INSERT INTO persona VALUES("29778208","36","Daniela","Veliz","direccion","04245009023","1");
INSERT INTO persona VALUES("29795114","46","Angel","Mujica","direccion","04245599069","1");
INSERT INTO persona VALUES("29805941","250","Nachor","Ollarves","direccion","04261234567","1");
INSERT INTO persona VALUES("29831184","41","Diego","Aguilar","direccion","04122448721","1");
INSERT INTO persona VALUES("29851122","28","Stephan","Vilchez","Dirección","04141234567","1");
INSERT INTO persona VALUES("29873164","283","ROXANA RIZETH","RAMOS SERRANO","direccion","04143531978","1");
INSERT INTO persona VALUES("29873456","68","José Rafael","Escalona Benitez","direccion","04122648727","1");
INSERT INTO persona VALUES("29873538","94","Miguel Alejandro","Perez Leal","direccion","04262661913","1");
INSERT INTO persona VALUES("29880397","86","Victor ","Guaramato","Dirección","04141234567","1");
INSERT INTO persona VALUES("29880973","90","Jesus David","Rojas Cuello","Dirección","04141234567","1");
INSERT INTO persona VALUES("29895827","95","Gustavo José ","Jiménez Torres","direccion","04261234567","1");
INSERT INTO persona VALUES("29896041","173","Adrian","Duin","Dirección","04266041184","1");
INSERT INTO persona VALUES("29913125","23","Gonzalo","Pineda","Dirección","04141234567","1");
INSERT INTO persona VALUES("29913199","99","Francisco Javier","Mendoza Domínguez","direccion","04261234567","1");
INSERT INTO persona VALUES("29944858","215","Jhonnel","González","direccion","04261234567","1");
INSERT INTO persona VALUES("29945099","43","Cirez","Barriga","direccion","04145229435","1");
INSERT INTO persona VALUES("29945119","133","Lisseth Annarella","Silva Valera","Dirección","04167581180","1");
INSERT INTO persona VALUES("29957469","125","Gabriel Enrique","Mujica Chirinos","direccion","04261234567","1");
INSERT INTO persona VALUES("29972530","73","Edouard Rafael","Sandoval Querales","direccion","04122943118","1");
INSERT INTO persona VALUES("29976008","220","Brian","Escalona","direccion","04261234567","1");
INSERT INTO persona VALUES("29976514","141","Gustavo Antonio","Heredia Baldayo","direccion","04265575858","1");
INSERT INTO persona VALUES("29976685","143","Wilden Jesús","Rodríguez Bravo","direccion","04124836610","1");
INSERT INTO persona VALUES("29997704","165","Daniel Arturo","Farías Puerta","direccion","04261234567","1");
INSERT INTO persona VALUES("29997994","92","Yessica Valentina","Melendez Chirinos","Dirección","04141234567","1");
INSERT INTO persona VALUES("30014771","221","Angel","Martínez","direccion","04261234567","1");
INSERT INTO persona VALUES("30071615","61","Nestor Alonso ","Vergas Pire","Dirección","04141234567","1");
INSERT INTO persona VALUES("30072062","37","Yohander Jose","Dorantes Gomez","Dirección","04141234567","1");
INSERT INTO persona VALUES("30074007","47","Angel","Delgado","direccion","04145529632","1");
INSERT INTO persona VALUES("30087582","72","Luis Alejandro","Garnica Vargas","direccion","04126742231","1");
INSERT INTO persona VALUES("30088197","284","FRANK LUIS","YEPEZ OLIVA","direccion","04161571721","1");
INSERT INTO persona VALUES("30095928","187","Jesus Enrique","Fernandez Perozo","Dirección","04141234567","1");
INSERT INTO persona VALUES("30105192","225","Yhensy","Melendez","direccion","04261234567","1");
INSERT INTO persona VALUES("30105575","120","Niccol Daniel","Rodriguez Sabaleta","Dirección","04122974275","1");
INSERT INTO persona VALUES("30125965","174","Paula Yeanmary","Rivero Paiva","direccion","04261234567","1");
INSERT INTO persona VALUES("30128473","163","Diego Andrés","López Vivas","direccion","04261234567","1");
INSERT INTO persona VALUES("30128602","196","Leslimar","Rivero","direccion","04261234567","1");
INSERT INTO persona VALUES("30129964","176","Anderson Arévalo","Perozo Domínguez","direccion","04261234567","1");
INSERT INTO persona VALUES("30130281","122","Endhismarot","Peralta","Dirección","04161218297","1");
INSERT INTO persona VALUES("30130317","183","Wilker Gabriel","Alburjas Agüero","direccion","04245674040","1");
INSERT INTO persona VALUES("30145565","38","Gabriel Alejandro","Perez Mendez","Dirección","04141234567","1");
INSERT INTO persona VALUES("30145618","159","Jorge Luis","Mora García","direccion","04261234567","1");
INSERT INTO persona VALUES("30205068","137","Jesus Gabriel","Daza Garcia","Dirección","04262638476","1");
INSERT INTO persona VALUES("30218425","101","Francheska Karelys","Monsalve Medina","direccion","04261234567","1");
INSERT INTO persona VALUES("30218482","132","Robert Sabino","Vargas Cañizalez","direccion","04120552258","1");
INSERT INTO persona VALUES("30218708","71","Yarelys Yoleida","Ramos Ramos","direccion","04164940217","1");
INSERT INTO persona VALUES("30218990","93","Jose Guillermo","Perez Soto","direccion","04260563224","1");
INSERT INTO persona VALUES("30226558","84","Gabriela Alejandra","Palma Adjunta","Dirección","04141234567","1");
INSERT INTO persona VALUES("30266398","161","Leizer Gabriel","Torrealba Aponte","direccion","04261234567","1");
INSERT INTO persona VALUES("30266400","216","Mariangel","Escobar","direccion","04261234567","1");
INSERT INTO persona VALUES("30266577","27","Jeremy","Piñero","Dirección","04141234567","1");
INSERT INTO persona VALUES("30300960","131","Juan Manuel","Colmenzarez Mendoza","direccion","04245811822","1");
INSERT INTO persona VALUES("30304373","166","Raymari","Romero","Dirección","04245849724","1");
INSERT INTO persona VALUES("30317355","135","Marcos ","Arrieche","Dirección","04245130149","1");
INSERT INTO persona VALUES("30317478","139","Saddiel Alejandro","Reyes Soto","direccion","04261234567","1");
INSERT INTO persona VALUES("30318222","154","Diego","Barreto","Dirección","04141234567","1");
INSERT INTO persona VALUES("30324703","255","María","Pérez","direccion","04261234567","1");
INSERT INTO persona VALUES("30324954","167","Eliecer Fernando","Hernández Juárez","direccion","04261234567","1");
INSERT INTO persona VALUES("30335417","180","Simón José ","Freitez Díaz","direccion","04241587101","1");
INSERT INTO persona VALUES("30344763","136","Ely José","Sivira Natera","direccion","04261234567","1");
INSERT INTO persona VALUES("30353397","164","Rafael Daniel","Gutiérrez Rojas ","direccion","04261234567","1");
INSERT INTO persona VALUES("30353577","251","Yancarlos","Camacaro","direccion","04261234567","1");
INSERT INTO persona VALUES("30376386","87","Josmarlex Antonieta","Alvarado Perez","direccion","04125175091","1");
INSERT INTO persona VALUES("30396029","111","Orlando Antonio","Barrientos Monasterios","direccion","04261234567","1");
INSERT INTO persona VALUES("30396184","226","Kevin","Medina","direccion","04261234567","1");
INSERT INTO persona VALUES("30405566","148","Abrahan","Rodriguez","Dirección","04141234567","1");
INSERT INTO persona VALUES("30405571","168","Moises","Contreras","Dirección","04120483397","1");
INSERT INTO persona VALUES("30405793","222","Reichel","Morales","direccion","04261234567","1");
INSERT INTO persona VALUES("30434563","189","Karen","Herrera","direccion","04261234567","1");
INSERT INTO persona VALUES("30448190","261","Elianyibeth","Colmenarez","direccion","04261234567","1");
INSERT INTO persona VALUES("30454597","204","Franklin Javier","Fonseca Vásquez","direccion","04261234567","1");
INSERT INTO persona VALUES("30479630","218","Jeremias","Arrieche","direccion","04261234567","1");
INSERT INTO persona VALUES("30485795","110","Rafael Alfonzo","Jiménez Colina","direccion","04165165583","1");
INSERT INTO persona VALUES("30528058","191","Freider","Guédez","direccion","04267955615","1");
INSERT INTO persona VALUES("30529335","128","Jhonder","Abreu","Dirección","04169554296","1");
INSERT INTO persona VALUES("30529448","134","Edixón José","Zambrano Echeverría","direccion","04261234567","1");
INSERT INTO persona VALUES("30553759","170","Frangher","Pereira","Dirección","04125126988","1");
INSERT INTO persona VALUES("30554053","75","Wilmer Daniel","Baez Rivero","direccion","04244151331","1");
INSERT INTO persona VALUES("30554088","81","Luciano Salvador","Guedez Perez","direccion","04265259901","1");
INSERT INTO persona VALUES("30554145","76","Dixon Daniel","Bastias Hernandez","direccion","04165378241","1");
INSERT INTO persona VALUES("30554404","74","Felix Aaron","Dominguez Colmenares","direccion","04121506791","1");
INSERT INTO persona VALUES("30554657","69","Rosimar Angelis","Pernalete Alvarado","direccion","04160592168","1");
INSERT INTO persona VALUES("30560144","209","Joaquin","Mendoza","direccion","04261234567","1");
INSERT INTO persona VALUES("30560426","177","Angel David","Mendoza Pérez","direccion","04261234567","1");
INSERT INTO persona VALUES("30560560","210","Johan","Montero","direccion","04261234567","1");
INSERT INTO persona VALUES("30587563","150","Ruby Florismar","Pérez Quintero","direccion","04245271448","1");
INSERT INTO persona VALUES("30587785","202","Mariangel Carolina","Bokor Vargas","direccion","04261234567","1");
INSERT INTO persona VALUES("30588476","219","Stefany","Bello","direccion","04261234567","1");
INSERT INTO persona VALUES("30591237","40","LUIS","PERDOMO","direccion","04141392278","1");
INSERT INTO persona VALUES("30591468","197","Jose","Martinez","direccion","04261234567","1");
INSERT INTO persona VALUES("30601403","96","Jesús Gabriel","Escalona","direccion","04261234567","1");
INSERT INTO persona VALUES("30601663","184","Rosa Isabel ","Pérez Gómez ","direccion","04161855110","1");
INSERT INTO persona VALUES("30601666","257","Alan","Montilla","direccion","04261234567","1");
INSERT INTO persona VALUES("30621800","256","Mairelys","Marín","direccion","04261234567","1");
INSERT INTO persona VALUES("30621851","232","Michell","Urra","direccion","04261234567","1");
INSERT INTO persona VALUES("30621894","105","Yosibel de los Angeles","Castillo Díaz","direccion","04128236732","1");
INSERT INTO persona VALUES("30657597","248","Daniel","Lucena","direccion","04261234567","1");
INSERT INTO persona VALUES("30657852","108","Ricardo Josué","Barradas Justo","direccion","04245903491","1");
INSERT INTO persona VALUES("30664122","104","Ricardo David","Villegas Viana","direccion","04121986875","1");
INSERT INTO persona VALUES("30664596","181","Juan Tomas ","Angulo Mendoza","direccion","04127278473","1");
INSERT INTO persona VALUES("30664778","195","Janin","Aboutraba","direccion","04261234567","1");
INSERT INTO persona VALUES("30668285","158","Helianta Reimar","Guevara Valera","direccion","04261234567","1");
INSERT INTO persona VALUES("30672886","77","Jerwin Gabriel","Teran Yanez","direccion","04120605676","1");
INSERT INTO persona VALUES("30675539","247","Isai","Páez","direccion","04261234567","1");
INSERT INTO persona VALUES("30694379","217","Johan","Montes","direccion","04261234567","1");
INSERT INTO persona VALUES("30716220","129","Juan Gabriel","Valera Godoy","direccion","04263555904","1");
INSERT INTO persona VALUES("30716405","230","Dayner","Torrealba","direccion","04261234567","1");
INSERT INTO persona VALUES("30716541","130","Daniel Eduardo","Sanchez Rojas","Dirección","04149739941","1");
INSERT INTO persona VALUES("30753799","102","José Gregorio","Carrillo Carmona","direccion","04261234567","1");
INSERT INTO persona VALUES("30753955","178","Jesús Miguel","Calderón Barón","direccion","04261234567","1");
INSERT INTO persona VALUES("30753995","205","Rhichard","Virguez","direccion","04261234567","1");
INSERT INTO persona VALUES("30754113","162","José Gregorio","Mujica Escalona","direccion","04261234567","1");
INSERT INTO persona VALUES("30754260","207","Briayan","Pernis","direccion","04261234567","1");
INSERT INTO persona VALUES("30759776","186","Verónica","Villamizar","direccion","04261234567","1");
INSERT INTO persona VALUES("30803098","194","Fenix","Román","direccion","04245261797","1");
INSERT INTO persona VALUES("30803623","260","Genesis","Rodríguez","direccion","04261234567","1");
INSERT INTO persona VALUES("30845389","264","Johan","Sandrea","direccion","04261234567","1");
INSERT INTO persona VALUES("30846149","234","Miguel","Valbuena","direccion","04261234567","1");
INSERT INTO persona VALUES("30873409","85","Maykel Jose","Escalona","direccion","04266495997","1");
INSERT INTO persona VALUES("30880746","123","Samuel Alejandro","Belzares Peña","direccion","04261234567","1");
INSERT INTO persona VALUES("30894865","155","Liam Xavier ","Morillo Bastidas","direccion","04261234567","1");
INSERT INTO persona VALUES("30894974","246","Angela","Rojas","direccion","04261234567","1");
INSERT INTO persona VALUES("30895294","149","Juan Antonio","García Gutiérrez","direccion","04145701851","1");
INSERT INTO persona VALUES("30916580","269","Leonel","Piña","direccion","04261234567","1");
INSERT INTO persona VALUES("30979558","175","Zharick Nicole","Guedez Colmenares","direccion","04261234567","1");
INSERT INTO persona VALUES("30979684","266","Kairovis","Hernández","direccion","04261234567","1");
INSERT INTO persona VALUES("30979806","223","Yeescarlys","Prado","direccion","04261234567","1");
INSERT INTO persona VALUES("30987377","270","Jeremy","Rodríguez","direccion","04261234567","1");
INSERT INTO persona VALUES("31018207","259","Emmanuel","Hernández","direccion","04261234567","1");
INSERT INTO persona VALUES("31018229","254","Víctor","Giménez","direccion","04261234567","1");
INSERT INTO persona VALUES("31026149","233","Emmanuel","Suárez","direccion","04261234567","1");
INSERT INTO persona VALUES("31027477","263","Jenhson","Meléndez","direccion","04261234567","1");
INSERT INTO persona VALUES("31066439","153","Rijals Moises","Carrasquero Delgado","direccion","04261234567","1");
INSERT INTO persona VALUES("31066519","235","Arturo","Cabrita","direccion","04261234567","1");
INSERT INTO persona VALUES("31111539","237","José","Colombo","direccion","04261234567","1");
INSERT INTO persona VALUES("31117996","241","Kleydis","García","direccion","04261234567","1");
INSERT INTO persona VALUES("31118074","262","Jhonatan","Barrios","direccion","04261234567","1");
INSERT INTO persona VALUES("31162171","249","Brandon","Sánchez","direccion","04261234567","1");
INSERT INTO persona VALUES("31169313","265","David","Ortíz","direccion","04261234567","1");
INSERT INTO persona VALUES("31194917","203","Fredyorgeth Humberto","Rivas Anselmi","direccion","04261234567","1");
INSERT INTO persona VALUES("31212573","267","Jhoander","Aguilar","direccion","04261234567","1");
INSERT INTO persona VALUES("31212599","182","Jhon Angel","Arrieche Díaz","direccion","04261234567","1");
INSERT INTO persona VALUES("31212740","152","Juanangel","Mendez","Dirección","04141234567","1");
INSERT INTO persona VALUES("31233952","228","Adrián","Aguirre","direccion","04261234567","1");
INSERT INTO persona VALUES("31244876","272","Olinto","Silva","direccion","04261234567","1");
INSERT INTO persona VALUES("31258935","188","Eliot","Puerta","direccion","04261234567","1");
INSERT INTO persona VALUES("31271852","206","Miguel","Torres","direccion","04261234567","1");
INSERT INTO persona VALUES("31272034","258","Alfredo","Martínez","direccion","04261234567","1");
INSERT INTO persona VALUES("31300939","103","Brigid Alexandra","Parra Zambrano","direccion","04261234567","1");
INSERT INTO persona VALUES("31366952","240","Cirielis","Rojas","direccion","04261234567","1");
INSERT INTO persona VALUES("31388606","229","Angel","Rojo","direccion","04261234567","1");
INSERT INTO persona VALUES("31401678","245","Ridan","Al Chair","direccion","04261234567","1");
INSERT INTO persona VALUES("31464007","208","Edwin","Mollejas","direccion","04261234567","1");
INSERT INTO persona VALUES("31492771","124","Jesus David","Viloria Olivar","direccion","04261234567","1");
INSERT INTO persona VALUES("31493172","273","Edgmairis","Apóstol","direccion","04261234567","1");
INSERT INTO persona VALUES("31544822","127","Jhonger Alicxon","Barroeta Soler","direccion","04120424415","1");
INSERT INTO persona VALUES("31550201","224","Santiago","Oviedo","direccion","04261234567","1");
INSERT INTO persona VALUES("31766216","231","Omar","Saraiedin","direccion","04261234567","1");
INSERT INTO persona VALUES("31835884","253","Leonardo","Torres","direccion","04261234567","1");
INSERT INTO persona VALUES("31842780","268","Danny","Vásquez","direccion","04261234567","1");
INSERT INTO persona VALUES("31843937","151","Jorge Andrés","Cabrera Meléndez","direccion","04245567016","1");
INSERT INTO persona VALUES("31926201","271","Nellisbeth","Luna","direccion","04261234567","1");
INSERT INTO persona VALUES("31986901","238","Snehyberth","Omaña","direccion","04261234567","1");
INSERT INTO persona VALUES("32023069","214","Andreina","Soto","direccion","04261234567","1");
INSERT INTO persona VALUES("32029094","63","Luis Angel","Ceballos Rodriguez","Dirección","04141234567","1");
INSERT INTO persona VALUES("32593540","252","Diosnel","Vargas","direccion","04261234567","1");
INSERT INTO persona VALUES("34233423","286","prueba","asdasd","E3yCj9GQ/d51iuBDBtLywun1AT21aU7Acoe7xzW1HXOKc3cclM9VRBZATAv96TQ2G023pd5h+uJ7nrDdPirCQFZ/gM8Xf29xqUtVt9ikDtCb3OSCQtX/Dl/4dctyPUmX4qGclghCi/XdiG3RkCmqWSBklS7q/Ske760qbI+zCBpQf0Jc6c4pTd/ojY8/pCnNH2oP+oHBD7R/na7W71LntwlwY9MexBY64M86ol66Cqk41lkhG0n5OQ5LYqbDT2em1UjjXC4ZJ8C2d2l1Aq4YJFLjbi8kLhbmcDiUGdHMlQYPIz4BqhCc3KzQILlfNL0G/DnZRY9Q0HL86rojYa3aHQeW0HeFOFCUrVbdKzE9oY9StziouQ21V8eoLZC5P+seHME/iTS5Vj0esjzmSBGC2uLiqnUDrHVwafXIYXxihhoMizxO0pWNdztHrjmKHMH3PR/m/WGpZKabT638kzf2cx6jjJ2UoV9LcQkylWkx/LUeRuiEQGLEL7S4lkxWsGFrG08Ewr6QzGE/xSe03htqfIlLc9yxApTLiZDPfDcILCmTeIJd1vvPzzsCVnuP4OuQZvuPvm0DIRTYrQuYCxnRPBxLAjX2fzpKlkrOxMLp39gKEDU2XK8cPbv/UNHZPPgofEkmA4KzdIAn1yMHww2N1zJHfx6u4aoTKtOsB2POF+I=","qVzm0aZwypPYV4TT9MTsGXSkaPVDD3P7iFpt2Ofi7qKOLHChzYvU+y9OWwkfQq92NCudsaimcsuftPnVXn0pjDCHyppJ+ruvPgpYygooZPvodqPWRVBk0x7UAw4+DsaT5jPccShOjTh5PSzjAlD7ZChUlbf/7jP590gyRNW+mE0auThFn2ve0TzTjVgAuR+4XZ9Vtir0eJxFmhpNunPxkXGbk5vGZIdG4Boh20AJF/88OoEG93LgwkbEzPd6YWnYOGskJUGUfib6UOaf+gWWpGcgtsM2TZQgtkzdGD+X4itUJ76tHv4f1MYP5J6e5zyLINiy9KSJ1ynDAMGDW5Pi+5qQQnxmUo3ywnGojoVlWAj7s83e3pojgDFiGJBHCKwjveSfPIv4BVlR1+L9PD/jIsSUSGLvWfZhgZH3NOOmMKoMae1c2dOsamjpeinUDU9GWOoHxmVYE6zoXl6mPAGpJgVVX3o18wRAOHXadTEv2Da9f1secR1dr8jd4ROCnpo/W9HKz43Z9uf8QHQ1ldXTBEs41oLBR7+dRwL0in1n02TR6CcZ5reeyCW7lVyckYN2/WT/ZreU7azWeI9cnIeIwA+6xWTuMDHJdPs6wWsopA7tSVFzy/KX2ukfSPf9JFhpin6m8gsQkYRb9snCwHV1KZTZe83+d5ZlIdAfmsJsx4c=","1");
INSERT INTO persona VALUES("34234234","243","asasd","asdasd","asdaasd","04244154245","1");
INSERT INTO persona VALUES("52213548","18","Pedro","Castillo","ZoV52kTa1gsiY4C37GxsEUz1PPSEB7l3EWTrsLmPMkdElicxxx/X1iTzEY9v3T3S/b0YgDano3dNQwpdtLgHd4mL8dqEbaogXO5rZ7SdQIdP2mbamjq2lchTzzJiWEaTAs/S60fjoqBTM6dH9R6W5QgjHBXdrybwjnXvZl3doRzlTqJAr7rt/jnRDtiAZbAwxWJ6Q1/8u6p8dEK0ZPmeGYiXRPPMT6D3zG6RzoARHYzPeWAsTIiLCZi/Cn5j1E7cOoY1or9xsNxDL8IlUMCF6ljL0KNrn1wYLJ35kAycUEPm4JZqTcP4Y5F1K5ftCHwbQxwhvQHMoIdaYY05gaZOnyU2uwHKuf1JuGa8805sB3hOIl9IWjuhBh5CtbHFPwVn9oB7neR6qxmtARPozSXaou3GM5bc98OAlKiP48BaQ01ktxu9Wzr20nFDiMn+H3wVqYoTkQZ3eikrN2rrVyV9ixKrp0AkppoJUAXb9qMCqdP+UHAOIIwLAMiVuOx0ki+hZvPJTRx//NnpcHC+PrGEQSDMVBFj7ai+nFIjBnjRKvwRgu0Cw26e7l6Xa2dXrx92W4vZPgGO2bMWQ7KXgSeseOIbprS/iw+XsAEEH5WZMRx0Nai/YG4wCD3x9a7OkJQiIy92AJgarO0FOtvvUXjlIMf/1E8iJn3pecY5E+Y1msM=","WXsjxxCSSjrih+s2QwNSEUPPoE/D+jUqfv0W33mehLZjThcOO34Gpz/FxGACG+ivQOKrbgLnYoIpQm0npRBMtL9ZMpqzAkcXLMErvMXJED8IXXfJG0aBDH6JFKkqZSFCbNofpPI8ieEn+iiJ2QZryH/h4X3SgVlBGROWMlNboh8wX5HzihPoat8u976BT85RfUfzC1KJ+/hEJV7U2AA4z8+qXJwj+fmE2GuiIGsmZ8R1xkcDlZyqzVUPxoagxJSwJtoD9H3/cSYJJSwrd5pe/JQmxxRMdRydD78aEMxh9Y+aZX5XIZb0x9s+VLiR/3kUA3GSJ5gw/c0n5QpMQVkNjZtEfRIJAaRumOBGpL8qJcHQHd0w+MAuig1HzkTJcWVdPY8SPC8OkRoAbV3SKxWg0UQHPHnor7frlshd+3AiPy7IGibue2g2C6zQgecCDEhr0QPnhPV/Ti8/Q9RW6UHJ4JUOoBTHaoDf8OvvA7x74u5CHOGtOUsu2kL1WjgZ36jn7iOwZcxSGTKHGJDtXuckSYWB0ua5uc/HYzabn4dxS4Sxro4dpEg/kicFeeIiUoHBoosgKrIGkUhKY3/x6CnJklJ0+2oc6W/K1H5SKODRceoVLOtNjZXj6IK6hVTyumOW8T7/lanvHM8AnpK7EjRTW9xt/njNs1nVdaThX+KyLkU=","1");
INSERT INTO persona VALUES("63578247","242","Nombre","Apellido","aasdasd","04244154245","1");
INSERT INTO persona VALUES("234565423","4","Orlando","Guerra","ZoV52kTa1gsiY4C37GxsEUz1PPSEB7l3EWTrsLmPMkdElicxxx/X1iTzEY9v3T3S/b0YgDano3dNQwpdtLgHd4mL8dqEbaogXO5rZ7SdQIdP2mbamjq2lchTzzJiWEaTAs/S60fjoqBTM6dH9R6W5QgjHBXdrybwjnXvZl3doRzlTqJAr7rt/jnRDtiAZbAwxWJ6Q1/8u6p8dEK0ZPmeGYiXRPPMT6D3zG6RzoARHYzPeWAsTIiLCZi/Cn5j1E7cOoY1or9xsNxDL8IlUMCF6ljL0KNrn1wYLJ35kAycUEPm4JZqTcP4Y5F1K5ftCHwbQxwhvQHMoIdaYY05gaZOnyU2uwHKuf1JuGa8805sB3hOIl9IWjuhBh5CtbHFPwVn9oB7neR6qxmtARPozSXaou3GM5bc98OAlKiP48BaQ01ktxu9Wzr20nFDiMn+H3wVqYoTkQZ3eikrN2rrVyV9ixKrp0AkppoJUAXb9qMCqdP+UHAOIIwLAMiVuOx0ki+hZvPJTRx//NnpcHC+PrGEQSDMVBFj7ai+nFIjBnjRKvwRgu0Cw26e7l6Xa2dXrx92W4vZPgGO2bMWQ7KXgSeseOIbprS/iw+XsAEEH5WZMRx0Nai/YG4wCD3x9a7OkJQiIy92AJgarO0FOtvvUXjlIMf/1E8iJn3pecY5E+Y1msM=","2548475154","1");
INSERT INTO persona VALUES("654854354","3","Ricardo","Tillero","ZoV52kTa1gsiY4C37GxsEUz1PPSEB7l3EWTrsLmPMkdElicxxx/X1iTzEY9v3T3S/b0YgDano3dNQwpdtLgHd4mL8dqEbaogXO5rZ7SdQIdP2mbamjq2lchTzzJiWEaTAs/S60fjoqBTM6dH9R6W5QgjHBXdrybwjnXvZl3doRzlTqJAr7rt/jnRDtiAZbAwxWJ6Q1/8u6p8dEK0ZPmeGYiXRPPMT6D3zG6RzoARHYzPeWAsTIiLCZi/Cn5j1E7cOoY1or9xsNxDL8IlUMCF6ljL0KNrn1wYLJ35kAycUEPm4JZqTcP4Y5F1K5ftCHwbQxwhvQHMoIdaYY05gaZOnyU2uwHKuf1JuGa8805sB3hOIl9IWjuhBh5CtbHFPwVn9oB7neR6qxmtARPozSXaou3GM5bc98OAlKiP48BaQ01ktxu9Wzr20nFDiMn+H3wVqYoTkQZ3eikrN2rrVyV9ixKrp0AkppoJUAXb9qMCqdP+UHAOIIwLAMiVuOx0ki+hZvPJTRx//NnpcHC+PrGEQSDMVBFj7ai+nFIjBnjRKvwRgu0Cw26e7l6Xa2dXrx92W4vZPgGO2bMWQ7KXgSeseOIbprS/iw+XsAEEH5WZMRx0Nai/YG4wCD3x9a7OkJQiIy92AJgarO0FOtvvUXjlIMf/1E8iJn3pecY5E+Y1msM=","2548475154","1");



TRUNCATE TABLE pregunta;
INSERT INTO pregunta VALUES("1","Nombre de tu mascota?");
INSERT INTO pregunta VALUES("2","Donde estudiaste?");
INSERT INTO pregunta VALUES("3","Color favorito?");



TRUNCATE TABLE profesor;
INSERT INTO profesor VALUES("p-125487","125487");
INSERT INTO profesor VALUES("p-5428468","5428468");
INSERT INTO profesor VALUES("p-52844735","7392496");
INSERT INTO profesor VALUES("p-132654318","7404027");
INSERT INTO profesor VALUES("p-3542874","7423485");
INSERT INTO profesor VALUES("p-135482354","9619518");
INSERT INTO profesor VALUES("p-5487531","9629702");
INSERT INTO profesor VALUES("p-54875538","11264888");
INSERT INTO profesor VALUES("p-2658475","13527711");
INSERT INTO profesor VALUES("p-354487534","13991250");
INSERT INTO profesor VALUES("p-523156847","15693145");
INSERT INTO profesor VALUES("p-34233423","34233423");
INSERT INTO profesor VALUES("p-52213548","52213548");
INSERT INTO profesor VALUES("p-234565423","234565423");
INSERT INTO profesor VALUES("p-654854354","654854354");



TRUNCATE TABLE proyecto;
INSERT INTO proyecto VALUES("1","TR1_1","1","Gestion de proyectos sociotecnologicos","UPTAEB","Informática","Gestión de proyectos para el PNF en informática","Av. Los Horcones, Av. La Salle, Barquisimeto 3001, Lara","1","","p-135482354","Jose Sequera","041254875","041255478","1","0");



TRUNCATE TABLE proyecto_historico;



TRUNCATE TABLE respuestas;
INSERT INTO respuestas VALUES("1","onix","1","1");
INSERT INTO respuestas VALUES("2","juan jose landaeta","2","1");
INSERT INTO respuestas VALUES("3","azul","3","1");



TRUNCATE TABLE roles;
INSERT INTO roles VALUES("1","administrador");
INSERT INTO roles VALUES("2","profesor");
INSERT INTO roles VALUES("3","coordinador");
INSERT INTO roles VALUES("4","estudiante");



TRUNCATE TABLE seccion;
INSERT INTO seccion VALUES("IN1104","TR1","hjhgj");
INSERT INTO seccion VALUES("IN1114","TR1","");
INSERT INTO seccion VALUES("IN1124","TR1","");
INSERT INTO seccion VALUES("IN1134","TR1","REPITENCIA");
INSERT INTO seccion VALUES("IN1138","TR1","rfgt");
INSERT INTO seccion VALUES("IN1139","TR4","sdsa");
INSERT INTO seccion VALUES("IN1202","TR1","");
INSERT INTO seccion VALUES("IN1203","TR1","");
INSERT INTO seccion VALUES("IN1213","TR1","");
INSERT INTO seccion VALUES("IN1218","TR2","NKAS");
INSERT INTO seccion VALUES("IN2102","TR2","");
INSERT INTO seccion VALUES("IN2103","TR2","");
INSERT INTO seccion VALUES("IN2112","TR2","");
INSERT INTO seccion VALUES("IN2113","TR2","");
INSERT INTO seccion VALUES("IN2988","TR2","+++");
INSERT INTO seccion VALUES("IN3102","TR3","");
INSERT INTO seccion VALUES("IN3103","TR3","");
INSERT INTO seccion VALUES("IN3104","TR3","");
INSERT INTO seccion VALUES("IN3301","TR3","");
INSERT INTO seccion VALUES("IN3302","TR3","");
INSERT INTO seccion VALUES("IN4259","TR2","");
INSERT INTO seccion VALUES("IN4401","TR4","");
INSERT INTO seccion VALUES("IN4402","TR4","");
INSERT INTO seccion VALUES("IN4403","TR4","IUJO");
INSERT INTO seccion VALUES("IN4533","TR3","sasa");
INSERT INTO seccion VALUES("IN4542","TR2","");
INSERT INTO seccion VALUES("IN4562","TR2","");
INSERT INTO seccion VALUES("IN4577","TR2","Observacion");
INSERT INTO seccion VALUES("IN6264","TR1","++-*");



TRUNCATE TABLE sector_consejo_comunal;
INSERT INTO sector_consejo_comunal VALUES("1","1","Eje 1");
INSERT INTO sector_consejo_comunal VALUES("2","4","Eje 3");
INSERT INTO sector_consejo_comunal VALUES("3","1","45");
INSERT INTO sector_consejo_comunal VALUES("4","7","45 de enero");
INSERT INTO sector_consejo_comunal VALUES("5","3","Bitacora 6");
INSERT INTO sector_consejo_comunal VALUES("6","3","fdgffg 12");
INSERT INTO sector_consejo_comunal VALUES("7","4","sdsd 3");



TRUNCATE TABLE trayecto;
INSERT INTO trayecto VALUES("TR1","1","80","Trayecto I","TR2");
INSERT INTO trayecto VALUES("TR2","1","80","Trayecto II","TR3");
INSERT INTO trayecto VALUES("TR3","1","80","Trayecto III","TR4");
INSERT INTO trayecto VALUES("TR4","1","80","Trayecto IV","");



TRUNCATE TABLE usuario;
INSERT INTO usuario VALUES("1","1","root@gmail.com","$2y$10$rLBxGygGRsLKk.nNNhbs1OD5PeH4ST/.LNG/93b49/lUA2/iaeM72","2e91d4cb082fca5b6a14f4a042ef551fe25f3525f9745a0f39aa5d12f6526b90");
INSERT INTO usuario VALUES("2","2","sonia@gmail.com","$2y$10$rLBxGygGRsLKk.nNNhbs1OD5PeH4ST/.LNG/93b49/lUA2/iaeM72","");
INSERT INTO usuario VALUES("3","2","ricardo@gmail.com","$2y$10$rLBxGygGRsLKk.nNNhbs1OD5PeH4ST/.LNG/93b49/lUA2/iaeM72","");
INSERT INTO usuario VALUES("4","2","orlando@gmail.com","$2y$10$rLBxGygGRsLKk.nNNhbs1OD5PeH4ST/.LNG/93b49/lUA2/iaeM72","");
INSERT INTO usuario VALUES("5","2","lisset@gmail.com","$2y$10$rLBxGygGRsLKk.nNNhbs1OD5PeH4ST/.LNG/93b49/lUA2/iaeM72","");
INSERT INTO usuario VALUES("6","2","oswaldo@gmail.com","$2y$10$rLBxGygGRsLKk.nNNhbs1OD5PeH4ST/.LNG/93b49/lUA2/iaeM72","");
INSERT INTO usuario VALUES("7","2","pura@gmail.com","$2y$10$rLBxGygGRsLKk.nNNhbs1OD5PeH4ST/.LNG/93b49/lUA2/iaeM72","");
INSERT INTO usuario VALUES("9","2","ligia@gmail.com","$2y$10$rLBxGygGRsLKk.nNNhbs1OD5PeH4ST/.LNG/93b49/lUA2/iaeM72","");
INSERT INTO usuario VALUES("10","2","ingrid@gmail.com","$2y$10$rLBxGygGRsLKk.nNNhbs1OD5PeH4ST/.LNG/93b49/lUA2/iaeM72","");
INSERT INTO usuario VALUES("11","2","lerida@gmail.com","$2y$10$rLBxGygGRsLKk.nNNhbs1OD5PeH4ST/.LNG/93b49/lUA2/iaeM72","");
INSERT INTO usuario VALUES("12","2","ruben@gmail.com","$2y$10$rLBxGygGRsLKk.nNNhbs1OD5PeH4ST/.LNG/93b49/lUA2/iaeM72","");
INSERT INTO usuario VALUES("13","2","indira@gmail.com","$2y$10$rLBxGygGRsLKk.nNNhbs1OD5PeH4ST/.LNG/93b49/lUA2/iaeM72","");
INSERT INTO usuario VALUES("14","2","marling@gmail.com","$2y$10$rLBxGygGRsLKk.nNNhbs1OD5PeH4ST/.LNG/93b49/lUA2/iaeM72","");
INSERT INTO usuario VALUES("17","2","josesequera@gmail.com","$2y$10$rLBxGygGRsLKk.nNNhbs1OD5PeH4ST/.LNG/93b49/lUA2/iaeM72","");
INSERT INTO usuario VALUES("18","2","pedro@gmail.com","$2y$10$rLBxGygGRsLKk.nNNhbs1OD5PeH4ST/.LNG/93b49/lUA2/iaeM72","");
INSERT INTO usuario VALUES("19","4","Carlosestudiante@gmail.com","$2y$10$rLBxGygGRsLKk.nNNhbs1OD5PeH4ST/.LNG/93b49/lUA2/iaeM72","");
INSERT INTO usuario VALUES("20","4","Saraiestudiante@gmail.com","$2y$10$rLBxGygGRsLKk.nNNhbs1OD5PeH4ST/.LNG/93b49/lUA2/iaeM72","");
INSERT INTO usuario VALUES("21","4","Kevinestudiante@gmail.com","$2y$10$rLBxGygGRsLKk.nNNhbs1OD5PeH4ST/.LNG/93b49/lUA2/iaeM72","");
INSERT INTO usuario VALUES("23","4","29913125@gmail.com","$2y$10$VWNZzdnE09Q.8Vqfo1VsLeNtizGrYHYGH4oRIMVPdrHCE1BZFcsd.","");
INSERT INTO usuario VALUES("24","4","29913125@gmail.com","$2y$10$iwisWkUxZ4UOUA2QJI2PlOIrfcV53knu92nPTIHaBtSkSFOzmKYQ2","");
INSERT INTO usuario VALUES("25","4","29913125@gmail.com","$2y$10$Yu../0j38Fd9MHA3kFLckeqlWseWCVWnp/RKF4CchVfnieokcojFK","");
INSERT INTO usuario VALUES("26","4","29913125@gmail.com","$2y$10$Y6YGbJL8KMjLi/lVoLMDHOtWuj0AjF5LCyYyoGDEUnJGgmN.BIIsS","");
INSERT INTO usuario VALUES("27","4","30266577@gmail.com","$2y$10$895VKHWv/AiOYi7ZPxR4T.jH29Q2pcxBa9J55HZ1XG.yGOO3ABOz6","");
INSERT INTO usuario VALUES("28","4","29851122@gmail.com","$2y$10$XZg/BkDUz7jf9gX6yJMABORf0mbDPB2NSzfLFfqO..kH4Y5.I1U12","");
INSERT INTO usuario VALUES("29","4","jbrcesarvides2018@gmail.com","$2y$10$eBJk8t2YkXN0GOJ0a7g8sefm9S3G6FKpo7OTuxcgC/0PX1oLkPdrq","");
INSERT INTO usuario VALUES("30","4","27210776@gmail.com","$2y$10$c2dGyRJtnPUWuY/qufypMumsIWAqJrlEW9wEAAbW.Iql0eK6vyNHW","");
INSERT INTO usuario VALUES("31","4","28204985@gmail.com","$2y$10$2hcvavUZyfTp9fS7sne4f.lPBboJP3B1Mw1xV1SMNhmYBru/9bBqi","");
INSERT INTO usuario VALUES("32","4","28113106@gmail.com","$2y$10$1eBAVTLdwqhWgn.JTbH6lu88bMVSPuyh3xYdCYbqxjpy4D9Dq2Qqa","");
INSERT INTO usuario VALUES("33","4","mjcazorla1997@gmail.com","$2y$10$mdsl6AnazKe6ScCqI8EYoO.XjzrvCuWx.Yu3u.SqLCeBzQB1hnSnK","");
INSERT INTO usuario VALUES("34","4","danisalo2910@gmail.com","$2y$10$aP8Z3J7hBFvobF9SazO3aeolroyI/PJ1f2QBRQv93ihINRO5GHHb6","");
INSERT INTO usuario VALUES("35","4","28591973@gmail.com","$2y$10$YzTdRSjsj/r/zSeCvDHnAOqI8p7xpAYXj4sOc/JyzGQtLRPmVJvUO","");
INSERT INTO usuario VALUES("36","4","danisalo2910@gmail.com","$2y$10$AV2Ly7ApcwNcS2Lt38cEIeHKKtUUj8l2bYIB/5S3WOkVq4v3qB.uC","");
INSERT INTO usuario VALUES("37","4","30072062@gmail.com","$2y$10$iXsfB6DdxPKzR/xTtgjeTOGzcEyFpl9S7YFtxw/Mr3xgxkr8FEAIK","");
INSERT INTO usuario VALUES("38","4","30145565@gmail.com","$2y$10$lgRcdrfg2L1NEt/GHo19Le2CLZIyARAwePCpv/UHQAlc79R8IDDe.","");
INSERT INTO usuario VALUES("39","4","27629581@gmail.com","$2y$10$BnXkB8HoM/E/7yOWIwqgUuQMG46BdPXqfRpjrSxe/wSSEdUZEBugy","");
INSERT INTO usuario VALUES("40","4","lustavoguis@gmail.com","$2y$10$3XFwQYMzaAcsZPEpLQOOXuIyrSMdDoMGfVAF6JMJGA0W85BRhuXzO","");
INSERT INTO usuario VALUES("41","4","diegoaguilar221202@gmail.com","$2y$10$W8iBMhdCe3oW2ZT5c1q6MefMtQy3XhhInERhl2bQWDsgcd5dH/IfG","");
INSERT INTO usuario VALUES("42","4","ruander05@gmail.com","$2y$10$rAoG9UEP1a7R/ceddQp8RuiSFwY5mSoCHiAyiL8H90GwUeD1Qze9C","");
INSERT INTO usuario VALUES("43","4","cirezeduardo10@gmail.com","$2y$10$8nDTxnzKV1d9d83gv0biwuFCVxK17/fvIEk0eFiKXSKpshmfdMTJm","");
INSERT INTO usuario VALUES("44","4","gabrielthetito24@gmail.com","$2y$10$/kVsrBSXqT5CldbTEO1TiOxtCWmaX7alDM86hJATrFQzqfYji7jsG","");
INSERT INTO usuario VALUES("45","4","frankpineda98@gmail.com","$2y$10$legAKXdvkqTDu1o5LcpIX.0TxXCQFDHGJvzhIUiJ.s9jbo8TciMTC","");
INSERT INTO usuario VALUES("46","4","angelmujica2001@gmail.com","$2y$10$de86ePXFIE3BMA7eX7/28.uQPpfo/NudyU/Ca25fbHx.kkXnOr2Xq","");
INSERT INTO usuario VALUES("47","4","angeleduardo200213@gmail.com","$2y$10$e7Wtaoz7.JjDtPenVPjxFu4WKD9LDs0srvcz1Q0nxpGiKGu68MBPG","");
INSERT INTO usuario VALUES("48","4","carlos.gomez29707117@gmail.com","$2y$10$k6n3VBanHgrdeKKAhFOQN.Rb3TvJHX2V5zuQMhSawBQDu2gO2v8yS","");
INSERT INTO usuario VALUES("49","4","kevin.af09@gmail.com","$2y$10$4NKIkdI.vVAjp0wkH6PbdOW6HdkNuqjnPTmnQU157QSF7PUrF.8O6","");
INSERT INTO usuario VALUES("50","4","miguel.pacini2016@gmail.com","$2y$10$x7igK41wU7/ECyI1lCXbEuLX33xOuUC3ulGt6ZZ/mwg1HKQnf4R96","");
INSERT INTO usuario VALUES("51","4","herediackevin@gmail.com","$2y$10$13rVgEbjAuT3GDpzLJQWFOgNC9sNOWtFH64TtU6iYHmAqwf/Bkwza","");
INSERT INTO usuario VALUES("52","4","29623228@gmail.com","$2y$10$h2qgzDwB.rclMXapIdIrVu/khWvEe0xQcSYdTNfXO2ES0YTGpKrAO","");
INSERT INTO usuario VALUES("53","4","ramirezcarc06@gmail.com","$2y$10$pOojGjuzAUDn/s6vl.jIauU8dXw6oM/YdVg40Vo2sAE/vXC7hPh/S","");
INSERT INTO usuario VALUES("54","4","ramirezcarc06@gmail.com","$2y$10$EISItbmgnmwcxhJ1tYK46ekaIKctaB.76maU1RWNrAJ2x3VYGRca6","");
INSERT INTO usuario VALUES("55","4","ramirezcarc06@gmail.com","$2y$10$AwEl8B0eY7N5SRLTS8alD.F4AAWCunuKqKDBedc70pT1rKA6ZXgz6","");
INSERT INTO usuario VALUES("56","4","27737458@gmail.com","$2y$10$CdPGMYlwqgwYFp83YM1T.O56jzkUjqCb2JHkwmp4klrpjbhMx9oF.","");
INSERT INTO usuario VALUES("57","4","perezpsarij@gmail.com","$2y$10$rgzXgmbUevzvn9rQG9NNwuX/z4RadFfj9zdOajC9X3.3SDTGhbpbq","");
INSERT INTO usuario VALUES("58","4","quijess6@gmail.com","$2y$10$oijRke.for7nBZZZHs4nMuWQRp20Iy1LFBm20WW/FDXCKnesSw4mC","");
INSERT INTO usuario VALUES("59","4","29506932@gmail.com","$2y$10$F5TO9MrpQ2zLLKqGBJG4nu0PFiAruZZkaDED8KQhyrry9iX2BRiJa","");
INSERT INTO usuario VALUES("60","4","can3lon3000@gmail.com","$2y$10$4EatDdMXmgW/kgD/awkepOWsmBnsnGrdaQZpmBRUuvm7ErxZk.5zq","");
INSERT INTO usuario VALUES("61","4","30071615@gmail.com","$2y$10$iFX1JfY.tsYPnDieQj8zJeosN6b5rydzkwnGGRc9Wj3vjJFFv7Wm6","");
INSERT INTO usuario VALUES("62","4","29517871@gmail.com","$2y$10$dzuNnJ2MT1rDBgTymrIAfurD4JIpGPcuETIlMcgm0Ztmimb0aYNZe","");
INSERT INTO usuario VALUES("63","4","32029094@gmail.com","$2y$10$dIOugx6THv5yCj85sNFu5e.s5ygz2wc4U8owQ0A8.xN5QjvFTt.K.","");
INSERT INTO usuario VALUES("64","4","28381831@gmail.com","$2y$10$.bD9cI.RmeahM.Gwa/9xCOWEj1Ya/43.1ONKozPcQTqxXlVV34UXO","");
INSERT INTO usuario VALUES("65","4","28406661@gmail.com","$2y$10$AUa6KN3ycn4kFX4v3UCE6.Bj7G49EpUE6qi4Vx.iuoPSxsaXoNxDy","");
INSERT INTO usuario VALUES("66","4","dpanajuaner@gmail.com","$2y$10$b98.W5hrsX7W9vS7VFoFNeMCUocWvatKuDbd/RgsMnECb1YDoObzC","");
INSERT INTO usuario VALUES("67","4","alexanderperdomo3001@gmail.com","$2y$10$2jKbwXbWUMDxdj7XpNMWLu8N9RRDK49oHWpA6aehnYeoDTbNVW37y","");
INSERT INTO usuario VALUES("68","4","rafaeljeb@gmail.com","$2y$10$yAhN5AjcXRWBTvCUx7GtRe9WynJl0I5YcBt1M7SbtGmX0IGRscgx.","");
INSERT INTO usuario VALUES("69","4","pernaleterosii@gmail.com","$2y$10$tKyNOB.RoYheiz1wktmYKuAEReKk1oMhpaEbH6vlXJUyumdTiWE.K","");
INSERT INTO usuario VALUES("70","4","yonny.pargas@gmail.com","$2y$10$P.qeXSRki/JLLWUMeJtRpu.TWaIFQHxZBtazKtTm5wlMdBnIfEFgS","");
INSERT INTO usuario VALUES("71","4","yarelysyramos@gmail.com","$2y$10$12HkggqCnimJp4exCIn3Ien2hG1iKR43hjT72J4woGB9YJt81Z3Ca","");
INSERT INTO usuario VALUES("72","4","garnicaluis391@gmail.com","$2y$10$0SRndCSzeKo8q/yoZpj55OM8nnqXCD.cm2ybLiX.SNz955FVNh.3e","");
INSERT INTO usuario VALUES("73","4","pinchos792003@gmail.com","$2y$10$Y8CyOTvyRSFuWPWo2kj9xub.VUjo2U9JLn3usMLrdoxeWxWoHJLFa","");
INSERT INTO usuario VALUES("74","4","felix30554@gmail.com","$2y$10$Gu5gRCd5yiyX0djz60Jjn.qrc1mMEJuSVmAiVuwTp4qRy994p7rTO","");
INSERT INTO usuario VALUES("75","4","wbaez975@gmail.com","$2y$10$cSc5wI5OO9ACQ0De4/o37u5zx2aPlAzA3B11wY6Ux1nDuSce4X8.6","");
INSERT INTO usuario VALUES("76","4","dixondanielbastias@gmail.com","$2y$10$4gj4Bmoh7lR14gUo/.1r8ur6FHsVZdFHTgFLnOLINJ.cPSeol5iba","");
INSERT INTO usuario VALUES("77","4","jerwin888teran@gmail.com","$2y$10$k3MDJkEp1.W6twb8MybvDuPj2UYYK.kDtM.ddZseKVAdNCGaCRMhO","");
INSERT INTO usuario VALUES("78","4","26945388@gmail.com","$2y$10$G2/Ox.Xgn.3Sovg9eiwsRelgSJua058yW2DHXCkNfDzgiRJA.s.76","");
INSERT INTO usuario VALUES("79","4","psurelys@gmail.com","$2y$10$XRbmnQLWb6382izwLC/d4e4IjxN.ZIThn4KSyP4ZS.OtQUJQB/rny","");
INSERT INTO usuario VALUES("80","4","28406618@gmail.com","$2y$10$m8TPKPj//Nvi/9soENv2xepLbTsxV6m5FDkGlPEbYlI3Gelk7/tZq","");
INSERT INTO usuario VALUES("81","4","lucianogp2004@gmail.com","$2y$10$1Sj/anE244IDFURYhV20VeXaMo0sNTCiPm25NXCZBGEbIQALOMy42","");
INSERT INTO usuario VALUES("82","4","27436179@gmail.com","$2y$10$uxhQ.jadS1avUDrfP5NUB.CnKfUW5b8a3./Jt9zwLQ4613bzyi27C","");
INSERT INTO usuario VALUES("83","4","27025337@gmail.com","$2y$10$W.zZrCTcs2HuRr7E2enXregt8FI.eHXnkEmdM97I13z6R.84/m28C","");
INSERT INTO usuario VALUES("84","4","30226558@gmail.com","$2y$10$WgM.H/L22yKIV2rgt6rTx.3cKxfMr/1TVvNVOfKi5YYPbCrFx79P6","");
INSERT INTO usuario VALUES("85","4","maykelescalona08@gmail.com","$2y$10$XKZTuWlbNGAcWqoI7wozzOp0Dl/xX7ohkmYNClv9m6RhZy1CxxUDO","");
INSERT INTO usuario VALUES("86","4","29880397@gmail.com","$2y$10$MrF2NHlSfH6eiHU5ZtMrRuJT19wl7ENi11Cm3TKYVH91krmPjWOHW","");
INSERT INTO usuario VALUES("87","4","josmaant@gmail.com","$2y$10$4tKz4odmkMbUnsmPdE2V/.uwh97w2zAfUlNYuqgrtnvILaB3.LuQu","");
INSERT INTO usuario VALUES("88","4","jesus19pm@gmail.com","$2y$10$jCqwQJ51RVQv2u6d/SuOne01v5AobxeQRNlb5YjXXqn4nvS.XK7NG","");
INSERT INTO usuario VALUES("89","4","24399094@gmail.com","$2y$10$RBFbXPTrfHNR3evwuaU5r.ez7.k1SAPb32Q4L9VldTszAPGOKT/AC","");
INSERT INTO usuario VALUES("90","4","29880973@gmail.com","$2y$10$YPxeEJiqlU6Zj6d54uWDDu6BsMDd2dTW2lMYfPozAwTZDbGrnbx4C","");
INSERT INTO usuario VALUES("91","4","28466973@gmail.com","$2y$10$B3XWv8DINzMMIjmpztxNk.cQn/58OSJW9a/nAV06l/KfjoOVDke/q","");
INSERT INTO usuario VALUES("92","4","29997994@gmail.com","$2y$10$FceMe9xz3jySqJd7SUNLq.oKuJl4T.RjaldeGNK4Qa..1GakrY0bS","");
INSERT INTO usuario VALUES("93","4","joseguillermojoseos@gmail.com","$2y$10$niwxUC1KzCeqx/we8RIWsOp7WFcOvHCVJLDlvuv.sQR7wBTUrAftC","");
INSERT INTO usuario VALUES("94","4","perezlealmiguelalejandro@gmail.com","$2y$10$VJM4qdrO5L6TcfuA8p36u.nj60R6Nm8Vbvy3WQ52tn8QFrQvY3cwK","");
INSERT INTO usuario VALUES("95","4","29895827@gmail.com","$2y$10$s4mgVV7VH62WT4anQdPjSOQMP7LORCUwj4r73CrcoCEKcEAIQPu76","");
INSERT INTO usuario VALUES("96","4","30601403@gmail.com","$2y$10$JhZDU0PSZe2btzXdDwZWOen.kfIR0KKjs.P5/9alvOittaQ0Gy.3W","");
INSERT INTO usuario VALUES("97","4","28609972@gmail.com","$2y$10$iNuJVn/AA6tQobXZ3yqM3OxeIovdaYtK.dPm/mrfsrk1us4HSME2u","");
INSERT INTO usuario VALUES("98","4","27397112@gmail.com","$2y$10$661qJpBXJNbsH0ZiX6AF.ODG3tVsBOO5CAA8kn71ONmWhkJcFeEH.","");
INSERT INTO usuario VALUES("99","4","29913199@gmail.com","$2y$10$1zRXOonPcFnIYtNwJnuFBODlMmlCZcuaWgYKirZLc9PcK5etnTOWy","");
INSERT INTO usuario VALUES("100","4","27831369@gmail.com","$2y$10$quOdhLnHkt1rWpp5XqTWL.Ziz.x8dyxEIQXvQ2SZfaiLkQRHKUlkK","");
INSERT INTO usuario VALUES("101","4","30218425@gmail.com","$2y$10$kOVQLBTmmXxfYbKmBEmm0.onx9IVEj0ASuaQsXdsP8UgGcUozSIGC","");
INSERT INTO usuario VALUES("102","4","30753799@gmail.com","$2y$10$1GrbqWUxMrO7Xoh75hyVz.ONE5LIgkYPFTOyaNn0AJ5ngobAu0VV6","");
INSERT INTO usuario VALUES("103","4","31300939@gmail.com","$2y$10$5Pjk3hBxz6KUkKLN2.dPsOFL9PvNuw8Ori2jDXb9XWwST2XlOJ/8y","");
INSERT INTO usuario VALUES("104","4","30664122@gmail.com","$2y$10$0f3bp7c8Cwt4oSY.ICBPCOZIBekRiryd30EiVO1GaCB1sgveJXBoG","");
INSERT INTO usuario VALUES("105","4","Yosibelc13@gmail.com","$2y$10$A.W/naZCYgbqbshudx6iSuoOOkksFTCL5TTbDYFtkBG2s4E/EKzg.","");
INSERT INTO usuario VALUES("106","4","28020203@gmail.com","$2y$10$03LTSyFmy8ZE7WHgcaR81OWxjlAb9p/iNtpKFgWtxBLW6iqYgiQdq","");
INSERT INTO usuario VALUES("107","4","29707067@gmail.com","$2y$10$NUC9QHAcF9LTw7SUtLrOI.IdaZXf4./4usQt.vFWwWve4ajpFIyrS","");
INSERT INTO usuario VALUES("108","4","barradasjustoricardojosue@gmail.com","$2y$10$tERVehwudOFOb0Bzg6Mv0Oa3DmEQK.tHlnbkyyX6rGkCwJdPb8UuO","");
INSERT INTO usuario VALUES("109","4","28528588@gmail.com","$2y$10$96NXEVl3uAH.6qrJquPZ8.H7LJOMA2.Wac.JypcTbK3awz00RbKVe","");
INSERT INTO usuario VALUES("110","4","rafaeljimeesrajc@gmail.com","$2y$10$aQKPt6tQ1zl6K4vgFxMhXOhr24Au/oSfgX7hYCiBQRpQIF/sHTxB6","");
INSERT INTO usuario VALUES("111","4","30396029@gmail.com","$2y$10$xTyI/.3tE8ZFrF8aoPqvw.fi4AaDXjZ.77NUgXxU7SuNKdaZoG/aS","");
INSERT INTO usuario VALUES("112","4","28406215@gmail.com","$2y$10$rTQjLPYIY8TbOHTAd7jgwOPZwHKW31feUYM1sa42wGDUmWrWywogG","");
INSERT INTO usuario VALUES("113","4","27737198@gmail.com","$2y$10$SNxkGDwtM4kXA1.Qb7GYVewpE8K0XZl.lXOkhaYKb.NxegVv38UGK","");
INSERT INTO usuario VALUES("114","4","28661484@gmail.com","$2y$10$yHFXst2KP7gtz553dVKAXepr7vJK5CKnQhQeqvhgIp.XyaKRTZb3K","");
INSERT INTO usuario VALUES("115","4","26555637@gmail.com","$2y$10$Rk.RhbhRA6bWMTPnS9K.7eAaMiatuxs.U4ToU0Nm9n.HMurSIRwlS","");
INSERT INTO usuario VALUES("116","4","29531677@gmail.com","$2y$10$Bg8aFA9oZODpfIwHl90G4udYTgYt.XHI7V.qIJgY5LsmG5ugbDFVi","");
INSERT INTO usuario VALUES("117","4","27198786@gmail.com","$2y$10$XluC4Xqjs08j/wty/NM2leWBQeIm449NdgNWlV/zqS0kzgVXjfjki","");
INSERT INTO usuario VALUES("118","4","29654148@gmail.com","$2y$10$EEOkRtE5F2nCnceoUq1jLecX7FI55NsD0osn6nYbO4hH/ug.VbVGu","");
INSERT INTO usuario VALUES("119","4","27828169@gmail.com","$2y$10$lHxP9Zx/A1GQvdUriVeO2e77NVMwbIqhHhc/UMjcK4n4RitMN7ixy","");
INSERT INTO usuario VALUES("120","4","rodrigueznicol319@gmail.com","$2y$10$CcXp8nAM08FSK/jITC/RvuArtAhpXqDHMyUpNsXborR6SGOeKkFPq","");
INSERT INTO usuario VALUES("121","4","rosbelyguedez@gmail.com","$2y$10$sd44ved7TNu6XCEm9Bi33eqGu6ajXDc/CFRdPy748CyhtXgvCYvyu","");
INSERT INTO usuario VALUES("122","4","endhismarot.17@gmail.com","$2y$10$NP5qRkNFc0wr3eMXQ6IXcOaOp1a1L0kd05Ck91D/5ohYaKsmt8mpy","");
INSERT INTO usuario VALUES("123","4","30880746@gmail.com","$2y$10$KwNgrLSjB8GZe8lWPKaHkeGsRrbdHfVu1ZSMS7IJ4WZh8em9Z7olm","");
INSERT INTO usuario VALUES("124","4","31492771@gmail.com","$2y$10$B79nWuUR1gpqnBeZA17qWuWhv550BAUMVaS0psAVzCvKIu6qdM.ry","");
INSERT INTO usuario VALUES("125","4","29957469@gmail.com","$2y$10$OuvNGKxt39kou71M0tqw.u/tk2fPS1HIYMixZcrcdHhOlDgQSQ09.","");
INSERT INTO usuario VALUES("126","4","hermes.milio03@gmail.com","$2y$10$ZUu.jNaAyL2yFXhYSPftYeEgtHhDNCBCc1hfdzJ6Q8NOYNAYPVhRq","");
INSERT INTO usuario VALUES("127","4","jhonger.alicxon@gmail.com","$2y$10$n3KFBPWqKmT0MC9HasyILer148vbWCNKZ.lZliUgknXqclcWa823G","");
INSERT INTO usuario VALUES("128","4","jhonderdavid17@gmail.com","$2y$10$n16J5TiDCB9MJ/3cDLBRGOTSZ6NqFdAQsSJDOLOsPuAFpTTJXPEN2","");
INSERT INTO usuario VALUES("129","4","juangvg2004@gmail.com","$2y$10$ZP.rPhz3dPsY6yzCzaQ1TexFn4reETsoY3Gz29CzzcN00YhU22HOa","");
INSERT INTO usuario VALUES("130","4","danielsanchez7875@gmail.com","$2y$10$2CNNLXy7RTEzF0BDLMIV7.UzU/Y80HjTnnDgtW7QGvlbyJYThSGoC","");
INSERT INTO usuario VALUES("131","4","juancol292@gmail.com","$2y$10$OMevV02oPBecU2uGTJhh8uBTid0kIXGQDK1t/kAKdtaVtjFO9eieW","");
INSERT INTO usuario VALUES("132","4","robertvargascanizalez@gmail.com","$2y$10$UTEI5oonhWRyhRiU4PeD/eSbFp.d35wkqWwUUbkfjGjklmfZfMMFO","");
INSERT INTO usuario VALUES("133","4","lissethsilva921@gmail.com","$2y$10$hFlCFRs5VW6rANR2BwsEUeXnyKo9SJ8XzQtK1zE5J1cwcnrcKhtcG","");
INSERT INTO usuario VALUES("134","4","30529448@gmail.com","$2y$10$d7hKVxd80oxTetHoDfrJsOMK2W6hr5j968BDr/420XqS5XLQBn8L.","");
INSERT INTO usuario VALUES("135","4","marcoarrieche.a1@gmail.com","$2y$10$5/nEIqT.VMy6NaBgZwgjd.6JfdyUn7qTJcU/5U7DHueIFVaG6KZ3.","");
INSERT INTO usuario VALUES("136","4","30344763@gmail.com","$2y$10$3MWWyBGcvwjoeAYaxXcOvurrfKaJqv0JWxvCiwnB2dQ2Vxw95KAMy","");
INSERT INTO usuario VALUES("137","4","jesusgabrieldg03@gmail.com","$2y$10$XUBTvvlUlgm3D2xh7ORthefOrB/jf5jfJj9kJhLGNau6uj.mSvW8G","");
INSERT INTO usuario VALUES("138","4","26831466@gmail.com","$2y$10$xyW.IX.mG211UwkCOPFB3u8nSvrdhjAZfCvAgPYW7Ax6q7Buu9PD6","");
INSERT INTO usuario VALUES("139","4","30317478@gmail.com","$2y$10$b2LCP6zzBiOCjSpQghgFneI6UPGyKpEjC.s.ShuN5WfsJOfNsZEIW","");
INSERT INTO usuario VALUES("140","4","hernan.meza246@gmail.com","$2y$10$AE0fDOTEPTDxe1F7qJJ.eeMVbNLsp5cNpXSeTCWKnDVlLnIH4R8Ga","");
INSERT INTO usuario VALUES("141","4","gusher2997@gmail.com","$2y$10$h3tA9yThG9dEFGH0dV4nf..8s.wW9mnPDut4.RuOv7.l8wyDR0ItO","");
INSERT INTO usuario VALUES("142","4","yonathanmogollon2002@gmail.com","$2y$10$H1mdiwoch0sm7xeyOI/pwOKMXcnglOzvBdTq9nHoETUsj.7wW6Wzq","");
INSERT INTO usuario VALUES("143","4","wildenjrodriguezb@gmail.com","$2y$10$v6FRzJSHTSy57Oz2e8OwgudbTqa.te9z3HlU2ZtahdD.eJrNDdaBK","");
INSERT INTO usuario VALUES("144","4","demarzomonterojose@gmail.com","$2y$10$9eqjpoY.y3FAzfxh1QApC.JRrn/XrlyYXcOn4L6UNZ8ya.VSSwPSu","");
INSERT INTO usuario VALUES("145","4","benitoantonio2000@gmail.com","$2y$10$z5j2zSN/xXVR8tM8iBE6yus6La./lQOVWBoLaQN1PqLaD7sx1G/E6","");
INSERT INTO usuario VALUES("146","4","adrianjqr2000@gmail.com","$2y$10$FlZu8ndjAs6HxM2KsmggvuL/iuUStOCDbXwYl2yK5Sx30hC08mmHC","");
INSERT INTO usuario VALUES("147","4","henprz18@gmail.com","$2y$10$ShklAkFJKGSyxqXV23whOO9ex/bEwPmUjK7wqR/xM9pvCLFEU4Nqm","");
INSERT INTO usuario VALUES("148","4","30405566@gmail.com","$2y$10$vZ4kWcCo1gv7R7Y1CeWEpOFP21tQkE1nfcy9e83EKZFfmUQRJt0gm","");
INSERT INTO usuario VALUES("149","4","juan.antonio14g@gmail.com","$2y$10$3p5iRdmglNvHaATlmHDVD.sWMqXvWT61f0DB3wGUyaB49foiW85Ke","");
INSERT INTO usuario VALUES("150","4","rubyperezliceo@gmail.com","$2y$10$9EkcmMnRIRQFZ43BSND.6.EsanMsIAQCU4w10FanHiq8BP6woFiA6","");
INSERT INTO usuario VALUES("151","4","cabrerajorge2003@gmail.com","$2y$10$L9UUIOpYlxtGgkxDOgXq0e7K39mAxabfdUzEcMMEl2jJgsaXE5Ziq","");
INSERT INTO usuario VALUES("152","4","31212740@gmail.com","$2y$10$ws4w/wCMYxwEZmt4cj2Hc.xCSJ0JwVLxrHP23w6Qe8baG2Jnxy9MS","");
INSERT INTO usuario VALUES("153","4","31066439@gmail.com","$2y$10$69cdyEytZJPXLRk0OAIfFeV1vNnDYdC.6moeOAsfXIwRpnB0wib4m","");
INSERT INTO usuario VALUES("154","4","30318222@gmail.com","$2y$10$d/k4hg6AOAwSWCFOAWxbWOuy67TveDfoiQI4T6QVQ7lcKgcUW3Sty","");
INSERT INTO usuario VALUES("155","4","30894865@gmail.com","$2y$10$KPf/09cVri744okPl/J5ZeKF.aqrExNCh597TH9/79EtGB6p3V8yS","");
INSERT INTO usuario VALUES("156","4","28454122@gmail.com","$2y$10$A0s1PbGfsQSI.yqYF3Aviecj.Pkn/CiyWWgQMiy5i0LPgv7xt8RVe","");
INSERT INTO usuario VALUES("157","4","28646706@gmail.com","$2y$10$Ws/dvLie4ty6HmAaTIeuJuhrd8Y0uFRC34C0vyUFT9MUxzapbpPl6","");
INSERT INTO usuario VALUES("158","4","30668285@gmail.com","$2y$10$TbAe5MaesH.SscSZzPr3M.O4x/U8qDB2XPNxcxCEbtPDKxVsw7I3O","");
INSERT INTO usuario VALUES("159","4","30145618@gmail.com","$2y$10$cqhCNwMwXJn/pD5Vxis1qe6OJSUG/tQy2mmqF0yG/mqhjuCSkNNQ6","");
INSERT INTO usuario VALUES("160","4","19432505@gmail.com","$2y$10$0FTGun8PVay1ImuiYRo6Z.bLSSzniZzYqyPYCAemQfUzPSP3x6nfO","");
INSERT INTO usuario VALUES("161","4","30266398@gmail.com","$2y$10$IBkDiMWx02aMtegdMvyjwu69nUq.TGYNJuppzVhkEJulM/5b2ulZ6","");
INSERT INTO usuario VALUES("162","4","30754113@gmail.com","$2y$10$kIyfs5KD7Us1DH27VliVA.R/m/497w2SbQtVrLWmplgeHpg7O/XQq","");
INSERT INTO usuario VALUES("163","4","30128473@gmail.com","$2y$10$vC9qQY8JgNTLDDkyPaN1v.FTQrJutumglYInyEEbKthC.C4HTFng6","");
INSERT INTO usuario VALUES("164","4","30353397@gmail.com","$2y$10$afLm1ufVdwVv35VaT9FBquanHMVFsSVvkO.TeVgkbPuHEZZV3sjT.","");
INSERT INTO usuario VALUES("165","4","29997704@gmail.com","$2y$10$RhUxAWWAgbDGSFQO3ZbDEuhQ52IlAAZp1.zpfU3rUtQQsHro0b0ta","");
INSERT INTO usuario VALUES("166","4","raymaripaolaromero@gmail.com","$2y$10$cLDz4pVUl4mz7upC77HUHuQHbbpeK.cFjpbfcF7SHeLSFe6h4gGLq","");
INSERT INTO usuario VALUES("167","4","30324954@gmail.com","$2y$10$8zbr.AzrJCPiQckDj/0EaeIuMDrmaIHbNmld0Zf3UYox/hujAbuw.","");
INSERT INTO usuario VALUES("168","4","moisescontrerasxde@gmail.com","$2y$10$PdMNt4364KlEmBeK.XechuEzyFmgASb7T7fttach3rCa5r83Pn7T.","");
INSERT INTO usuario VALUES("169","4","28406924@gmail.com","$2y$10$T69rMW7h7Nr/ehxcTeOgx.xH8A04oYfGjAX2LcMvhaFvAsIgnJVKK","");
INSERT INTO usuario VALUES("170","4","frangher200@gmail.com","$2y$10$2QAplVZ6bYweNdD7XZQHreX.dlymtIugsAAIBy7PoUI6/8mwc3Faq","");
INSERT INTO usuario VALUES("171","4","28297900@gmail.com","$2y$10$kfCsdxtAMnMlP4FVnF./QO/qLiSyV6TBI5FRYhnswxIadZYVXj.iu","");
INSERT INTO usuario VALUES("172","4","josmercueri@gmail.com","$2y$10$j6Q9uuI7GrdEG8iei2Go2OidgEXZoquGL2zfXKISD67JPKGQ1uUdG","");
INSERT INTO usuario VALUES("173","4","adriantdp.123@gmail.com","$2y$10$eCpJL2VyCJpVFFzFKq/s7eeccs9m/L2BdOJ5uNINNBQwQgAcY./JK","");
INSERT INTO usuario VALUES("174","4","30125965@gmail.com","$2y$10$xLe3ADDpqF4j1BL2uaIFjuSJh0oZFdvA9NdBc49O0HlBn1Lkq6BPe","");
INSERT INTO usuario VALUES("175","4","30979558@gmail.com","$2y$10$fJthCNWtopDGoJaI9trD/OnFWNe5pgLiRhhmS3Lgou1tADhLN2XPe","");
INSERT INTO usuario VALUES("176","4","30129964@gmail.com","$2y$10$1gEiml1iWu9CP710/lQkvOk.KJg23kBzv6Z0U1NQFzdcgQ6v7uZEi","");
INSERT INTO usuario VALUES("177","4","30560426@gmail.com","$2y$10$6s3/qnoO6qLxLjoFeCDB1.FBTDrAVSO/KbQLjZ1.D8osQBY0O.p2W","");
INSERT INTO usuario VALUES("178","4","30753955@gmail.com","$2y$10$g.XACNhsEeiO0y0mmIYKkuZomIlhKCy63fNgSt0dPgjf29Jk4gZBS","");
INSERT INTO usuario VALUES("179","4","28256789@gmail.com","$2y$10$c2gQyxqVC4AWMVHbSRFQ8uuMKVJoAX30fIeh9WMoKHOYYyhnHxN4W","");
INSERT INTO usuario VALUES("180","4","simonjfd21103@gmail.com","$2y$10$VSgoEYBmKQygIY2HxQp6XeYBM0DSWOUy.gbt4u03Y9lp48hwXOfci","");
INSERT INTO usuario VALUES("181","4","30664596@gmail.com","$2y$10$M9NVa.sdX7o20OAtDVWoK.20s0M6o//HY0as1pjPYcAOEs5SQqjia","");
INSERT INTO usuario VALUES("182","4","arriechejhonangel@gmail.com","$2y$10$7Ysv1CiXBhLv5Dwgj6LHE.lwquo1lbPsDJCAc1vvCjQg73sGBmDP2","");
INSERT INTO usuario VALUES("183","4","aguerowilker@gmail.com","$2y$10$q1Jhp2fttf1rUYcwg5joJuRfMQ4f.3fg2s19Z2o0Ph2FIUpqomd/u","");
INSERT INTO usuario VALUES("184","4","rosaisabelperezgom@gmail.com","$2y$10$Rzy9rqlrNnSehcxwNM4nc.JQvtI9fE.lZRPvDxjozK.emPWb.KFVS","");
INSERT INTO usuario VALUES("185","4","25961485@gmail.com","$2y$10$0co2SERFBbo8Za.sCliYrOPnw5y9IclrrUfdoKuv2Mh4aCywl9VJW","");
INSERT INTO usuario VALUES("186","4","30759776@gmail.com","$2y$10$760ga/m36ms3aRaULI1xtuW3GRcOH7LBcZl07Z.6Wtb9IeZZW1mPy","");
INSERT INTO usuario VALUES("187","4","30095928@gmail.com","$2y$10$ipRDpfRRciMMrwcsgtNfseGLPN.Zm/8QGUU9em./XKps3aXhosN16","");
INSERT INTO usuario VALUES("188","4","31258935@gmail.com","$2y$10$ONwhEBxVK5RMV6pIFbGhv.IueArcqjcLQA6npgzK1jqMHeE7VuYAu","");
INSERT INTO usuario VALUES("189","4","30434563@gmail.com","$2y$10$9eCbhMP1RF1IElGaRgfUEOoSmJqn8OZM.bNkOtVRQyvdKnubZReLS","");
INSERT INTO usuario VALUES("190","4","danielmujica755@gdamail.com","$2y$10$9YCqJqCJsifFuIngROJ25ei6WGWYUzjd7aECNe/USBIywa/ZqEH7a","");
INSERT INTO usuario VALUES("191","4","freiderstevenguedezherrera@gmail.com","$2y$10$P3Ravd0k8RfCo7Lba0Eh4O2mgq2g86sRBIoZI8AWQxaUIoLhl5xvO","");
INSERT INTO usuario VALUES("192","4","raptorgames1234@gmail.com","$2y$10$ZFTtsR/4jsqLYZtabq2beu5HjfgHMbJ5Kmb0DaJfONBNorLO00fXW","");
INSERT INTO usuario VALUES("193","4","david.oliveira201612@gmail.com","$2y$10$7rVSSNh/JjGqgIl.UZzFgu1bMGc71eznNTOkrvJ252n47liqELR2S","");
INSERT INTO usuario VALUES("194","4","fenixromanramirez@gmail.com","$2y$10$v/yLGOCflTsSTT5iHLS2Ie28/El0VOYHuE/tSdgabj0nDiCzN1JhO","");
INSERT INTO usuario VALUES("195","4","30664778@gmail.com","$2y$10$UWbd3P4wepfhQJCem366QeE9et/KfYyn3sCJfSaeSe.aSR1hziYn2","");
INSERT INTO usuario VALUES("196","4","30128602@gmail.com","$2y$10$oNo7rq8rBs87OfMkiN2cJeAlcAKp9WNah5tWwEHc4sW26aA5zm95i","");
INSERT INTO usuario VALUES("197","4","30591468@gmail.com","$2y$10$HL6JkylMNj5LS9NnmuV/YOoZPheutwH17B58gU7yNlkZKVH5LKgSK","");
INSERT INTO usuario VALUES("198","4","30591468@gmail.com","$2y$10$wzs9Qm/B0g7kdSoPhLfbY.dcWWQQdMHlvmnQI6w.yM5Sp0mD3moCW","");
INSERT INTO usuario VALUES("199","4","27736558@gmail.com","$2y$10$cV.F1FqhHD7rawoTuo58H.Gyjza71vUWai.umUVKykFz.IomJT2VW","");
INSERT INTO usuario VALUES("200","4","29624981@gmail.com","$2y$10$iMRtIaZbtAkAHz.Zfse7..EAY5EUM4M6dYiwQaqHhhtqhoGonP6S6","");
INSERT INTO usuario VALUES("201","4","28493197@gmail.com","$2y$10$ftIDYQJB5vYALWoA1WwQfOGxGSrzOcNTTRB6HhFlcLNQTbphOKswS","");
INSERT INTO usuario VALUES("202","4","30587785@gmail.com","$2y$10$B.xySZkhMsUgbZ3l3ME/xeQi5M4guEGrFyPXwiDtvW8KPKWVowcIm","");
INSERT INTO usuario VALUES("203","4","31194917@gmail.com","$2y$10$KdX7jTV3HCvmbtoPARCCZ.EivHHaHpJUuN7VtaAUgBnnMtiA.uzem","");
INSERT INTO usuario VALUES("204","4","30454597@gmail.com","$2y$10$fwbnzd98jTir.laxSkkNQuLbDNNx5X8SwlJlF1rCrRe7V2cRUIIOi","");
INSERT INTO usuario VALUES("205","4","30753995@GMAIL.COM","$2y$10$uD7tPm1cnqN4O66XizYKMOFCS4IuoW0zRfKTFEFHTB/kxAF6iJsje","");
INSERT INTO usuario VALUES("206","4","31271852@gmail.com","$2y$10$thmQNPCPodw5LbFK4bGt1utYQX7aSnKjHENHvgVbIO9XxePoI5x22","");
INSERT INTO usuario VALUES("207","4","30754260@gmail.com","$2y$10$o.2ckk77OyK71WeXVeUMp.SiinkHQoYvIrtg7Y6SDzH8PUjVrSRPK","");
INSERT INTO usuario VALUES("208","4","31464007@gmail.com","$2y$10$UevC/d3DZv8FkGLgCy9Bmuy433srI4KUf.PpGrfTB4.tsBJakUd7O","");
INSERT INTO usuario VALUES("209","4","30560144@gmail.com","$2y$10$N7Hf9uI4L9YiJWiUt7KlQea4gtUV5XP68bQpB4p/SB334GwcxT7QO","");
INSERT INTO usuario VALUES("210","4","30560560@gmail.com","$2y$10$5qv9UPyn1nAPMwyqS01j2.pP3kvrNtFINBqAqCGEiUq7kKQPaVbRS","");
INSERT INTO usuario VALUES("211","4","28019244@gmail.com","$2y$10$jOZa5GVava4ugp8OcOk56uFFdUzIWKk0YqpInvRvnVQBBa2nyHEp2","");
INSERT INTO usuario VALUES("212","4","27411195@gmail.com","$2y$10$LaAEerM7w34fE/3DZkyzn.yF4.HX0o8CLLDhkaQ8Csf8CF7YZflA.","");
INSERT INTO usuario VALUES("213","4","26800302@gmail.com","$2y$10$QRKZkSDrMyADBgzmCg/ZQeD17IOiyNXs2rHcnWbTzfTD58vcEeeFS","");
INSERT INTO usuario VALUES("214","4","32023069@gmail.com","$2y$10$68AWOUyA9n68YwxuKBWnMOE3ae/tHdLYZKQien6Xy0zdru.4/Tfy6","");
INSERT INTO usuario VALUES("215","4","29944858@gmail.com","$2y$10$nM1M5S0TVLTLfbd8vEq0IezIFVPfLn6X9eOPdTZlmNm309h8Eqyt.","");
INSERT INTO usuario VALUES("216","4","30266400@gmail.com","$2y$10$r1MYN4qq0T0E9DH2y/pbCumSDaI9soMsh04GP.eZKuVyiavI8/hFq","");
INSERT INTO usuario VALUES("217","4","30694379@gmail.com","$2y$10$7pCAWGd/VRKiu8k0kDE1Tu67ZfY2T9lUqDGrla6Kn890tR1uOOqD6","");
INSERT INTO usuario VALUES("218","4","30479630@gmail.com","$2y$10$GZeetOCITBPTeRXc2STQDe2PKJuDo2fsDTSIk6S/vvWv5Fw4W2rgK","");
INSERT INTO usuario VALUES("219","4","30588476@gmail.com","$2y$10$hkV.cM4jpsIGvJznfQe5fegWnTKfwHCUW4jpnbDZSXTNqeo8xeIFu","");
INSERT INTO usuario VALUES("220","4","29976008@gmail.com","$2y$10$HpGb7b8zNOJ9RSYgmBZOBeqCyf9O90xNhz5QSE2haOwoKpMaHsv5a","");
INSERT INTO usuario VALUES("221","4","30014771@gmail.com","$2y$10$JaU56cHEwdh5nYDvqLTpyekhaF..bo7JHVtJy9JdXtajpeJasTQuG","");
INSERT INTO usuario VALUES("222","4","30405793@gmail.com","$2y$10$zjgLhdz4thr2/JNZXmgj/uOT62fyBT/CKhoXnTf3SbaG1MawEoDta","");
INSERT INTO usuario VALUES("223","4","30979806@gmail.com","$2y$10$p.JgRQzm7bsIEWnqYgkGcum1do3U7pYjXY/821qKPof8fSE6WI.TG","");
INSERT INTO usuario VALUES("224","4","31550201@gmail.com","$2y$10$UsdcyXfkbsBZoJ6V8sYXkeo7qW1WYkaS551LdT7LRL7j7uM9Z2Ss2","");
INSERT INTO usuario VALUES("225","4","30105192@gmail.com","$2y$10$6zYC3OFmq8sPVbF2BuswZe2Z11nOIaI4RP/hHFinDDwwCWJ17QsZi","");
INSERT INTO usuario VALUES("226","4","30396184@gmail.com","$2y$10$oIePmwqKac7cSx/IlhrktOXkYtxbna66QXgttZA2QrpLvP8djra3S","");
INSERT INTO usuario VALUES("227","4","20009949@gmail.com","$2y$10$VfldbALcMvW9sfbYVF2xLuKcpz29dHXML3hDIhYWwKO3dmNF0zkIK","");
INSERT INTO usuario VALUES("228","4","31233952@gmail.com","$2y$10$5hEjUOmfc0tMVPgUIfWeAeojQVa07RsuqBsYXendorxGiaXWqdny.","");
INSERT INTO usuario VALUES("229","4","31388606@gmail.com","$2y$10$6IplYvBkqO0juwucCg3VWO09NWdOQPHSVN8k.VEjsTfbAOmAkbITC","");
INSERT INTO usuario VALUES("230","4","30716405@gmail.com","$2y$10$hrewEXqxOEB/EhASi7eFW.lou/6a/BntbRKGdJkRtLeMwHVau2zra","");
INSERT INTO usuario VALUES("231","4","31766216@gmail.com","$2y$10$6/5wb6cimUw4F35aNI2g0OeBIWvCMvMe6/rjjKqO7n3.yPV1u.DmO","");
INSERT INTO usuario VALUES("232","4","30621851@gmail.com","$2y$10$NIBvMwhB8R.Fou9TOLQ8i.iWw3oAdsY58e91WP33UzOCyG2jAtce6","");
INSERT INTO usuario VALUES("233","4","31026149@gmail.com","$2y$10$qS3rutuI3faHi1ED8KMvo.0HVzq1wAB77nkvks79sb7VIiU8VljNK","");
INSERT INTO usuario VALUES("234","4","30846149@gmail.com","$2y$10$OY3.UZ0SgfUZCRsqjNHUNejCWhKGCCVZCeHfky6lyTyaAAKl70KHe","");
INSERT INTO usuario VALUES("235","4","31066519@gmail.com","$2y$10$UuHE8PYOouQSiIGxQEz6cenuY/ispCWRGpjyBfgv/iXFVENIXEv..","");
INSERT INTO usuario VALUES("236","4","31066519@gmail.com","$2y$10$ecOi1I.Wh7jweYoI0bsasOt8/iue3nZQ4w4gPP23u/MZNq8TF1Vfy","");
INSERT INTO usuario VALUES("237","4","31111539@gmail.com","$2y$10$brsayW2YhlPmfWOzenxdO.GYqtqmtw/XlTOuZdP3GNA2xXYIJGnK2","");
INSERT INTO usuario VALUES("238","4","31986901@gmail.com","$2y$10$lOZ2hrc2k9V5VdydhSRt0OMPAyEXUvjnuAVEyiCj3NlL3ona8CG7W","");
INSERT INTO usuario VALUES("239","4","26779660@gmail.com","$2y$10$zyB9ipx2QwLoHVRV9dFroOmDp6jOchAbUxPE2oOMCeVTqOfO8nsNW","");
INSERT INTO usuario VALUES("240","4","31366952@gmail.com","$2y$10$MGbFR3zpd1g3eg2pAMWXlORMUU2aww6lqKwlMEmNQXnZg32sJbTs.","");
INSERT INTO usuario VALUES("241","4","31117996@gmail.com","$2y$10$dc/GP6iyumXMQw1A1ltNxeZ/20jSqlhyzexKhUsJAiXlLLF2xdi7m","");
INSERT INTO usuario VALUES("242","4","635782@gmail.com","$2y$10$R.7tsAOicKDTdGmUkA13AuPRG28Pzs/108uWm9/XAEH8hm6st5lBy","");
INSERT INTO usuario VALUES("243","4","adsasdasq@gmail.com","$2y$10$Kj.ThznJ2F24pg3skrfN8O4Oq5dRbz66HPH5LozV0glnyYnamO.Rm","");
INSERT INTO usuario VALUES("244","4","28516209@gmail.com","$2y$10$mn9m.lZSCYmoYHsWm5azieMu9MZqOB0BN.FxCQXNESGwGHfKzpIC6","");
INSERT INTO usuario VALUES("245","4","31401678@gmail.com","$2y$10$FVlIdrTAVFDcS9AhzmAN3uqJyTcWMJYwEStgJU/d.mX5Mfae9N/eq","");
INSERT INTO usuario VALUES("246","4","30894974@gmail.com","$2y$10$75GQKbl/c.1Wx3Z6XDGTb.pB1RV7Gm28zFQv3tbLh4qawSbS48Liu","");
INSERT INTO usuario VALUES("247","4","30675539@gmail.com","$2y$10$.rNjYFKwgy9/iF.6rwcwAeZOiHUF6JnACdEG2RglUOxlGLbwwRr62","");
INSERT INTO usuario VALUES("248","4","30657597@gmail.com","$2y$10$6NNdWnUqF4/z0.ls80jYXe9JqfvKQLS7DZewLeCuGhod.TdTApbA2","");
INSERT INTO usuario VALUES("249","4","31162171@gmail.com","$2y$10$TdadS9ju4w8pAID3wh/Xhu3Zi8t8gvMU20bNzTqiOskoqUaqHugn6","");
INSERT INTO usuario VALUES("250","4","29805941@gmail.com","$2y$10$UdcpYiW9Sx9kmuXRDXF4J.IwFjPtasMpTw.eTHr4yMrers2yRqnua","");
INSERT INTO usuario VALUES("251","4","30353577@gmail.com","$2y$10$7IRY1xtXoa5vTR4VUOr9ROwUxeapT96tKMYQSRhzkH6kSxChDal4u","");
INSERT INTO usuario VALUES("252","4","32593540@gmail.com","$2y$10$kFI9idXlqLGY0mSNdONJneV6MfMGnw6e5KDJe8cU22XFbX2b6YOz2","");
INSERT INTO usuario VALUES("253","4","31835884@gmail.com","$2y$10$Q5h3T4QxBp6B93PITebzKOUCWQB3SBAEIrKzekPajcKGlH1HWa9qi","");
INSERT INTO usuario VALUES("254","4","31018229@gmail.com","$2y$10$/B3j7MM5Km/CaeUa3wOmgevR7wwpWSgRn7uKK4zpyrgvnmWAQD6Zy","");
INSERT INTO usuario VALUES("255","4","30324703@gmail.com","$2y$10$FEs.6hAK8apscxjcMCUr2eCI/WaQQ34S1WjFzJCUZp9H9tc.7H162","");
INSERT INTO usuario VALUES("256","4","30621800@gmail.com","$2y$10$unnJbAzrRCr/lxIquXo6K.ZIk5OHk2tM9aCaRI73BtzPCco9pUsm.","");
INSERT INTO usuario VALUES("257","4","30601666@gmail.com","$2y$10$uIkcCOPn0GGw8VeTAj/irOjZaqfJR6FPG5p.owLNpaCusPLYrANqu","");
INSERT INTO usuario VALUES("258","4","31272034@gmail.com","$2y$10$1mTfjD8Btc8ST.2xTE2fM.Pt7u2Wi9d1Zy2AMl8uZ90kjUMTBxrS6","");
INSERT INTO usuario VALUES("259","4","31018207@gmail.com","$2y$10$tu.h1VijawsDsZFgg2GO.udJ3gYdi55BL15CRWdNwjV9WlB/1WwVS","");
INSERT INTO usuario VALUES("260","4","30803623@gmail.com","$2y$10$HDjcpxFc1EK8CuVtzMO/zOnSwrmg6Wj1kAvbXXrkEnWSKnMU/n9Bi","");
INSERT INTO usuario VALUES("261","4","30448190@gmail.com","$2y$10$FnsYi2t9Lq4ZQ7SIarEDOeK6FnYEeoXO8BHkZHhbckKNjlQ7J/uPy","");
INSERT INTO usuario VALUES("262","4","31118074@gmail.com","$2y$10$cs5Uwf4yxgXQtOTxMWDXfum9Sr17EMVi1uZteYbQUyEjcL9/8WXwe","");
INSERT INTO usuario VALUES("263","4","31027477@gmail.com","$2y$10$QyFx3JcKnS4MKLW6TLQXue7ZE8474mQHLcCxrlnoR6Z.A5Dnbak9K","");
INSERT INTO usuario VALUES("264","4","30845389@gmail.com","$2y$10$2y0oy7ho.O1PdbjCdgrMwe9QBxbkD0h7uAxV1O.VP/xyGCVyzEQG2","");
INSERT INTO usuario VALUES("265","4","31169313@gmail.com","$2y$10$Bcxvb9OIOUSSlLc9rqRPueJLp5NKhClZdQA5plyDHWIqn23PTekZe","");
INSERT INTO usuario VALUES("266","4","30979684@gmail.com","$2y$10$wwqW701.CJ5N6vnBpSxbZO9z9209pZ6GBQSzJDPEkEGFKADv1cnS6","");
INSERT INTO usuario VALUES("267","4","31212573@gmail.com","$2y$10$sC6bAjnJGCxMexxHljW0v.gjnCCF8iPx.SNP/bEp4KFl6q8b4s9Sy","");
INSERT INTO usuario VALUES("268","4","31842780@gmail.com","$2y$10$ahkYjxfCWW88YZCMPpFcvemYz2X3ALDqdG3y5nYiJA1fd2yI9jBEm","");
INSERT INTO usuario VALUES("269","4","30916580@gmail.com","$2y$10$KKtNgaaNshq6yzd0fPxbFeUnVyzq9HKwkGyBxiXicIUFfPP/3a7g2","");
INSERT INTO usuario VALUES("270","4","30987377@gmail.com","$2y$10$yeS0fu3VyIDR/G3GVylhIu5IccSUxf4K9wAbA50QZ/2Gx0ZgCI6qW","");
INSERT INTO usuario VALUES("271","4","31926201@gmail.com","$2y$10$UKmicUm7tfJsdNYRemRG3.7Tb9xx.Q88khFFCqbKon5J9F1TeiuEW","");
INSERT INTO usuario VALUES("272","4","31244876@gmail.com","$2y$10$9ECe98RrXq2Q6sh8z0df0exG9Fw7OKlf2h9DpAtlG192AbDO934Ye","");
INSERT INTO usuario VALUES("273","4","31493172@gmail.com","$2y$10$tfLwZANj54GKhMpY2KeGOu8JKcU4OyETvS6L2eSX7c/y71Jc1a4nC","");
INSERT INTO usuario VALUES("274","4","29623277@gmail.com","$2y$10$2u7JfxtDl9bp/gbZrBZsaOmWtYsDBpZBSCejqno8nTo9r6SNVhI/e","");
INSERT INTO usuario VALUES("275","4","28699599@gmail.com","$2y$10$rV1at5bJxjkNNBovqcoKQ.Ejzh1j7NaXXtJVVOvh/kLInMOExAQhC","");
INSERT INTO usuario VALUES("276","4","25541868@gmail.com","$2y$10$5TV5lu1KEKW.wuw/7JZFm.Hl7uTL.DgOAJgHP2JAd9GE2camdWVgi","");
INSERT INTO usuario VALUES("277","4","26976737@gmail.com","$2y$10$x.ijdGBxoiVUDeaKj/s4Du3woFYX0mzg.y3VgfHR8mSBIcaRBeOOu","");
INSERT INTO usuario VALUES("278","4","29624646@gmail.com","$2y$10$1ad6mCuoTkIyB6.BgAt14eaKOpAa5WphS1KbVAdDFQD4A2Gggrffe","");
INSERT INTO usuario VALUES("279","4","27554490@gmail.com","$2y$10$01WP6DQ/VgKcw55c/N8JgeVU2BCDpaKaFHtu3vVdCiYjeIdW8dvuy","");
INSERT INTO usuario VALUES("280","4","17227723@gmail.com","$2y$10$rbpqM1JKTYDiwpWkdU2WOeUe8hbdJq.ddSsAubtIUPARQntsMIAkK","");
INSERT INTO usuario VALUES("281","4","25526317@gmail.com","$2y$10$MtsXc1RYLcfcutE8wWbqxOCzVnC7rrpUpsf/Sj1gFlZwY1Nivr83S","");
INSERT INTO usuario VALUES("282","4","darlangelinap@gmail.com","$2y$10$F8GT1AGNyTUXcd2NXAM/Ru5Hh836XJusdsMsJoojEU.vIw014XG/C","");
INSERT INTO usuario VALUES("283","4","rizeth16@gmail.com","$2y$10$nKjTRhndUI75vad71WCBRu8epcapCEQiRpZ2paYbWxN6Hzz4KeNl6","");
INSERT INTO usuario VALUES("284","4","fran30kluis@gmail.com","$2y$10$DEVQLi43ZgnzjvyB1S7GCefyccqMYgI97RKKXMW4bw3jZpxg739X.","");
INSERT INTO usuario VALUES("285","4","jesusborzellino@gmail.com","$2y$10$JGvAqJAVLRcSeX8mMIlAceoUumjbxsV5SUZb4TZVrbZdOJ7b76g3i","");
INSERT INTO usuario VALUES("286","2","profesorprueba@gmail.com","$2y$10$6Qbb26NX6KkbXD9u/j/kXO8Hm60hQdA/FkEWS9mDNJubAuCFERU22","");
INSERT INTO usuario VALUES("287","2","pruebadeDB@mail.com","$2y$10$6Qbb26NX6KkbXD9u/j/kXO8Hm60hQdA/FkEWS9mDNJubAuCFERU22","");
INSERT INTO usuario VALUES("288","4","kahckane18@gmail.com","$2y$10$VKh0bkYozziKAbNcxTFGXOY9WAY0KAdjVFsu/inSoeUfGIJgqn6fW","");
INSERT INTO usuario VALUES("289","4","kahckane18@gmail.com","$2y$10$sqnHUkn5RYb68E64fW/wVeemF0U.kv1/.v2Bcpv8b7bs.tGV/TeoG","");
INSERT INTO usuario VALUES("290","4","kahckane18@gmail.com","$2y$10$1L40CWyPLUGyGO5ezo3MeubSnB6z7Efi.tjvVfrrvTsh1vToEnCi.","");



SET FOREIGN_KEY_CHECKS=1;
DELETE FROM bitacora WHERE fecha > "2024-03-21 20:25:13";